transaction_id,employee_id,department,role,transaction_date,base_amount,overtime_hours,overtime_amount,total_amount,approver_id,processed_timestamp
TXN00000001,EMP0001,Operations,Operations Analyst,2022-01-01,5509.53,7.0,333.05,5842.59,MGR019,2022-01-01 17:00:00
TXN00000002,EMP0002,Operations,Operations Lead,2022-01-01,9841.05,5.3,447.45,10288.49,MGR019,2022-01-01 13:00:00
TXN00000003,EMP0003,Sales,Senior Sales,2022-01-01,6221.04,6.8,364.81,6585.85,MGR009,2022-01-01 15:00:00
TXN00000004,EMP0004,Operations,Operations Manager,2022-01-01,9555.93,0.0,0.0,9555.93,MGR019,2022-01-01 17:00:00
TXN00000005,EMP0005,Engineering,Engineering Manager,2022-01-01,11100.7,0.0,0.0,11100.7,MGR013,2022-01-01 16:00:00
TXN00000006,EMP0006,Engineering,Junior Dev,2022-01-01,4351.95,1.2,43.46,4395.41,MGR013,2022-01-01 14:00:00
TXN00000007,EMP0007,Sales,Sales Rep,2022-01-01,4859.16,0.0,0.0,9718.32,MGR009,2022-01-01 16:00:00
TXN00000008,EMP0008,Sales,Regional Director,2022-01-01,11731.85,0.0,0.0,11731.85,MGR009,2022-01-01 15:00:00
TXN00000009,EMP0009,Finance,Finance Manager,2022-01-01,9764.7,0.0,0.0,9764.7,MGR017,2022-01-01 10:00:00
TXN00000010,EMP0010,Sales,Regional Director,2022-01-01,12894.02,1.0,116.17,13010.19,MGR009,2022-01-01 15:00:00
TXN00000011,EMP0011,Marketing,Marketing Coord,2022-01-01,4135.09,3.3,119.84,4254.93,MGR019,2022-01-01 15:00:00
TXN00000012,EMP0012,Marketing,Marketing Coord,2022-01-01,3799.77,0.0,0.0,3799.77,MGR019,2022-01-01 12:00:00
TXN00000013,EMP0013,Finance,Analyst,2022-01-01,5381.41,0.0,0.0,5381.41,MGR017,2022-01-01 11:00:00
TXN00000014,EMP0014,Marketing,Marketing Manager,2022-01-01,9388.76,0.0,0.0,9388.76,MGR019,2022-01-01 12:00:00
TXN00000015,EMP0015,Engineering,Engineering Manager,2022-01-01,10337.47,0.0,0.0,10337.47,MGR013,2022-01-01 16:00:00
TXN00000016,EMP0016,Engineering,Engineering Manager,2022-01-01,10474.68,0.0,0.0,10474.68,MGR013,2022-01-01 15:00:00
TXN00000017,EMP0017,HR,HR Specialist,2022-01-01,5395.52,6.6,306.29,5701.81,MGR014,2022-01-01 11:00:00
TXN00000018,EMP0018,HR,HR Specialist,2022-01-01,6806.67,0.4,22.0,6828.67,MGR014,2022-01-01 12:00:00
TXN00000019,EMP0019,Sales,Sales Rep,2022-01-01,4156.24,4.3,154.67,4310.91,MGR009,2022-01-01 15:00:00
TXN00000020,EMP0020,Operations,Operations Analyst,2022-01-01,5491.77,0.3,15.2,5506.97,MGR019,2022-01-01 09:00:00
TXN00000021,EMP0021,Engineering,Senior Dev,2022-01-01,6337.25,3.6,198.62,6535.86,MGR013,2022-01-01 12:00:00
TXN00000022,EMP0022,Finance,Finance Manager,2022-01-01,9664.68,0.0,0.0,9664.68,MGR017,2022-01-01 11:00:00
TXN00000023,EMP0023,Operations,Operations Lead,2022-01-01,8677.93,0.0,0.0,8677.93,MGR019,2022-01-01 12:00:00
TXN00000024,EMP0024,Marketing,Marketing Specialist,2022-01-01,5327.61,0.3,12.26,5339.88,MGR019,2022-01-01 13:00:00
TXN00000025,EMP0025,Operations,Operations Lead,2022-01-01,8975.51,0.0,0.0,8975.51,MGR019,2022-01-01 13:00:00
TXN00000026,EMP0026,Operations,Operations Manager,2022-01-01,12600.78,0.0,0.0,12600.78,MGR019,2022-01-01 16:00:00
TXN00000027,EMP0027,HR,HR Manager,2022-01-01,13014.25,0.0,0.0,13014.25,MGR014,2022-01-01 09:00:00
TXN00000028,EMP0028,HR,HR Manager,2022-01-01,11875.28,0.0,0.0,11875.28,MGR014,2022-01-01 10:00:00
TXN00000029,EMP0029,Sales,Regional Director,2022-01-01,11348.67,0.0,0.0,11348.67,MGR009,2022-01-01 10:00:00
TXN00000030,EMP0030,Marketing,Marketing Manager,2022-01-01,8684.42,0.0,0.0,8684.42,MGR019,2022-01-01 11:00:00
TXN00000031,EMP0031,HR,HR Coord,2022-01-01,3891.72,0.3,8.81,3900.53,MGR014,2022-01-01 14:00:00
TXN00000032,EMP0032,Marketing,Marketing Coord,2022-01-01,4484.93,0.0,0.0,4484.93,MGR019,2022-01-01 10:00:00
TXN00000033,EMP0033,Engineering,Tech Lead,2022-01-01,9459.479810145094,0.0,0.0,9459.479810145094,MGR013,2022-01-01 11:00:00
TXN00000034,EMP0034,Marketing,Marketing Coord,2022-01-01,3850.71,1.7,55.19,3905.9,MGR019,2022-01-01 09:00:00
TXN00000035,EMP0035,HR,HR Manager,2022-01-01,9869.11,0.0,0.0,9869.11,MGR014,2022-01-01 14:00:00
TXN00000036,EMP0036,Sales,Regional Director,2022-01-01,14237.79,2.0,250.8,14488.59,MGR009,2022-01-01 14:00:00
TXN00000037,EMP0037,Operations,Operations Lead,2022-01-01,8275.66,1.9,135.86,8411.52,MGR019,2022-01-01 13:00:00
TXN00000038,EMP0038,Marketing,Marketing Coord,2022-01-01,4547.26,0.4,14.93,4562.19,MGR019,2022-01-01 16:00:00
TXN00000039,EMP0039,Operations,Operations Manager,2022-01-01,10954.57,0.0,0.0,10954.57,MGR019,2022-01-01 15:00:00
TXN00000040,EMP0040,Marketing,Marketing Manager,2022-01-01,9598.62,0.0,0.0,9598.62,MGR019,2022-01-01 14:00:00
TXN00000041,EMP0041,Finance,Controller,2022-01-01,13631.32,0.0,0.0,13631.32,MGR017,2022-01-01 08:00:00
TXN00000042,EMP0042,Sales,Senior Sales,2022-01-01,6548.4,9.8,556.72,7105.13,MGR009,2022-01-01 11:00:00
TXN00000043,EMP0043,Finance,Analyst,2022-01-01,4795.53,1.0,41.89,4837.42,MGR017,2022-01-01 14:00:00
TXN00000044,EMP0044,Engineering,Senior Dev,2022-01-01,7801.12,0.0,0.0,7801.12,MGR013,2022-01-01 14:00:00
TXN00000045,EMP0045,Sales,Regional Director,2022-01-01,15087.19,9.9,1293.69,16380.88,MGR009,2022-01-01 17:00:00
TXN00000046,EMP0046,Engineering,Engineering Manager,2022-01-01,9386.42,0.0,0.0,9386.42,MGR013,2022-01-01 08:00:00
TXN00000047,EMP0047,HR,HR Specialist,2022-01-01,6140.56,6.7,353.55,6494.1,MGR014,2022-01-01 17:00:00
TXN00000048,EMP0048,Marketing,Marketing Manager,2022-01-01,11348.61,38.442626510588205,3775.416712306671,15124.026712306671,MGR019,2022-01-01 14:00:00
TXN00000049,EMP0049,Operations,Operations Manager,2022-01-01,10413.0,0.0,0.0,10413.0,MGR019,2022-01-01 15:00:00
TXN00000050,EMP0050,Operations,Operations Manager,2022-01-01,8475.73,0.0,0.0,8475.73,MGR019,2022-01-01 08:00:00
TXN00000051,EMP0051,Operations,Operations Lead,2022-01-01,8038.62,3.0,207.16,8245.78,MGR019,2022-01-01 13:00:00
TXN00000052,EMP0052,Marketing,Marketing Specialist,2022-01-01,5324.96,1.8,83.79,5408.76,MGR019,2022-01-01 12:00:00
TXN00000053,EMP0053,Finance,Analyst,2022-01-01,5776.99,2.6,131.66,5908.64,MGR017,2022-01-01 14:00:00
TXN00000054,EMP0054,Operations,Operations Lead,2022-01-01,9246.61,0.0,0.0,9246.61,MGR019,2022-01-01 14:00:00
TXN00000055,EMP0055,Sales,Sales Rep,2022-01-01,4055.4,1.0,34.73,4090.12,MGR009,2022-01-01 16:00:00
TXN00000056,EMP0056,Marketing,Marketing Manager,2022-01-01,9397.26,0.0,0.0,9397.26,MGR019,2022-01-01 16:00:00
TXN00000057,EMP0057,HR,HR Coord,2022-01-01,4940.74,0.0,0.0,4940.74,MGR014,2022-01-01 17:00:00
TXN00000058,EMP0058,Marketing,Marketing Coord,2022-01-01,4632.85,2.9,116.42,4749.27,MGR019,2022-01-01 11:00:00
TXN00000059,EMP0059,HR,HR Coord,2022-01-01,4391.67,0.6,23.76,4415.43,MGR014,2022-01-01 15:00:00
TXN00000060,EMP0060,Marketing,Marketing Specialist,2022-01-01,6353.27,1.3,71.91,6425.17,MGR019,2022-01-01 11:00:00
TXN00000061,EMP0061,Engineering,Tech Lead,2022-01-01,10811.75,64.80010998467552,6062.90702128975,16874.65702128975,MGR013,2022-01-01 12:00:00
TXN00000062,EMP0062,Sales,Sales Rep,2022-01-01,4176.52,0.2,8.77,4185.29,MGR009,2022-01-01 14:00:00
TXN00000063,EMP0063,HR,HR Coord,2022-01-01,3739.19,0.0,0.0,3739.19,MGR014,2022-01-01 15:00:00
TXN00000064,EMP0064,Operations,Operations Lead,2022-01-01,10674.03,0.0,0.0,10674.03,MGR019,2022-01-01 08:00:00
TXN00000065,EMP0065,HR,HR Coord,2022-01-01,3485.37,2.3,69.5,3554.87,MGR014,2022-01-01 14:00:00
TXN00000066,EMP0066,Operations,Operations Lead,2022-01-01,8672.28,5.0,378.45,9050.73,MGR019,2022-01-01 13:00:00
TXN00000067,EMP0067,Sales,Sales Manager,2022-01-01,8948.71,0.0,0.0,8948.71,MGR009,2022-01-01 14:00:00
TXN00000068,EMP0068,HR,HR Specialist,2022-01-01,6299.01,0.0,0.0,6299.01,MGR014,2022-01-01 10:00:00
TXN00000069,EMP0069,HR,HR Manager,2022-01-01,10795.65,0.0,0.0,10795.65,MGR014,2022-01-01 15:00:00
TXN00000070,EMP0070,Sales,Sales Manager,2022-01-01,10977.25,0.0,0.0,10977.25,MGR009,2022-01-01 10:00:00
TXN00000071,EMP0071,Operations,Operations Manager,2022-01-01,11742.36,0.0,0.0,11742.36,MGR019,2022-01-01 17:00:00
TXN00000072,EMP0072,Finance,Controller,2022-01-01,11907.85,0.0,0.0,11907.85,MGR017,2022-01-01 16:00:00
TXN00000073,EMP0073,Sales,Senior Sales,2022-01-01,6441.24,1.6,90.59,6531.83,MGR009,2022-01-01 08:00:00
TXN00000074,EMP0074,Marketing,Marketing Coord,2022-01-01,4266.93,0.0,0.0,4266.93,MGR019,2022-01-01 14:00:00
TXN00000075,EMP0075,HR,HR Coord,2022-01-01,3464.27,0.0,0.0,3464.27,MGR014,2022-01-01 17:00:00
TXN00000076,EMP0076,Sales,Sales Rep,2022-01-01,4965.61,0.1,3.44,4969.05,MGR009,2022-01-01 17:00:00
TXN00000077,EMP0077,Operations,Operations Manager,2022-01-01,9171.93,0.0,0.0,9171.93,MGR019,2022-01-01 08:00:00
TXN00000078,EMP0078,Sales,Sales Rep,2022-01-01,5064.91,0.0,0.0,5064.91,MGR009,2022-01-01 09:00:00
TXN00000079,EMP0079,Marketing,Marketing Coord,2022-01-01,4532.56,2.7,106.11,4638.67,MGR019,2022-01-01 14:00:00
TXN00000080,EMP0080,Sales,Sales Manager,2022-01-01,9838.75,0.0,0.0,9838.75,MGR009,2022-01-01 10:00:00
TXN00000081,EMP0081,Finance,Senior Analyst,2022-01-01,6995.72,0.0,0.0,6995.72,MGR017,2022-01-01 15:00:00
TXN00000082,EMP0082,Sales,Regional Director,2022-01-01,14093.38,0.0,0.0,14093.38,MGR009,2022-01-01 10:00:00
TXN00000083,EMP0083,Finance,Controller,2022-01-01,11415.72,0.0,0.0,11415.72,MGR017,2022-01-01 08:00:00
TXN00000084,EMP0084,Engineering,Junior Dev,2022-01-01,4337.7,1.6,60.34,4398.04,MGR013,2022-01-01 12:00:00
TXN00000085,EMP0085,Finance,Finance Manager,2022-01-01,8923.43,0.0,0.0,8923.43,MGR017,2022-01-01 14:00:00
TXN00000086,EMP0086,Finance,Controller,2022-01-01,12270.85,0.0,0.0,12270.85,MGR017,2022-01-01 13:00:00
TXN00000087,EMP0087,Engineering,Junior Dev,2022-01-01,4674.43,0.0,0.0,4674.43,MGR013,2022-01-01 11:00:00
TXN00000088,EMP0088,Finance,Finance Manager,2022-01-01,11309.349980945064,0.0,0.0,11309.349980945064,MGR017,2022-01-01 15:00:00
TXN00000089,EMP0089,Sales,Senior Sales,2022-01-01,7486.15,0.0,0.0,7486.15,MGR009,2022-01-01 13:00:00
TXN00000090,EMP0090,HR,HR Specialist,2022-01-01,6199.09,0.0,0.0,6199.09,MGR014,2022-01-01 13:00:00
TXN00000091,EMP0091,Finance,Senior Analyst,2022-01-01,6591.18,4.4,250.74,6841.91,MGR017,2022-01-01 14:00:00
TXN00000092,EMP0092,Finance,Senior Analyst,2022-01-01,8736.74,0.0,0.0,8736.74,MGR017,2022-01-01 12:00:00
TXN00000093,EMP0093,Finance,Analyst,2022-01-01,4894.09,0.0,0.0,4894.09,MGR017,2022-01-01 14:00:00
TXN00000094,EMP0094,Operations,Operations Manager,2022-01-01,11594.89,0.0,0.0,11594.89,MGR019,2022-01-01 12:00:00
TXN00000095,EMP0095,Engineering,Senior Dev,2022-01-01,7052.01,9.2,563.93,7615.94,MGR013,2022-01-01 09:00:00
TXN00000096,EMP0096,Finance,Controller,2022-01-01,11717.78,0.0,0.0,11717.78,MGR017,2022-01-01 15:00:00
TXN00000097,EMP0097,Sales,Regional Director,2022-01-01,15462.52,0.8,104.21,15566.73,MGR009,2022-01-01 08:00:00
TXN00000098,EMP0098,Sales,Regional Director,2022-01-01,12561.59,2.9,313.94,12875.53,MGR009,2022-01-01 16:00:00
TXN00000099,EMP0099,Finance,Finance Manager,2022-01-01,12220.41,0.0,0.0,12220.41,MGR017,2022-01-01 08:00:00
TXN00000100,EMP0100,Marketing,Marketing Specialist,2022-01-01,6612.31,2.2,126.11,6738.41,MGR019,2022-01-01 13:00:00
TXN00000101,EMP0101,Operations,Operations Manager,2022-01-01,10528.67,0.0,0.0,10528.67,MGR019,2022-01-01 11:00:00
TXN00000102,EMP0102,Operations,Operations Lead,2022-01-01,8989.25,5.7,446.16,9435.41,MGR019,2022-01-01 09:00:00
TXN00000103,EMP0103,Sales,Sales Manager,2022-01-01,10360.5,0.0,0.0,10360.5,MGR009,2022-01-01 08:00:00
TXN00000104,EMP0104,Engineering,Junior Dev,2022-01-01,4175.23,0.0,0.0,4175.23,MGR013,2022-01-01 08:00:00
TXN00000105,EMP0105,Engineering,Junior Dev,2022-01-01,3797.97,0.4,14.19,3812.16,MGR013,2022-01-01 11:00:00
TXN00000106,EMP0106,Finance,Senior Analyst,2022-01-01,7469.34,4.2,272.85,7742.19,MGR017,2022-01-01 11:00:00
TXN00000107,EMP0107,HR,HR Coord,2022-01-01,4211.49,3.7,133.14,4344.63,MGR014,2022-01-01 08:00:00
TXN00000108,EMP0108,Engineering,Junior Dev,2022-01-01,5017.19,0.4,19.1,5036.29,MGR013,2022-01-01 17:00:00
TXN00000109,EMP0109,Sales,Regional Director,2022-01-01,13192.84,1.3,147.86,13340.69,MGR009,2022-01-01 10:00:00
TXN00000110,EMP0110,HR,HR Coord,2022-01-01,4615.95,1.5,59.68,4675.62,MGR014,2022-01-01 11:00:00
TXN00000111,EMP0111,HR,HR Coord,2022-01-01,4364.79,7.0,265.73,4630.52,MGR014,2022-01-01 10:00:00
TXN00000112,EMP0112,Engineering,Engineering Manager,2022-01-01,8883.38,0.0,0.0,8883.38,MGR013,2022-01-01 15:00:00
TXN00000113,EMP0113,HR,HR Manager,2022-01-01,9372.03,0.0,0.0,9372.03,MGR014,2022-01-01 09:00:00
TXN00000114,EMP0114,Marketing,Marketing Specialist,2022-01-01,6390.94,2.9,161.45,6552.39,MGR019,2022-01-01 17:00:00
TXN00000115,EMP0115,Operations,Operations Manager,2022-01-01,11983.42,0.0,0.0,11983.42,MGR019,2022-01-01 11:00:00
TXN00000116,EMP0116,Sales,Sales Manager,2022-01-01,11442.95,0.0,0.0,11442.95,MGR009,2022-01-01 15:00:00
TXN00000117,EMP0117,Sales,Sales Manager,2022-01-01,10673.75,0.0,0.0,10673.75,MGR009,2022-01-01 12:00:00
TXN00000118,EMP0118,Marketing,Marketing Coord,2022-01-01,3852.51,0.9,29.88,3882.39,MGR019,2022-01-01 13:00:00
TXN00000119,EMP0119,Finance,Analyst,2022-01-01,4641.47,11.7,471.59,5113.06,MGR017,2022-01-01 10:00:00
TXN00000120,EMP0120,HR,HR Coord,2022-01-01,4188.6,1.2,43.35,4231.94,MGR014,2022-01-01 17:00:00
TXN00000121,EMP0121,Marketing,Marketing Coord,2022-01-01,5185.24,0.8,36.97,5222.21,MGR019,2022-01-01 17:00:00
TXN00000122,EMP0122,Engineering,Senior Dev,2022-01-01,7953.97,0.4,28.49,7982.46,MGR013,2022-01-01 09:00:00
TXN00000123,EMP0123,Marketing,Marketing Coord,2022-01-01,3855.55,0.5,16.49,3872.04,MGR019,2022-01-01 10:00:00
TXN00000124,EMP0124,HR,HR Manager,2022-01-01,11224.71,0.0,0.0,11224.71,MGR014,2022-01-01 12:00:00
TXN00000125,EMP0125,HR,HR Manager,2022-01-01,12873.62,0.0,0.0,12873.62,MGR014,2022-01-01 09:00:00
TXN00000126,EMP0126,Engineering,Tech Lead,2022-01-01,8476.43,0.0,0.0,8476.43,MGR013,2022-01-01 17:00:00
TXN00000127,EMP0127,Engineering,Senior Dev,2022-01-01,7780.49,0.0,0.0,7780.49,MGR013,2022-01-01 08:00:00
TXN00000128,EMP0128,Engineering,Junior Dev,2022-01-01,4229.37,3.3,120.92,4350.29,MGR013,2022-01-01 12:00:00
TXN00000129,EMP0129,Sales,Sales Manager,2022-01-01,12272.22,0.0,0.0,12272.22,MGR009,2022-01-01 17:00:00
TXN00000130,EMP0130,HR,HR Coord,2022-01-01,4070.73,0.6,19.56,4090.28,MGR014,2022-01-01 14:00:00
TXN00000131,EMP0131,Marketing,Marketing Coord,2022-01-01,4717.41,0.6,23.86,4741.26,MGR019,2022-01-01 14:00:00
TXN00000132,EMP0132,Operations,Operations Lead,2022-01-01,8194.28,0.4,27.35,8221.63,MGR019,2022-01-01 11:00:00
TXN00000133,EMP0133,Finance,Finance Manager,2022-01-01,12169.82,0.0,0.0,12169.82,MGR017,2022-01-01 09:00:00
TXN00000134,EMP0134,Engineering,Engineering Manager,2022-01-01,11431.86,0.0,0.0,11431.86,MGR013,2022-01-01 17:00:00
TXN00000135,EMP0135,Engineering,Junior Dev,2022-01-01,4439.85,0.1,4.62,4444.47,MGR013,2022-01-01 11:00:00
TXN00000136,EMP0136,Sales,Sales Manager,2022-01-01,12130.79,0.0,0.0,12130.79,MGR009,2022-01-01 09:00:00
TXN00000137,EMP0137,Operations,Operations Lead,2022-01-01,11085.71,0.3,24.55,11110.25,MGR019,2022-01-01 12:00:00
TXN00000138,EMP0138,Operations,Operations Lead,2022-01-01,9145.04,0.0,0.0,9145.04,MGR019,2022-01-01 17:00:00
TXN00000139,EMP0139,Engineering,Junior Dev,2022-01-01,5400.48,27.135925113098693,1268.1953727818127,6668.675372781812,MGR013,2022-01-01 09:00:00
TXN00000140,EMP0140,Operations,Operations Analyst,2022-01-01,5845.28,1.0,49.19,5894.48,MGR019,2022-01-01 17:00:00
TXN00000141,EMP0141,Engineering,Tech Lead,2022-01-01,9965.7,0.0,0.0,9965.7,MGR013,2022-01-01 08:00:00
TXN00000142,EMP0142,HR,HR Coord,2022-01-01,3825.33,0.0,0.0,3825.33,MGR014,2022-01-01 13:00:00
TXN00000143,EMP0143,Sales,Sales Rep,2022-01-01,4482.67,0.0,0.0,4482.67,MGR009,2022-01-01 16:00:00
TXN00000144,EMP0144,Marketing,Marketing Coord,2022-01-01,4099.11,0.7,25.0,4124.11,MGR019,2022-01-01 14:00:00
TXN00000145,EMP0145,Sales,Senior Sales,2022-01-01,6775.07,2.0,116.56,6891.63,MGR009,2022-01-01 13:00:00
TXN00000146,EMP0146,Engineering,Tech Lead,2022-01-01,7593.55,0.0,0.0,15187.1,MGR013,2022-01-01 09:00:00
TXN00000147,EMP0147,Finance,Senior Analyst,2022-01-01,7749.31,1.4,92.61,7841.92,MGR017,2022-01-01 16:00:00
TXN00000148,EMP0148,Sales,Senior Sales,2022-01-01,6368.3,4.1,227.53,6595.84,MGR009,2022-01-01 13:00:00
TXN00000149,EMP0149,Engineering,Senior Dev,2022-01-01,7545.98,0.9,57.0,7602.97,MGR013,2022-01-01 08:00:00
TXN00000150,EMP0150,Finance,Senior Analyst,2022-01-01,7169.19,0.0,0.0,7169.19,MGR017,2022-01-01 14:00:00
TXN00000151,EMP0151,Sales,Sales Rep,2022-01-01,3988.07,0.0,0.0,3988.07,MGR009,2022-01-01 15:00:00
TXN00000152,EMP0152,Engineering,Engineering Manager,2022-01-01,10752.42,0.0,0.0,10752.42,MGR013,2022-01-01 09:00:00
TXN00000153,EMP0153,Sales,Regional Director,2022-01-01,15937.52,1.8,245.42,16182.94,MGR009,2022-01-01 14:00:00
TXN00000154,EMP0154,Marketing,Marketing Coord,2022-01-01,4071.82,0.8,29.36,4101.17,MGR019,2022-01-01 13:00:00
TXN00000155,EMP0155,Engineering,Senior Dev,2022-01-01,7631.91,1.4,93.85,7725.76,MGR013,2022-01-01 15:00:00
TXN00000156,EMP0156,Marketing,Marketing Specialist,2022-01-01,5341.01,1.2,53.9,5394.91,MGR019,2022-01-01 10:00:00
TXN00000157,EMP0157,Marketing,Marketing Specialist,2022-01-01,5319.42,1.2,54.79,5374.21,MGR019,2022-01-01 14:00:00
TXN00000158,EMP0158,HR,HR Specialist,2022-01-01,6403.6,6.6,367.75,6771.35,MGR014,2022-01-01 10:00:00
TXN00000159,EMP0159,HR,HR Specialist,2022-01-01,5325.04,3.4,157.14,5482.17,MGR014,2022-01-01 16:00:00
TXN00000160,EMP0160,Engineering,Tech Lead,2022-01-01,8027.45,0.0,0.0,8027.45,MGR013,2022-01-01 12:00:00
TXN00000161,EMP0161,HR,HR Specialist,2022-01-01,5912.38,0.0,0.0,5912.38,MGR014,2022-01-01 17:00:00
TXN00000162,EMP0162,Engineering,Engineering Manager,2022-01-01,10741.56,0.0,0.0,10741.56,MGR013,2022-01-01 16:00:00
TXN00000163,EMP0163,Operations,Operations Lead,2022-01-01,10681.51,2.7,245.12,10926.63,MGR019,2022-01-01 15:00:00
TXN00000164,EMP0164,HR,HR Manager,2022-01-01,10759.08,0.0,0.0,10759.08,MGR014,2022-01-01 15:00:00
TXN00000165,EMP0165,Finance,Senior Analyst,2022-01-01,6822.06,0.4,24.17,6846.23,MGR017,2022-01-01 14:00:00
TXN00000166,EMP0166,Engineering,Engineering Manager,2022-01-01,10329.97,0.0,0.0,10329.97,MGR013,2022-01-01 17:00:00
TXN00000167,EMP0167,HR,HR Manager,2022-01-01,8443.36,0.0,0.0,8443.36,MGR014,2022-01-01 12:00:00
TXN00000168,EMP0168,Operations,Operations Manager,2022-01-01,8507.85,0.0,0.0,8507.85,MGR019,2022-01-01 13:00:00
TXN00000169,EMP0169,Sales,Sales Manager,2022-01-01,12001.08,0.0,0.0,12001.08,MGR009,2022-01-01 11:00:00
TXN00000170,EMP0170,Engineering,Tech Lead,2022-01-01,8739.09,0.0,0.0,8739.09,MGR013,2022-01-01 09:00:00
TXN00000171,EMP0171,Marketing,Marketing Manager,2022-01-01,10355.85,0.0,0.0,10355.85,MGR019,2022-01-01 12:00:00
TXN00000172,EMP0172,Operations,Operations Lead,2022-01-01,8203.79,0.5,37.31,8241.1,MGR019,2022-01-01 15:00:00
TXN00000173,EMP0173,Marketing,Marketing Manager,2022-01-01,10216.3,0.0,0.0,10216.3,MGR019,2022-01-01 11:00:00
TXN00000174,EMP0174,Marketing,Marketing Specialist,2022-01-01,5657.52,6.8,333.52,5991.04,MGR019,2022-01-01 15:00:00
TXN00000175,EMP0175,Marketing,Marketing Manager,2022-01-01,10147.26,0.0,0.0,10147.26,MGR019,2022-01-01 17:00:00
TXN00000176,EMP0176,Sales,Regional Director,2022-01-01,14435.8,12.1,1513.58,15949.39,MGR009,2022-01-01 17:00:00
TXN00000177,EMP0177,Finance,Senior Analyst,2022-01-01,7282.5,1.5,95.9,7378.41,MGR017,2022-01-01 14:00:00
TXN00000178,EMP0178,HR,HR Specialist,2022-01-01,4991.01,0.0,0.0,4991.01,MGR014,2022-01-01 13:00:00
TXN00000179,EMP0179,HR,HR Coord,2022-01-01,3544.49,0.0,0.0,3544.49,MGR014,2022-01-01 08:00:00
TXN00000180,EMP0180,Marketing,Marketing Coord,2022-01-01,4740.4,0.0,0.0,4740.4,MGR019,2022-01-01 15:00:00
TXN00000181,EMP0181,HR,HR Manager,2022-01-01,10222.67,0.0,0.0,10222.67,MGR014,2022-01-01 13:00:00
TXN00000182,EMP0182,Marketing,Marketing Specialist,2022-01-01,5600.16,8.0,385.34,5985.5,MGR019,2022-01-01 10:00:00
TXN00000183,EMP0183,Finance,Senior Analyst,2022-01-01,8022.91,2.5,176.57,8199.48,MGR017,2022-01-01 15:00:00
TXN00000184,EMP0184,Finance,Senior Analyst,2022-01-01,8944.23,4.4,340.76,9284.98,MGR017,2022-01-01 11:00:00
TXN00000185,EMP0185,Engineering,Tech Lead,2022-01-01,8023.94,0.0,0.0,8023.94,MGR013,2022-01-01 13:00:00
TXN00000186,EMP0186,Operations,Operations Manager,2022-01-01,8678.83,0.0,0.0,8678.83,MGR019,2022-01-01 12:00:00
TXN00000187,EMP0187,Marketing,Marketing Coord,2022-01-01,3689.3,2.1,67.86,3757.16,MGR019,2022-01-01 13:00:00
TXN00000188,EMP0188,Operations,Operations Lead,2022-01-01,7854.94,0.4,24.88,7879.82,MGR019,2022-01-01 12:00:00
TXN00000189,EMP0189,Sales,Senior Sales,2022-01-01,7604.22,1.0,67.23,7671.45,MGR009,2022-01-01 17:00:00
TXN00000190,EMP0190,Engineering,Senior Dev,2022-01-01,7679.73,0.5,33.43,7713.16,MGR013,2022-01-01 12:00:00
TXN00000191,EMP0191,HR,HR Coord,2022-01-01,3730.25,2.3,73.65,3803.9,MGR014,2022-01-01 16:00:00
TXN00000192,EMP0192,Finance,Senior Analyst,2022-01-01,8043.48,1.2,85.7,8129.18,MGR017,2022-01-01 08:00:00
TXN00000193,EMP0193,Operations,Operations Lead,2022-01-01,10249.22,0.2,17.42,10266.64,MGR019,2022-01-01 16:00:00
TXN00000194,EMP0194,Finance,Senior Analyst,2022-01-01,6496.16,0.0,0.0,6496.16,MGR017,2022-01-01 11:00:00
TXN00000195,EMP0195,Operations,Operations Manager,2022-01-01,11904.32,0.0,0.0,11904.32,MGR019,2022-01-01 09:00:00
TXN00000196,EMP0196,Engineering,Engineering Manager,2022-01-01,12006.46,0.0,0.0,12006.46,MGR013,2022-01-01 11:00:00
TXN00000197,EMP0197,Sales,Regional Director,2022-01-01,13496.4,0.0,0.0,13496.4,MGR009,2022-01-01 14:00:00
TXN00000198,EMP0198,HR,HR Coord,2022-01-01,4323.24,1.9,71.59,4394.83,MGR014,2022-01-01 15:00:00
TXN00000199,EMP0199,Finance,Senior Analyst,2022-01-01,7877.94,1.3,87.75,7965.69,MGR017,2022-01-01 16:00:00
TXN00000200,EMP0200,Operations,Operations Manager,2022-01-01,11749.49,0.0,0.0,11749.49,MGR019,2022-01-01 11:00:00
TXN00000201,EMP0001,Operations,Operations Analyst,2022-01-31,5509.53,0.0,0.0,5509.53,MGR019,2022-01-31 15:00:00
TXN00000202,EMP0002,Operations,Operations Lead,2022-01-31,9841.05,0.0,0.0,9841.05,MGR019,2022-01-31 15:00:00
TXN00000203,EMP0003,Sales,Senior Sales,2022-01-31,6221.04,3.9,211.99,6433.03,MGR009,2022-01-31 15:00:00
TXN00000204,EMP0004,Operations,Operations Manager,2022-01-31,9555.93,0.0,0.0,9555.93,MGR019,2022-01-31 08:00:00
TXN00000205,EMP0005,Engineering,Engineering Manager,2022-01-31,11100.7,0.0,0.0,11100.7,MGR013,2022-01-31 09:00:00
TXN00000206,EMP0006,Engineering,Junior Dev,2022-01-31,4351.95,0.0,0.0,4351.95,MGR013,2022-01-31 12:00:00
TXN00000207,EMP0007,Sales,Sales Rep,2022-01-31,4859.16,5.5,232.63,5091.79,MGR009,2022-01-31 11:00:00
TXN00000208,EMP0008,Sales,Regional Director,2022-01-31,11731.85,4.8,483.07,12214.92,MGR009,2022-01-31 14:00:00
TXN00000209,EMP0009,Finance,Finance Manager,2022-01-31,9764.7,0.0,0.0,9764.7,MGR017,2022-01-31 11:00:00
TXN00000210,EMP0010,Sales,Regional Director,2022-01-31,12894.02,5.1,564.09,13458.11,MGR009,2022-01-31 12:00:00
TXN00000211,EMP0011,Marketing,Marketing Coord,2022-01-31,4135.09,2.2,79.48,4214.57,MGR019,2022-01-31 17:00:00
TXN00000212,EMP0012,Marketing,Marketing Coord,2022-01-31,3799.77,6.3,206.88,4006.65,MGR019,2022-01-31 13:00:00
TXN00000213,EMP0013,Finance,Analyst,2022-01-31,5381.41,5.1,236.96,5618.37,MGR017,2022-01-31 15:00:00
TXN00000214,EMP0014,Marketing,Marketing Manager,2022-01-31,9388.76,0.0,0.0,9388.76,MGR019,2022-01-31 16:00:00
TXN00000215,EMP0015,Engineering,Engineering Manager,2022-01-31,10337.47,0.0,0.0,10337.47,MGR013,2022-01-31 16:00:00
TXN00000216,EMP0016,Engineering,Engineering Manager,2022-01-31,10474.68,0.0,0.0,10474.68,MGR013,2022-01-31 13:00:00
TXN00000217,EMP0017,HR,HR Specialist,2022-01-31,5395.52,0.8,37.01,5432.53,MGR014,2022-01-31 14:00:00
TXN00000218,EMP0018,HR,HR Specialist,2022-01-31,6806.67,0.0,0.0,6806.67,MGR014,2022-01-31 16:00:00
TXN00000219,EMP0019,Sales,Sales Rep,2022-01-31,4156.24,2.4,84.63,4240.87,MGR009,2022-01-31 13:00:00
TXN00000220,EMP0020,Operations,Operations Analyst,2022-01-31,5491.77,0.0,0.0,5491.77,MGR019,2022-01-31 13:00:00
TXN00000221,EMP0021,Engineering,Senior Dev,2022-01-31,6337.25,0.4,20.45,6357.7,MGR013,2022-01-31 15:00:00
TXN00000222,EMP0022,Finance,Finance Manager,2022-01-31,9664.68,0.0,0.0,9664.68,MGR017,2022-01-31 12:00:00
TXN00000223,EMP0023,Operations,Operations Lead,2022-01-31,8677.93,1.2,91.88,8769.81,MGR019,2022-01-31 12:00:00
TXN00000224,EMP0024,Marketing,Marketing Specialist,2022-01-31,5327.61,4.7,218.53,5546.15,MGR019,2022-01-31 12:00:00
TXN00000225,EMP0025,Operations,Operations Lead,2022-01-31,8975.51,92.7165850418666,7201.545890271265,16177.055890271266,MGR019,2022-01-31 11:00:00
TXN00000226,EMP0026,Operations,Operations Manager,2022-01-31,12600.78,0.0,0.0,12600.78,MGR019,2022-01-31 09:00:00
TXN00000227,EMP0027,HR,HR Manager,2022-01-31,13014.25,0.0,0.0,13014.25,MGR014,2022-01-31 11:00:00
TXN00000228,EMP0028,HR,HR Manager,2022-01-31,11875.28,0.0,0.0,11875.28,MGR014,2022-01-31 13:00:00
TXN00000229,EMP0029,Sales,Regional Director,2022-01-31,11348.67,4.1,401.39,11750.06,MGR009,2022-01-31 09:00:00
TXN00000230,EMP0030,Marketing,Marketing Manager,2022-01-31,8684.42,0.0,0.0,8684.42,MGR019,2022-01-31 16:00:00
TXN00000231,EMP0031,HR,HR Coord,2022-01-31,3891.72,0.0,0.0,3891.72,MGR014,2022-01-31 10:00:00
TXN00000232,EMP0032,Marketing,Marketing Coord,2022-01-31,4484.93,0.0,0.0,4484.93,MGR019,2022-01-31 11:00:00
TXN00000233,EMP0033,Engineering,Tech Lead,2022-01-31,8587.39,0.0,0.0,8587.39,MGR013,2022-01-31 11:00:00
TXN00000234,EMP0034,Marketing,Marketing Coord,2022-01-31,3850.71,5.2,172.13,4022.84,MGR019,2022-01-31 15:00:00
TXN00000235,EMP0035,HR,HR Manager,2022-01-31,9869.11,0.0,0.0,9869.11,MGR014,2022-01-31 12:00:00
TXN00000236,EMP0036,Sales,Regional Director,2022-01-31,14237.79,1.5,187.15,14424.94,MGR009,2022-01-31 17:00:00
TXN00000237,EMP0037,Operations,Operations Lead,2022-01-31,8275.66,0.0,0.0,8275.66,MGR019,2022-01-31 16:00:00
TXN00000238,EMP0038,Marketing,Marketing Coord,2022-01-31,4547.26,0.8,30.74,4578.0,MGR019,2022-01-31 17:00:00
TXN00000239,EMP0039,Operations,Operations Manager,2022-01-31,10954.57,0.0,0.0,10954.57,MGR019,2022-01-31 12:00:00
TXN00000240,EMP0040,Marketing,Marketing Manager,2022-01-31,9598.62,0.0,0.0,9598.62,MGR019,2022-01-31 09:00:00
TXN00000241,EMP0041,Finance,Controller,2022-01-31,13631.32,0.0,0.0,13631.32,MGR017,2022-01-31 11:00:00
TXN00000242,EMP0042,Sales,Senior Sales,2022-01-31,6548.4,3.6,201.29,6749.69,MGR009,2022-01-31 12:00:00
TXN00000243,EMP0043,Finance,Analyst,2022-01-31,4795.53,0.9,36.12,4831.65,MGR017,2022-01-31 11:00:00
TXN00000244,EMP0044,Engineering,Senior Dev,2022-01-31,7801.12,0.6,40.59,7841.7,MGR013,2022-01-31 13:00:00
TXN00000245,EMP0045,Sales,Regional Director,2022-01-31,15087.19,0.0,0.0,15087.19,MGR009,2022-01-31 10:00:00
TXN00000246,EMP0046,Engineering,Engineering Manager,2022-01-31,9386.42,0.0,0.0,9386.42,MGR013,2022-01-31 12:00:00
TXN00000247,EMP0047,HR,HR Specialist,2022-01-31,6140.56,8.8,469.14,6609.7,MGR014,2022-01-31 08:00:00
TXN00000248,EMP0048,Marketing,Marketing Manager,2022-01-31,11348.61,0.0,0.0,11348.61,MGR019,2022-01-31 16:00:00
TXN00000249,EMP0049,Operations,Operations Manager,2022-01-31,10413.0,0.0,0.0,10413.0,MGR019,2022-01-31 10:00:00
TXN00000250,EMP0050,Operations,Operations Manager,2022-01-31,8475.73,0.0,0.0,8475.73,MGR019,2022-01-31 12:00:00
TXN00000251,EMP0051,Operations,Operations Lead,2022-01-31,8038.62,0.0,0.0,8038.62,MGR019,2022-01-31 08:00:00
TXN00000252,EMP0052,Marketing,Marketing Specialist,2022-01-31,5324.96,3.6,164.91,5489.87,MGR019,2022-01-31 08:00:00
TXN00000253,EMP0053,Finance,Analyst,2022-01-31,5776.99,0.0,0.0,5776.99,MGR017,2022-01-31 16:00:00
TXN00000254,EMP0054,Operations,Operations Lead,2022-01-31,9246.61,0.0,0.0,9246.61,MGR019,2022-01-31 12:00:00
TXN00000255,EMP0055,Sales,Sales Rep,2022-01-31,5841.247988834404,2.6,90.41,5931.657988834404,MGR009,2022-01-31 10:00:00
TXN00000256,EMP0056,Marketing,Marketing Manager,2022-01-31,9397.26,0.0,0.0,9397.26,MGR019,2022-01-31 15:00:00
TXN00000257,EMP0057,HR,HR Coord,2022-01-31,4940.74,0.0,0.0,4940.74,MGR014,2022-01-31 09:00:00
TXN00000258,EMP0058,Marketing,Marketing Coord,2022-01-31,4632.85,0.0,0.0,4632.85,MGR019,2022-01-31 08:00:00
TXN00000259,EMP0059,HR,HR Coord,2022-01-31,4391.67,0.0,0.0,4391.67,MGR014,2022-01-31 17:00:00
TXN00000260,EMP0060,Marketing,Marketing Specialist,2022-01-31,6353.27,0.4,19.82,6373.09,MGR019,2022-01-31 12:00:00
TXN00000261,EMP0061,Engineering,Tech Lead,2022-01-31,10811.75,0.0,0.0,10811.75,MGR013,2022-01-31 15:00:00
TXN00000262,EMP0062,Sales,Sales Rep,2022-01-31,4176.52,0.0,0.0,4176.52,MGR009,2022-01-31 15:00:00
TXN00000263,EMP0063,HR,HR Coord,2022-01-31,3739.19,0.0,0.0,3739.19,MGR014,2022-01-31 15:00:00
TXN00000264,EMP0064,Operations,Operations Lead,2022-01-31,10674.03,7.6,702.85,11376.88,MGR019,2022-01-31 13:00:00
TXN00000265,EMP0065,HR,HR Coord,2022-01-31,3485.37,0.0,0.0,3485.37,MGR014,2022-01-31 10:00:00
TXN00000266,EMP0066,Operations,Operations Lead,2022-01-31,8672.28,2.7,201.44,8873.72,MGR019,2022-01-31 08:00:00
TXN00000267,EMP0067,Sales,Sales Manager,2022-01-31,8948.71,0.0,0.0,8948.71,MGR009,2022-01-31 12:00:00
TXN00000268,EMP0068,HR,HR Specialist,2022-01-31,6299.01,4.9,265.54,6564.56,MGR014,2022-01-31 15:00:00
TXN00000269,EMP0069,HR,HR Manager,2022-01-31,10795.65,0.0,0.0,10795.65,MGR014,2022-01-31 09:00:00
TXN00000270,EMP0070,Sales,Sales Manager,2022-01-31,10977.25,0.0,0.0,10977.25,MGR009,2022-01-31 09:00:00
TXN00000271,EMP0071,Operations,Operations Manager,2022-01-31,11742.36,0.0,0.0,11742.36,MGR019,2022-01-31 14:00:00
TXN00000272,EMP0072,Finance,Controller,2022-01-31,11907.85,0.0,0.0,11907.85,MGR017,2022-01-31 15:00:00
TXN00000273,EMP0073,Sales,Senior Sales,2022-01-31,6441.24,1.3,71.26,6512.5,MGR009,2022-01-31 09:00:00
TXN00000274,EMP0074,Marketing,Marketing Coord,2022-01-31,4266.93,0.0,0.0,4266.93,MGR019,2022-01-31 17:00:00
TXN00000275,EMP0075,HR,HR Coord,2022-01-31,3464.27,0.8,22.88,3487.15,MGR014,2022-01-31 08:00:00
TXN00000276,EMP0076,Sales,Sales Rep,2022-01-31,4965.61,0.5,19.57,4985.18,MGR009,2022-01-31 10:00:00
TXN00000277,EMP0077,Operations,Operations Manager,2022-01-31,9171.93,0.0,0.0,9171.93,MGR019,2022-01-31 10:00:00
TXN00000278,EMP0078,Sales,Sales Rep,2022-01-31,5064.91,7.4,323.91,5388.81,MGR009,2022-01-31 17:00:00
TXN00000279,EMP0079,Marketing,Marketing Coord,2022-01-31,4532.56,2.6,102.25,4634.81,MGR019,2022-01-31 12:00:00
TXN00000280,EMP0080,Sales,Sales Manager,2022-01-31,9838.75,0.0,0.0,9838.75,MGR009,2022-01-31 09:00:00
TXN00000281,EMP0081,Finance,Senior Analyst,2022-01-31,6995.72,0.6,35.61,7031.33,MGR017,2022-01-31 11:00:00
TXN00000282,EMP0082,Sales,Regional Director,2022-01-31,14093.38,0.0,0.0,14093.38,MGR009,2022-01-31 09:00:00
TXN00000283,EMP0083,Finance,Controller,2022-01-31,11415.72,0.0,0.0,11415.72,MGR017,2022-01-31 16:00:00
TXN00000284,EMP0084,Engineering,Junior Dev,2022-01-31,4337.7,1.6,60.3,4398.01,MGR013,2022-01-31 14:00:00
TXN00000285,EMP0085,Finance,Finance Manager,2022-01-31,8923.43,0.0,0.0,8923.43,MGR017,2022-01-31 17:00:00
TXN00000286,EMP0086,Finance,Controller,2022-01-31,12270.85,0.0,0.0,12270.85,MGR017,2022-01-31 17:00:00
TXN00000287,EMP0087,Engineering,Junior Dev,2022-01-31,4674.43,2.7,109.8,4784.23,MGR013,2022-01-31 17:00:00
TXN00000288,EMP0088,Finance,Finance Manager,2022-01-31,10604.43,0.0,0.0,10604.43,MGR017,2022-01-31 11:00:00
TXN00000289,EMP0089,Sales,Senior Sales,2022-01-31,7486.15,6.8,443.77,7929.92,MGR009,2022-01-31 16:00:00
TXN00000290,EMP0090,HR,HR Specialist,2022-01-31,6199.09,0.6,34.05,6233.14,MGR014,2022-01-31 14:00:00
TXN00000291,EMP0091,Finance,Senior Analyst,2022-01-31,6591.18,1.9,109.31,6700.49,MGR017,2022-01-31 15:00:00
TXN00000292,EMP0092,Finance,Senior Analyst,2022-01-31,8736.74,0.2,15.42,8752.15,MGR017,2022-01-31 15:00:00
TXN00000293,EMP0093,Finance,Analyst,2022-01-31,4894.09,0.0,0.0,4894.09,MGR017,2022-01-31 12:00:00
TXN00000294,EMP0094,Operations,Operations Manager,2022-01-31,11594.89,0.0,0.0,11594.89,MGR019,2022-01-31 17:00:00
TXN00000295,EMP0095,Engineering,Senior Dev,2022-01-31,7052.01,1.5,93.76,7145.77,MGR013,2022-01-31 14:00:00
TXN00000296,EMP0096,Finance,Controller,2022-01-31,11717.78,0.0,0.0,11717.78,MGR017,2022-01-31 12:00:00
TXN00000297,EMP0097,Sales,Regional Director,2022-01-31,15462.52,0.5,67.72,15530.24,MGR009,2022-01-31 17:00:00
TXN00000298,EMP0098,Sales,Regional Director,2022-01-31,12561.59,5.9,645.37,13206.96,MGR009,2022-01-31 17:00:00
TXN00000299,EMP0099,Finance,Finance Manager,2022-01-31,12220.41,0.0,0.0,12220.41,MGR017,2022-01-31 08:00:00
TXN00000300,EMP0100,Marketing,Marketing Specialist,2022-01-31,6612.31,0.9,54.2,6666.51,MGR019,2022-01-31 17:00:00
TXN00000301,EMP0101,Operations,Operations Manager,2022-01-31,10528.67,0.0,0.0,10528.67,MGR019,2022-01-31 09:00:00
TXN00000302,EMP0102,Operations,Operations Lead,2022-01-31,8989.25,0.5,39.62,9028.87,MGR019,2022-01-31 11:00:00
TXN00000303,EMP0103,Sales,Sales Manager,2022-01-31,10360.5,0.0,0.0,10360.5,MGR009,2022-01-31 11:00:00
TXN00000304,EMP0104,Engineering,Junior Dev,2022-01-31,4175.23,0.1,2.98,4178.21,MGR013,2022-01-31 12:00:00
TXN00000305,EMP0105,Engineering,Junior Dev,2022-01-31,3797.97,0.8,25.91,3823.88,MGR013,2022-01-31 09:00:00
TXN00000306,EMP0106,Finance,Senior Analyst,2022-01-31,7469.34,0.1,3.86,7473.2,MGR017,2022-01-31 10:00:00
TXN00000307,EMP0107,HR,HR Coord,2022-01-31,4211.49,4.8,175.92,4387.42,MGR014,2022-01-31 11:00:00
TXN00000308,EMP0108,Engineering,Junior Dev,2022-01-31,5017.19,3.2,137.77,5154.96,MGR013,2022-01-31 10:00:00
TXN00000309,EMP0109,Sales,Regional Director,2022-01-31,13192.84,0.3,35.87,13228.71,MGR009,2022-01-31 16:00:00
TXN00000310,EMP0110,HR,HR Coord,2022-01-31,4615.95,3.8,153.52,4769.47,MGR014,2022-01-31 09:00:00
TXN00000311,EMP0111,HR,HR Coord,2022-01-31,4364.79,0.0,0.0,4364.79,MGR014,2022-01-31 10:00:00
TXN00000312,EMP0112,Engineering,Engineering Manager,2022-01-31,8883.38,0.0,0.0,8883.38,MGR013,2022-01-31 08:00:00
TXN00000313,EMP0113,HR,HR Manager,2022-01-31,14007.548748631594,0.0,0.0,14007.548748631594,MGR014,2022-01-31 14:00:00
TXN00000314,EMP0114,Marketing,Marketing Specialist,2022-01-31,6390.94,1.0,57.56,6448.5,MGR019,2022-01-31 15:00:00
TXN00000315,EMP0115,Operations,Operations Manager,2022-01-31,11983.42,0.0,0.0,11983.42,MGR019,2022-01-31 17:00:00
TXN00000316,EMP0116,Sales,Sales Manager,2022-01-31,11442.95,0.0,0.0,11442.95,MGR009,2022-01-31 15:00:00
TXN00000317,EMP0117,Sales,Sales Manager,2022-01-31,10673.75,0.0,0.0,10673.75,MGR009,2022-01-31 12:00:00
TXN00000318,EMP0118,Marketing,Marketing Coord,2022-01-31,3852.51,2.6,87.49,3940.0,MGR019,2022-01-31 08:00:00
TXN00000319,EMP0119,Finance,Analyst,2022-01-31,4641.47,6.7,268.94,4910.4,MGR017,2022-01-31 11:00:00
TXN00000320,EMP0120,HR,HR Coord,2022-01-31,4188.6,0.0,0.0,4188.6,MGR014,2022-01-31 12:00:00
TXN00000321,EMP0121,Marketing,Marketing Coord,2022-01-31,5185.24,0.9,40.43,5225.67,MGR019,2022-01-31 12:00:00
TXN00000322,EMP0122,Engineering,Senior Dev,2022-01-31,7953.97,2.7,184.26,8138.23,MGR013,2022-01-31 15:00:00
TXN00000323,EMP0123,Marketing,Marketing Coord,2022-01-31,3855.55,2.9,97.95,3953.5,MGR019,2022-01-31 09:00:00
TXN00000324,EMP0124,HR,HR Manager,2022-01-31,11224.71,0.0,0.0,11224.71,MGR014,2022-01-31 11:00:00
TXN00000325,EMP0125,HR,HR Manager,2022-01-31,12873.62,0.0,0.0,12873.62,MGR014,2022-01-31 12:00:00
TXN00000326,EMP0126,Engineering,Tech Lead,2022-01-31,8476.43,0.0,0.0,8476.43,MGR013,2022-01-31 17:00:00
TXN00000327,EMP0127,Engineering,Senior Dev,2022-01-31,7780.49,0.0,0.0,7780.49,MGR013,2022-01-31 11:00:00
TXN00000328,EMP0128,Engineering,Junior Dev,2022-01-31,4229.37,0.0,0.0,4229.37,MGR013,2022-01-31 14:00:00
TXN00000329,EMP0129,Sales,Sales Manager,2022-01-31,12272.22,0.0,0.0,12272.22,MGR009,2022-01-31 09:00:00
TXN00000330,EMP0130,HR,HR Coord,2022-01-31,4070.73,6.7,237.74,4308.46,MGR014,2022-01-31 16:00:00
TXN00000331,EMP0131,Marketing,Marketing Coord,2022-01-31,4717.41,0.0,0.0,4717.41,MGR019,2022-01-31 11:00:00
TXN00000332,EMP0132,Operations,Operations Lead,2022-01-31,8194.28,0.1,4.83,8199.12,MGR019,2022-01-31 10:00:00
TXN00000333,EMP0133,Finance,Finance Manager,2022-01-31,12169.82,0.0,0.0,12169.82,MGR017,2022-01-31 12:00:00
TXN00000334,EMP0134,Engineering,Engineering Manager,2022-01-31,11431.86,0.0,0.0,11431.86,MGR013,2022-01-31 10:00:00
TXN00000335,EMP0135,Engineering,Junior Dev,2022-01-31,4439.85,5.4,207.64,4647.49,MGR013,2022-01-31 09:00:00
TXN00000336,EMP0136,Sales,Sales Manager,2022-01-31,12130.79,0.0,0.0,12130.79,MGR009,2022-01-31 08:00:00
TXN00000337,EMP0137,Operations,Operations Lead,2022-01-31,11085.71,0.6,54.21,11139.92,MGR019,2022-01-31 10:00:00
TXN00000338,EMP0138,Operations,Operations Lead,2022-01-31,9145.04,0.1,4.41,9149.44,MGR019,2022-01-31 12:00:00
TXN00000339,EMP0139,Engineering,Junior Dev,2022-01-31,5400.48,0.0,0.0,5400.48,MGR013,2022-01-31 17:00:00
TXN00000340,EMP0140,Operations,Operations Analyst,2022-01-31,5845.28,2.6,130.39,5975.67,MGR019,2022-01-31 17:00:00
TXN00000341,EMP0141,Engineering,Tech Lead,2022-01-31,9965.7,0.0,0.0,9965.7,MGR013,2022-01-31 12:00:00
TXN00000342,EMP0142,HR,HR Coord,2022-01-31,3825.33,2.4,80.23,3905.56,MGR014,2022-01-31 15:00:00
TXN00000343,EMP0143,Sales,Sales Rep,2022-01-31,4482.67,5.3,206.04,4688.71,MGR009,2022-01-31 09:00:00
TXN00000344,EMP0144,Marketing,Marketing Coord,2022-01-31,4099.11,0.0,1.18,4100.28,MGR019,2022-01-31 15:00:00
TXN00000345,EMP0145,Sales,Senior Sales,2022-01-31,6775.07,6.9,405.04,7180.11,MGR009,2022-01-31 12:00:00
TXN00000346,EMP0146,Engineering,Tech Lead,2022-01-31,7593.55,0.0,0.0,7593.55,MGR013,2022-01-31 14:00:00
TXN00000347,EMP0147,Finance,Senior Analyst,2022-01-31,7749.31,0.0,0.0,7749.31,MGR017,2022-01-31 12:00:00
TXN00000348,EMP0148,Sales,Senior Sales,2022-01-31,6368.3,2.8,151.7,6520.01,MGR009,2022-01-31 16:00:00
TXN00000349,EMP0149,Engineering,Senior Dev,2022-01-31,7545.98,0.6,37.77,7583.75,MGR013,2022-01-31 16:00:00
TXN00000350,EMP0150,Finance,Senior Analyst,2022-01-31,7169.19,0.0,0.0,7169.19,MGR017,2022-01-31 15:00:00
TXN00000351,EMP0151,Sales,Sales Rep,2022-01-31,3988.07,1.4,50.02,4038.09,MGR009,2022-01-31 15:00:00
TXN00000352,EMP0152,Engineering,Engineering Manager,2022-01-31,10752.42,0.0,0.0,10752.42,MGR013,2022-01-31 09:00:00
TXN00000353,EMP0153,Sales,Regional Director,2022-01-31,15937.52,4.0,554.25,16491.77,MGR009,2022-01-31 17:00:00
TXN00000354,EMP0154,Marketing,Marketing Coord,2022-01-31,4071.82,2.8,97.7,4169.51,MGR019,2022-01-31 08:00:00
TXN00000355,EMP0155,Engineering,Senior Dev,2022-01-31,7631.91,1.5,97.71,7729.62,MGR013,2022-01-31 14:00:00
TXN00000356,EMP0156,Marketing,Marketing Specialist,2022-01-31,5341.01,1.3,60.95,5401.96,MGR019,2022-01-31 13:00:00
TXN00000357,EMP0157,Marketing,Marketing Specialist,2022-01-31,5319.42,0.0,0.0,5319.42,MGR019,2022-01-31 17:00:00
TXN00000358,EMP0158,HR,HR Specialist,2022-01-31,6403.6,2.5,138.92,6542.52,MGR014,2022-01-31 12:00:00
TXN00000359,EMP0159,HR,HR Specialist,2022-01-31,5325.04,3.3,150.64,5475.68,MGR014,2022-01-31 08:00:00
TXN00000360,EMP0160,Engineering,Tech Lead,2022-01-31,8027.45,0.0,0.0,8027.45,MGR013,2022-01-31 09:00:00
TXN00000361,EMP0161,HR,HR Specialist,2022-01-31,5912.38,0.0,0.0,5912.38,MGR014,2022-01-31 11:00:00
TXN00000362,EMP0162,Engineering,Engineering Manager,2022-01-31,10741.56,0.0,0.0,21483.12,MGR013,2022-01-31 17:00:00
TXN00000363,EMP0163,Operations,Operations Lead,2022-01-31,10681.51,0.1,8.79,10690.29,MGR019,2022-01-31 17:00:00
TXN00000364,EMP0164,HR,HR Manager,2022-01-31,10759.08,0.0,0.0,10759.08,MGR014,2022-01-31 08:00:00
TXN00000365,EMP0165,Finance,Senior Analyst,2022-01-31,6822.06,2.1,121.48,6943.54,MGR017,2022-01-31 12:00:00
TXN00000366,EMP0166,Engineering,Engineering Manager,2022-01-31,10329.97,0.0,0.0,10329.97,MGR013,2022-01-31 17:00:00
TXN00000367,EMP0167,HR,HR Manager,2022-01-31,8443.36,0.0,0.0,8443.36,MGR014,2022-01-31 08:00:00
TXN00000368,EMP0168,Operations,Operations Manager,2022-01-31,8507.85,0.0,0.0,8507.85,MGR019,2022-01-31 10:00:00
TXN00000369,EMP0169,Sales,Sales Manager,2022-01-31,12001.08,0.0,0.0,12001.08,MGR009,2022-01-31 15:00:00
TXN00000370,EMP0170,Engineering,Tech Lead,2022-01-31,8739.09,0.0,0.0,8739.09,MGR013,2022-01-31 16:00:00
TXN00000371,EMP0171,Marketing,Marketing Manager,2022-01-31,10355.85,0.0,0.0,10355.85,MGR019,2022-01-31 15:00:00
TXN00000372,EMP0172,Operations,Operations Lead,2022-01-31,8203.79,0.8,60.25,8264.04,MGR019,2022-01-31 12:00:00
TXN00000373,EMP0173,Marketing,Marketing Manager,2022-01-31,10216.3,0.0,0.0,10216.3,MGR019,2022-01-31 10:00:00
TXN00000374,EMP0174,Marketing,Marketing Specialist,2022-01-31,5657.52,0.0,0.0,5657.52,MGR019,2022-01-31 17:00:00
TXN00000375,EMP0175,Marketing,Marketing Manager,2022-01-31,10147.26,0.0,0.0,10147.26,MGR019,2022-01-31 14:00:00
TXN00000376,EMP0176,Sales,Regional Director,2022-01-31,14435.8,1.3,167.83,14603.63,MGR009,2022-01-31 15:00:00
TXN00000377,EMP0177,Finance,Senior Analyst,2022-01-31,7282.5,7.5,471.28,7753.79,MGR017,2022-01-31 09:00:00
TXN00000378,EMP0178,HR,HR Specialist,2022-01-31,4991.01,9.0,388.79,5379.8,MGR014,2022-01-31 15:00:00
TXN00000379,EMP0179,HR,HR Coord,2022-01-31,3544.49,0.6,18.84,3563.33,MGR014,2022-01-31 13:00:00
TXN00000380,EMP0180,Marketing,Marketing Coord,2022-01-31,4740.4,6.2,253.91,4994.3,MGR019,2022-01-31 14:00:00
TXN00000381,EMP0181,HR,HR Manager,2022-01-31,10222.67,0.0,0.0,10222.67,MGR014,2022-01-31 13:00:00
TXN00000382,EMP0182,Marketing,Marketing Specialist,2022-01-31,5600.16,0.0,0.0,5600.16,MGR019,2022-01-31 13:00:00
TXN00000383,EMP0183,Finance,Senior Analyst,2022-01-31,8022.91,3.5,245.48,8268.39,MGR017,2022-01-31 09:00:00
TXN00000384,EMP0184,Finance,Senior Analyst,2022-01-31,8944.23,0.0,0.0,17888.46,MGR017,2022-01-31 10:00:00
TXN00000385,EMP0185,Engineering,Tech Lead,2022-01-31,8023.94,0.0,0.0,8023.94,MGR013,2022-01-31 13:00:00
TXN00000386,EMP0186,Operations,Operations Manager,2022-01-31,8678.83,0.0,0.0,8678.83,MGR019,2022-01-31 14:00:00
TXN00000387,EMP0187,Marketing,Marketing Coord,2022-01-31,3689.3,13.2,421.01,4110.31,MGR019,2022-01-31 15:00:00
TXN00000388,EMP0188,Operations,Operations Lead,2022-01-31,7854.94,0.0,0.0,7854.94,MGR019,2022-01-31 12:00:00
TXN00000389,EMP0189,Sales,Senior Sales,2022-01-31,7604.22,3.7,241.39,7845.61,MGR009,2022-01-31 14:00:00
TXN00000390,EMP0190,Engineering,Senior Dev,2022-01-31,7679.73,0.0,0.0,7679.73,MGR013,2022-01-31 16:00:00
TXN00000391,EMP0191,HR,HR Coord,2022-01-31,3730.25,2.5,81.27,3811.52,MGR014,2022-01-31 08:00:00
TXN00000392,EMP0192,Finance,Senior Analyst,2022-01-31,8043.48,0.0,0.0,8043.48,MGR017,2022-01-31 15:00:00
TXN00000393,EMP0193,Operations,Operations Lead,2022-01-31,10249.22,3.6,318.08,10567.3,MGR019,2022-01-31 09:00:00
TXN00000394,EMP0194,Finance,Senior Analyst,2022-01-31,6496.16,7.7,435.5,6931.66,MGR017,2022-01-31 13:00:00
TXN00000395,EMP0195,Operations,Operations Manager,2022-01-31,11904.32,0.0,0.0,11904.32,MGR019,2022-01-31 12:00:00
TXN00000396,EMP0196,Engineering,Engineering Manager,2022-01-31,12006.46,0.0,0.0,12006.46,MGR013,2022-01-31 13:00:00
TXN00000397,EMP0197,Sales,Regional Director,2022-01-31,13496.4,5.9,694.05,14190.45,MGR009,2022-01-31 09:00:00
TXN00000398,EMP0198,HR,HR Coord,2022-01-31,4323.24,0.0,0.0,4323.24,MGR014,2022-01-31 14:00:00
TXN00000399,EMP0199,Finance,Senior Analyst,2022-01-31,7877.94,5.3,361.11,8239.05,MGR017,2022-01-31 16:00:00
TXN00000400,EMP0200,Operations,Operations Manager,2022-01-31,11749.49,0.0,0.0,11749.49,MGR019,2022-01-31 08:00:00
TXN00000401,EMP0001,Operations,Operations Analyst,2022-03-02,5509.53,0.4,18.38,5527.91,MGR019,2022-03-02 16:00:00
TXN00000402,EMP0002,Operations,Operations Lead,2022-03-02,9841.05,3.6,304.46,10145.51,MGR019,2022-03-02 15:00:00
TXN00000403,EMP0003,Sales,Senior Sales,2022-03-02,6221.04,3.9,208.37,6429.41,MGR009,2022-03-02 14:00:00
TXN00000404,EMP0004,Operations,Operations Manager,2022-03-02,9555.93,0.0,0.0,9555.93,MGR019,2022-03-02 08:00:00
TXN00000405,EMP0005,Engineering,Engineering Manager,2022-03-02,11100.7,0.0,0.0,11100.7,MGR013,2022-03-02 11:00:00
TXN00000406,EMP0006,Engineering,Junior Dev,2022-03-02,4351.95,2.9,111.09,4463.04,MGR013,2022-03-02 16:00:00
TXN00000407,EMP0007,Sales,Sales Rep,2022-03-02,4859.16,0.0,0.0,4859.16,MGR009,2022-03-02 13:00:00
TXN00000408,EMP0008,Sales,Regional Director,2022-03-02,11731.85,0.8,80.78,11812.62,MGR009,2022-03-02 17:00:00
TXN00000409,EMP0009,Finance,Finance Manager,2022-03-02,9764.7,0.0,0.0,9764.7,MGR017,2022-03-02 15:00:00
TXN00000410,EMP0010,Sales,Regional Director,2022-03-02,12894.02,6.2,695.29,13589.31,MGR009,2022-03-02 15:00:00
TXN00000411,EMP0011,Marketing,Marketing Coord,2022-03-02,4135.09,8.4,300.37,4435.46,MGR019,2022-03-02 08:00:00
TXN00000412,EMP0012,Marketing,Marketing Coord,2022-03-02,3799.77,0.0,0.0,3799.77,MGR019,2022-03-02 11:00:00
TXN00000413,EMP0013,Finance,Analyst,2022-03-02,5381.41,0.0,0.0,5381.41,MGR017,2022-03-02 12:00:00
TXN00000414,EMP0014,Marketing,Marketing Manager,2022-03-02,9388.76,0.0,0.0,9388.76,MGR019,2022-03-02 16:00:00
TXN00000415,EMP0015,Engineering,Engineering Manager,2022-03-02,10337.47,0.0,0.0,10337.47,MGR013,2022-03-02 10:00:00
TXN00000416,EMP0016,Engineering,Engineering Manager,2022-03-02,10474.68,0.0,0.0,10474.68,MGR013,2022-03-02 12:00:00
TXN00000417,EMP0017,HR,HR Specialist,2022-03-02,5395.52,0.0,0.0,5395.52,MGR014,2022-03-02 15:00:00
TXN00000418,EMP0018,HR,HR Specialist,2022-03-02,6806.67,0.0,0.0,6806.67,MGR014,2022-03-02 15:00:00
TXN00000419,EMP0019,Sales,Sales Rep,2022-03-02,4156.24,1.6,59.03,4215.27,MGR009,2022-03-02 09:00:00
TXN00000420,EMP0020,Operations,Operations Analyst,2022-03-02,5491.77,0.0,0.0,5491.77,MGR019,2022-03-02 08:00:00
TXN00000421,EMP0021,Engineering,Senior Dev,2022-03-02,6337.25,0.4,19.26,6356.51,MGR013,2022-03-02 17:00:00
TXN00000422,EMP0022,Finance,Finance Manager,2022-03-02,9664.68,0.0,0.0,9664.68,MGR017,2022-03-02 11:00:00
TXN00000423,EMP0023,Operations,Operations Lead,2022-03-02,8677.93,0.8,59.94,8737.87,MGR019,2022-03-02 10:00:00
TXN00000424,EMP0024,Marketing,Marketing Specialist,2022-03-02,5327.61,0.1,2.49,5330.11,MGR019,2022-03-02 12:00:00
TXN00000425,EMP0025,Operations,Operations Lead,2022-03-02,8975.51,0.0,0.0,8975.51,MGR019,2022-03-02 16:00:00
TXN00000426,EMP0026,Operations,Operations Manager,2022-03-02,12600.78,0.0,0.0,12600.78,MGR019,2022-03-02 08:00:00
TXN00000427,EMP0027,HR,HR Manager,2022-03-02,13014.25,0.0,0.0,13014.25,MGR014,2022-03-02 16:00:00
TXN00000428,EMP0028,HR,HR Manager,2022-03-02,11875.28,0.0,0.0,11875.28,MGR014,2022-03-02 14:00:00
TXN00000429,EMP0029,Sales,Regional Director,2022-03-02,11348.67,0.0,0.0,11348.67,MGR009,2022-03-02 09:00:00
TXN00000430,EMP0030,Marketing,Marketing Manager,2022-03-02,8684.42,0.0,0.0,8684.42,MGR019,2022-03-02 11:00:00
TXN00000431,EMP0031,HR,HR Coord,2022-03-02,3891.72,0.0,0.0,3891.72,MGR014,2022-03-02 09:00:00
TXN00000432,EMP0032,Marketing,Marketing Coord,2022-03-02,4484.93,0.0,0.0,4484.93,MGR019,2022-03-02 15:00:00
TXN00000433,EMP0033,Engineering,Tech Lead,2022-03-02,8587.39,0.0,0.0,8587.39,MGR013,2022-03-02 09:00:00
TXN00000434,EMP0034,Marketing,Marketing Coord,2022-03-02,3850.71,2.9,95.01,3945.72,MGR019,2022-03-02 10:00:00
TXN00000435,EMP0035,HR,HR Manager,2022-03-02,9869.11,0.0,0.0,9869.11,MGR014,2022-03-02 15:00:00
TXN00000436,EMP0036,Sales,Regional Director,2022-03-02,14237.79,8.6,1057.16,15294.95,MGR009,2022-03-02 12:00:00
TXN00000437,EMP0037,Operations,Operations Lead,2022-03-02,8275.66,2.8,201.06,8476.72,MGR019,2022-03-02 16:00:00
TXN00000438,EMP0038,Marketing,Marketing Coord,2022-03-02,4547.26,0.8,30.96,4578.21,MGR019,2022-03-02 12:00:00
TXN00000439,EMP0039,Operations,Operations Manager,2022-03-02,10954.57,0.0,0.0,10954.57,MGR019,2022-03-02 14:00:00
TXN00000440,EMP0040,Marketing,Marketing Manager,2022-03-02,9598.62,0.0,0.0,9598.62,MGR019,2022-03-02 15:00:00
TXN00000441,EMP0041,Finance,Controller,2022-03-02,13631.32,0.0,0.0,13631.32,MGR017,2022-03-02 15:00:00
TXN00000442,EMP0042,Sales,Senior Sales,2022-03-02,6548.4,0.2,10.13,6558.53,MGR009,2022-03-02 11:00:00
TXN00000443,EMP0043,Finance,Analyst,2022-03-02,4795.53,0.0,0.0,4795.53,MGR017,2022-03-02 15:00:00
TXN00000444,EMP0044,Engineering,Senior Dev,2022-03-02,7801.12,0.0,0.0,7801.12,MGR013,2022-03-02 16:00:00
TXN00000445,EMP0045,Sales,Regional Director,2022-03-02,15087.19,0.0,0.0,15087.19,MGR009,2022-03-02 10:00:00
TXN00000446,EMP0046,Engineering,Engineering Manager,2022-03-02,9386.42,0.0,0.0,9386.42,MGR013,2022-03-02 14:00:00
TXN00000447,EMP0047,HR,HR Specialist,2022-03-02,6140.56,1.5,80.44,6221.0,MGR014,2022-03-02 11:00:00
TXN00000448,EMP0048,Marketing,Marketing Manager,2022-03-02,11348.61,0.0,0.0,11348.61,MGR019,2022-03-02 17:00:00
TXN00000449,EMP0049,Operations,Operations Manager,2022-03-02,10413.0,0.0,0.0,10413.0,MGR019,2022-03-02 16:00:00
TXN00000450,EMP0050,Operations,Operations Manager,2022-03-02,8475.73,0.0,0.0,8475.73,MGR019,2022-03-02 10:00:00
TXN00000451,EMP0051,Operations,Operations Lead,2022-03-02,8038.62,0.8,52.88,8091.5,MGR019,2022-03-02 09:00:00
TXN00000452,EMP0052,Marketing,Marketing Specialist,2022-03-02,5324.96,2.7,124.25,5449.22,MGR019,2022-03-02 12:00:00
TXN00000453,EMP0053,Finance,Analyst,2022-03-02,5776.99,0.3,14.39,5791.38,MGR017,2022-03-02 14:00:00
TXN00000454,EMP0054,Operations,Operations Lead,2022-03-02,9246.61,0.0,0.0,9246.61,MGR019,2022-03-02 13:00:00
TXN00000455,EMP0055,Sales,Sales Rep,2022-03-02,4055.4,0.4,14.6,4070.0,MGR009,2022-03-02 16:00:00
TXN00000456,EMP0056,Marketing,Marketing Manager,2022-03-02,9397.26,0.0,0.0,9397.26,MGR019,2022-03-02 12:00:00
TXN00000457,EMP0057,HR,HR Coord,2022-03-02,4940.74,36.281365747733616,1551.2607260001118,6492.000726000111,MGR014,2022-03-02 08:00:00
TXN00000458,EMP0058,Marketing,Marketing Coord,2022-03-02,4632.85,0.0,0.0,4632.85,MGR019,2022-03-02 12:00:00
TXN00000459,EMP0059,HR,HR Coord,2022-03-02,4391.67,0.0,0.0,4391.67,MGR014,2022-03-02 12:00:00
TXN00000460,EMP0060,Marketing,Marketing Specialist,2022-03-02,6353.27,2.4,132.02,6485.29,MGR019,2022-03-02 17:00:00
TXN00000461,EMP0061,Engineering,Tech Lead,2022-03-02,10811.75,0.0,0.0,21623.5,MGR013,2022-03-02 17:00:00
TXN00000462,EMP0062,Sales,Sales Rep,2022-03-02,4176.52,1.6,56.93,4233.45,MGR009,2022-03-02 15:00:00
TXN00000463,EMP0063,HR,HR Coord,2022-03-02,3739.19,0.9,29.2,3768.38,MGR014,2022-03-02 10:00:00
TXN00000464,EMP0064,Operations,Operations Lead,2022-03-02,10674.03,0.0,0.0,10674.03,MGR019,2022-03-02 15:00:00
TXN00000465,EMP0065,HR,HR Coord,2022-03-02,3485.37,0.3,7.65,3493.02,MGR014,2022-03-02 16:00:00
TXN00000466,EMP0066,Operations,Operations Lead,2022-03-02,8672.28,3.4,258.84,8931.12,MGR019,2022-03-02 15:00:00
TXN00000467,EMP0067,Sales,Sales Manager,2022-03-02,8948.71,0.0,0.0,8948.71,MGR009,2022-03-02 13:00:00
TXN00000468,EMP0068,HR,HR Specialist,2022-03-02,6299.01,2.0,107.12,6406.14,MGR014,2022-03-02 13:00:00
TXN00000469,EMP0069,HR,HR Manager,2022-03-02,10795.65,0.0,0.0,10795.65,MGR014,2022-03-02 16:00:00
TXN00000470,EMP0070,Sales,Sales Manager,2022-03-02,10977.25,0.0,0.0,10977.25,MGR009,2022-03-02 16:00:00
TXN00000471,EMP0071,Operations,Operations Manager,2022-03-02,11742.36,0.0,0.0,11742.36,MGR019,2022-03-02 14:00:00
TXN00000472,EMP0072,Finance,Controller,2022-03-02,11907.85,0.0,0.0,11907.85,MGR017,2022-03-02 15:00:00
TXN00000473,EMP0073,Sales,Senior Sales,2022-03-02,6441.24,0.0,0.0,6441.24,MGR009,2022-03-02 13:00:00
TXN00000474,EMP0074,Marketing,Marketing Coord,2022-03-02,4266.93,0.0,0.0,4266.93,MGR019,2022-03-02 11:00:00
TXN00000475,EMP0075,HR,HR Coord,2022-03-02,3464.27,5.7,170.97,3635.24,MGR014,2022-03-02 11:00:00
TXN00000476,EMP0076,Sales,Sales Rep,2022-03-02,4965.61,0.0,0.0,4965.61,MGR009,2022-03-02 17:00:00
TXN00000477,EMP0077,Operations,Operations Manager,2022-03-02,9171.93,0.0,0.0,9171.93,MGR019,2022-03-02 14:00:00
TXN00000478,EMP0078,Sales,Sales Rep,2022-03-02,5064.91,0.0,0.0,5064.91,MGR009,2022-03-02 11:00:00
TXN00000479,EMP0079,Marketing,Marketing Coord,2022-03-02,4532.56,3.4,134.13,4666.69,MGR019,2022-03-02 14:00:00
TXN00000480,EMP0080,Sales,Sales Manager,2022-03-02,9838.75,0.0,0.0,9838.75,MGR009,2022-03-02 08:00:00
TXN00000481,EMP0081,Finance,Senior Analyst,2022-03-02,6995.72,6.4,386.4,7382.13,MGR017,2022-03-02 13:00:00
TXN00000482,EMP0082,Sales,Regional Director,2022-03-02,14093.38,0.0,0.0,14093.38,MGR009,2022-03-02 15:00:00
TXN00000483,EMP0083,Finance,Controller,2022-03-02,11415.72,0.0,0.0,11415.72,MGR017,2022-03-02 14:00:00
TXN00000484,EMP0084,Engineering,Junior Dev,2022-03-02,4337.7,5.2,196.81,4534.51,MGR013,2022-03-02 14:00:00
TXN00000485,EMP0085,Finance,Finance Manager,2022-03-02,8923.43,0.0,0.0,8923.43,MGR017,2022-03-02 10:00:00
TXN00000486,EMP0086,Finance,Controller,2022-03-02,12270.85,0.0,0.0,12270.85,MGR017,2022-03-02 15:00:00
TXN00000487,EMP0087,Engineering,Junior Dev,2022-03-02,4674.43,0.0,0.0,4674.43,MGR013,2022-03-02 08:00:00
TXN00000488,EMP0088,Finance,Finance Manager,2022-03-02,10604.43,0.0,0.0,10604.43,MGR017,2022-03-02 10:00:00
TXN00000489,EMP0089,Sales,Senior Sales,2022-03-02,7486.15,0.0,0.0,7486.15,MGR009,2022-03-02 16:00:00
TXN00000490,EMP0090,HR,HR Specialist,2022-03-02,6199.09,0.0,1.03,6200.12,MGR014,2022-03-02 17:00:00
TXN00000491,EMP0091,Finance,Senior Analyst,2022-03-02,6591.18,2.9,164.19,6755.37,MGR017,2022-03-02 13:00:00
TXN00000492,EMP0092,Finance,Senior Analyst,2022-03-02,8736.74,0.0,0.0,8736.74,MGR017,2022-03-02 09:00:00
TXN00000493,EMP0093,Finance,Analyst,2022-03-02,4894.09,0.9,38.22,4932.31,MGR017,2022-03-02 15:00:00
TXN00000494,EMP0094,Operations,Operations Manager,2022-03-02,11594.89,0.0,0.0,11594.89,MGR019,2022-03-02 09:00:00
TXN00000495,EMP0095,Engineering,Senior Dev,2022-03-02,7052.01,0.0,0.0,7052.01,MGR013,2022-03-02 16:00:00
TXN00000496,EMP0096,Finance,Controller,2022-03-02,11717.78,0.0,0.0,11717.78,MGR017,2022-03-02 15:00:00
TXN00000497,EMP0097,Sales,Regional Director,2022-03-02,15462.52,4.3,574.61,16037.13,MGR009,2022-03-02 08:00:00
TXN00000498,EMP0098,Sales,Regional Director,2022-03-02,12561.59,9.9,1075.09,13636.67,MGR009,2022-03-02 10:00:00
TXN00000499,EMP0099,Finance,Finance Manager,2022-03-02,12220.41,0.0,0.0,12220.41,MGR017,2022-03-02 14:00:00
TXN00000500,EMP0100,Marketing,Marketing Specialist,2022-03-02,6612.31,0.0,0.0,6612.31,MGR019,2022-03-02 10:00:00
TXN00000501,EMP0101,Operations,Operations Manager,2022-03-02,10528.67,0.0,0.0,10528.67,MGR019,2022-03-02 09:00:00
TXN00000502,EMP0102,Operations,Operations Lead,2022-03-02,8989.25,0.2,16.39,9005.65,MGR019,2022-03-02 15:00:00
TXN00000503,EMP0103,Sales,Sales Manager,2022-03-02,10360.5,0.0,0.0,10360.5,MGR009,2022-03-02 12:00:00
TXN00000504,EMP0104,Engineering,Junior Dev,2022-03-02,4175.23,2.6,94.59,4269.83,MGR013,2022-03-02 13:00:00
TXN00000505,EMP0105,Engineering,Junior Dev,2022-03-02,3797.97,2.9,95.64,3893.61,MGR013,2022-03-02 17:00:00
TXN00000506,EMP0106,Finance,Senior Analyst,2022-03-02,7469.34,6.2,397.94,7867.28,MGR017,2022-03-02 14:00:00
TXN00000507,EMP0107,HR,HR Coord,2022-03-02,4211.49,0.0,0.0,4211.49,MGR014,2022-03-02 09:00:00
TXN00000508,EMP0108,Engineering,Junior Dev,2022-03-02,5017.19,0.0,0.0,5017.19,MGR013,2022-03-02 13:00:00
TXN00000509,EMP0109,Sales,Regional Director,2022-03-02,13192.84,0.0,0.0,13192.84,MGR009,2022-03-02 16:00:00
TXN00000510,EMP0110,HR,HR Coord,2022-03-02,4615.95,4.3,170.16,4786.1,MGR014,2022-03-02 14:00:00
TXN00000511,EMP0111,HR,HR Coord,2022-03-02,4364.79,0.1,2.54,4367.33,MGR014,2022-03-02 13:00:00
TXN00000512,EMP0112,Engineering,Engineering Manager,2022-03-02,8883.38,0.0,0.0,8883.38,MGR013,2022-03-02 15:00:00
TXN00000513,EMP0113,HR,HR Manager,2022-03-02,9372.03,0.0,0.0,9372.03,MGR014,2022-03-02 16:00:00
TXN00000514,EMP0114,Marketing,Marketing Specialist,2022-03-02,6390.94,1.8,97.96,6488.9,MGR019,2022-03-02 08:00:00
TXN00000515,EMP0115,Operations,Operations Manager,2022-03-02,11983.42,0.0,0.0,11983.42,MGR019,2022-03-02 17:00:00
TXN00000516,EMP0116,Sales,Sales Manager,2022-03-02,11442.95,0.0,0.0,11442.95,MGR009,2022-03-02 09:00:00
TXN00000517,EMP0117,Sales,Sales Manager,2022-03-02,10673.75,0.0,0.0,10673.75,MGR009,2022-03-02 11:00:00
TXN00000518,EMP0118,Marketing,Marketing Coord,2022-03-02,3852.51,0.7,24.95,3877.46,MGR019,2022-03-02 12:00:00
TXN00000519,EMP0119,Finance,Analyst,2022-03-02,4641.47,3.4,137.49,4778.96,MGR017,2022-03-02 11:00:00
TXN00000520,EMP0120,HR,HR Coord,2022-03-02,4188.6,1.0,34.71,4223.31,MGR014,2022-03-02 09:00:00
TXN00000521,EMP0121,Marketing,Marketing Coord,2022-03-02,5185.24,0.0,0.0,5185.24,MGR019,2022-03-02 14:00:00
TXN00000522,EMP0122,Engineering,Senior Dev,2022-03-02,7953.97,1.7,116.92,8070.89,MGR013,2022-03-02 09:00:00
TXN00000523,EMP0123,Marketing,Marketing Coord,2022-03-02,3855.55,0.0,0.0,3855.55,MGR019,2022-03-02 09:00:00
TXN00000524,EMP0124,HR,HR Manager,2022-03-02,11224.71,0.0,0.0,11224.71,MGR014,2022-03-02 15:00:00
TXN00000525,EMP0125,HR,HR Manager,2022-03-02,12873.62,0.0,0.0,12873.62,MGR014,2022-03-02 10:00:00
TXN00000526,EMP0126,Engineering,Tech Lead,2022-03-02,8476.43,0.0,0.0,8476.43,MGR013,2022-03-02 12:00:00
TXN00000527,EMP0127,Engineering,Senior Dev,2022-03-02,7780.49,0.0,0.0,7780.49,MGR013,2022-03-02 08:00:00
TXN00000528,EMP0128,Engineering,Junior Dev,2022-03-02,4229.37,6.7,246.53,4475.9,MGR013,2022-03-02 08:00:00
TXN00000529,EMP0129,Sales,Sales Manager,2022-03-02,12272.22,0.0,0.0,12272.22,MGR009,2022-03-02 13:00:00
TXN00000530,EMP0130,HR,HR Coord,2022-03-02,4070.73,3.2,111.45,4182.18,MGR014,2022-03-02 08:00:00
TXN00000531,EMP0131,Marketing,Marketing Coord,2022-03-02,4717.41,6.0,244.67,4962.07,MGR019,2022-03-02 12:00:00
TXN00000532,EMP0132,Operations,Operations Lead,2022-03-02,8194.28,10.3,733.53,8927.81,MGR019,2022-03-02 13:00:00
TXN00000533,EMP0133,Finance,Finance Manager,2022-03-02,12169.82,0.0,0.0,12169.82,MGR017,2022-03-02 13:00:00
TXN00000534,EMP0134,Engineering,Engineering Manager,2022-03-02,11431.86,0.0,0.0,11431.86,MGR013,2022-03-02 14:00:00
TXN00000535,EMP0135,Engineering,Junior Dev,2022-03-02,4439.85,0.0,0.0,4439.85,MGR013,2022-03-02 10:00:00
TXN00000536,EMP0136,Sales,Sales Manager,2022-03-02,12130.79,0.0,0.0,12130.79,MGR009,2022-03-02 11:00:00
TXN00000537,EMP0137,Operations,Operations Lead,2022-03-02,11085.71,0.0,0.0,11085.71,MGR019,2022-03-02 16:00:00
TXN00000538,EMP0138,Operations,Operations Lead,2022-03-02,9145.04,0.4,33.4,9178.44,MGR019,2022-03-02 14:00:00
TXN00000539,EMP0139,Engineering,Junior Dev,2022-03-02,5400.48,7.6,355.61,5756.09,MGR013,2022-03-02 17:00:00
TXN00000540,EMP0140,Operations,Operations Analyst,2022-03-02,5845.28,4.8,241.63,6086.91,MGR019,2022-03-02 10:00:00
TXN00000541,EMP0141,Engineering,Tech Lead,2022-03-02,9965.7,0.0,0.0,9965.7,MGR013,2022-03-02 10:00:00
TXN00000542,EMP0142,HR,HR Coord,2022-03-02,3825.33,0.4,12.39,3837.72,MGR014,2022-03-02 10:00:00
TXN00000543,EMP0143,Sales,Sales Rep,2022-03-02,4482.67,3.5,134.65,4617.32,MGR009,2022-03-02 09:00:00
TXN00000544,EMP0144,Marketing,Marketing Coord,2022-03-02,4099.11,0.7,23.82,4122.92,MGR019,2022-03-02 17:00:00
TXN00000545,EMP0145,Sales,Senior Sales,2022-03-02,6775.07,0.2,11.67,6786.75,MGR009,2022-03-02 14:00:00
TXN00000546,EMP0146,Engineering,Tech Lead,2022-03-02,7593.55,0.0,0.0,7593.55,MGR013,2022-03-02 17:00:00
TXN00000547,EMP0147,Finance,Senior Analyst,2022-03-02,7749.31,0.9,63.04,7812.35,MGR017,2022-03-02 11:00:00
TXN00000548,EMP0148,Sales,Senior Sales,2022-03-02,6368.3,0.0,0.0,6368.3,MGR009,2022-03-02 15:00:00
TXN00000549,EMP0149,Engineering,Senior Dev,2022-03-02,7545.98,1.8,118.99,7664.97,MGR013,2022-03-02 17:00:00
TXN00000550,EMP0150,Finance,Senior Analyst,2022-03-02,7169.19,0.2,14.0,7183.19,MGR017,2022-03-02 10:00:00
TXN00000551,EMP0151,Sales,Sales Rep,2022-03-02,3988.07,2.0,67.69,4055.76,MGR009,2022-03-02 11:00:00
TXN00000552,EMP0152,Engineering,Engineering Manager,2022-03-02,10752.42,0.0,0.0,10752.42,MGR013,2022-03-02 15:00:00
TXN00000553,EMP0153,Sales,Regional Director,2022-03-02,15937.52,5.9,813.87,16751.39,MGR009,2022-03-02 12:00:00
TXN00000554,EMP0154,Marketing,Marketing Coord,2022-03-02,4071.82,0.0,0.0,4071.82,MGR019,2022-03-02 15:00:00
TXN00000555,EMP0155,Engineering,Senior Dev,2022-03-02,7631.91,2.0,129.76,7761.67,MGR013,2022-03-02 12:00:00
TXN00000556,EMP0156,Marketing,Marketing Specialist,2022-03-02,5341.01,0.8,38.43,5379.43,MGR019,2022-03-02 08:00:00
TXN00000557,EMP0157,Marketing,Marketing Specialist,2022-03-02,5319.42,0.0,0.0,5319.42,MGR019,2022-03-02 15:00:00
TXN00000558,EMP0158,HR,HR Specialist,2022-03-02,6403.6,2.1,114.86,6518.46,MGR014,2022-03-02 12:00:00
TXN00000559,EMP0159,HR,HR Specialist,2022-03-02,5325.04,3.6,167.59,5492.62,MGR014,2022-03-02 16:00:00
TXN00000560,EMP0160,Engineering,Tech Lead,2022-03-02,8027.45,0.0,0.0,8027.45,MGR013,2022-03-02 10:00:00
TXN00000561,EMP0161,HR,HR Specialist,2022-03-02,5912.38,0.0,1.51,5913.89,MGR014,2022-03-02 09:00:00
TXN00000562,EMP0162,Engineering,Engineering Manager,2022-03-02,10741.56,0.0,0.0,10741.56,MGR013,2022-03-02 15:00:00
TXN00000563,EMP0163,Operations,Operations Lead,2022-03-02,10681.51,1.3,119.73,10801.24,MGR019,2022-03-02 13:00:00
TXN00000564,EMP0164,HR,HR Manager,2022-03-02,10759.08,0.0,0.0,10759.08,MGR014,2022-03-02 17:00:00
TXN00000565,EMP0165,Finance,Senior Analyst,2022-03-02,6822.06,0.4,25.22,6847.28,MGR017,2022-03-02 12:00:00
TXN00000566,EMP0166,Engineering,Engineering Manager,2022-03-02,10329.97,0.0,0.0,10329.97,MGR013,2022-03-02 14:00:00
TXN00000567,EMP0167,HR,HR Manager,2022-03-02,8443.36,0.0,0.0,8443.36,MGR014,2022-03-02 12:00:00
TXN00000568,EMP0168,Operations,Operations Manager,2022-03-02,8507.85,0.0,0.0,8507.85,MGR019,2022-03-02 15:00:00
TXN00000569,EMP0169,Sales,Sales Manager,2022-03-02,12001.08,0.0,0.0,12001.08,MGR009,2022-03-02 12:00:00
TXN00000570,EMP0170,Engineering,Tech Lead,2022-03-02,8739.09,0.0,0.0,8739.09,MGR013,2022-03-02 11:00:00
TXN00000571,EMP0171,Marketing,Marketing Manager,2022-03-02,10355.85,0.0,0.0,10355.85,MGR019,2022-03-02 14:00:00
TXN00000572,EMP0172,Operations,Operations Lead,2022-03-02,8203.79,8.3,586.17,8789.96,MGR019,2022-03-02 15:00:00
TXN00000573,EMP0173,Marketing,Marketing Manager,2022-03-02,10216.3,0.0,0.0,10216.3,MGR019,2022-03-02 09:00:00
TXN00000574,EMP0174,Marketing,Marketing Specialist,2022-03-02,5657.52,0.0,0.0,5657.52,MGR019,2022-03-02 11:00:00
TXN00000575,EMP0175,Marketing,Marketing Manager,2022-03-02,10147.26,0.0,0.0,10147.26,MGR019,2022-03-02 14:00:00
TXN00000576,EMP0176,Sales,Regional Director,2022-03-02,14435.8,0.0,0.0,14435.8,MGR009,2022-03-02 17:00:00
TXN00000577,EMP0177,Finance,Senior Analyst,2022-03-02,7282.5,0.0,0.0,7282.5,MGR017,2022-03-02 13:00:00
TXN00000578,EMP0178,HR,HR Specialist,2022-03-02,4991.01,5.1,218.52,5209.53,MGR014,2022-03-02 17:00:00
TXN00000579,EMP0179,HR,HR Coord,2022-03-02,3544.49,6.8,207.23,3751.73,MGR014,2022-03-02 12:00:00
TXN00000580,EMP0180,Marketing,Marketing Coord,2022-03-02,4740.4,5.1,209.2,4949.6,MGR019,2022-03-02 12:00:00
TXN00000581,EMP0181,HR,HR Manager,2022-03-02,10222.67,0.0,0.0,10222.67,MGR014,2022-03-02 08:00:00
TXN00000582,EMP0182,Marketing,Marketing Specialist,2022-03-02,5600.16,3.9,191.22,5791.38,MGR019,2022-03-02 14:00:00
TXN00000583,EMP0183,Finance,Senior Analyst,2022-03-02,8022.91,0.2,12.97,8035.88,MGR017,2022-03-02 12:00:00
TXN00000584,EMP0184,Finance,Senior Analyst,2022-03-02,8944.23,0.5,40.36,8984.59,MGR017,2022-03-02 08:00:00
TXN00000585,EMP0185,Engineering,Tech Lead,2022-03-02,8023.94,0.0,0.0,8023.94,MGR013,2022-03-02 17:00:00
TXN00000586,EMP0186,Operations,Operations Manager,2022-03-02,8678.83,0.0,0.0,8678.83,MGR019,2022-03-02 08:00:00
TXN00000587,EMP0187,Marketing,Marketing Coord,2022-03-02,3689.3,11.2,356.69,4045.99,MGR019,2022-03-02 17:00:00
TXN00000588,EMP0188,Operations,Operations Lead,2022-03-02,7854.94,0.6,41.0,7895.94,MGR019,2022-03-02 15:00:00
TXN00000589,EMP0189,Sales,Senior Sales,2022-03-02,7604.22,0.0,0.0,7604.22,MGR009,2022-03-02 12:00:00
TXN00000590,EMP0190,Engineering,Senior Dev,2022-03-02,7679.73,2.1,137.48,7817.21,MGR013,2022-03-02 11:00:00
TXN00000591,EMP0191,HR,HR Coord,2022-03-02,3730.25,3.8,123.0,3853.25,MGR014,2022-03-02 17:00:00
TXN00000592,EMP0192,Finance,Senior Analyst,2022-03-02,8043.48,16.8,1171.2,9214.68,MGR017,2022-03-02 13:00:00
TXN00000593,EMP0193,Operations,Operations Lead,2022-03-02,10249.22,0.0,0.0,10249.22,MGR019,2022-03-02 11:00:00
TXN00000594,EMP0194,Finance,Senior Analyst,2022-03-02,6496.16,0.7,37.54,6533.7,MGR017,2022-03-02 11:00:00
TXN00000595,EMP0195,Operations,Operations Manager,2022-03-02,11904.32,0.0,0.0,11904.32,MGR019,2022-03-02 17:00:00
TXN00000596,EMP0196,Engineering,Engineering Manager,2022-03-02,12006.46,0.0,0.0,12006.46,MGR013,2022-03-02 12:00:00
TXN00000597,EMP0197,Sales,Regional Director,2022-03-02,13496.4,6.1,710.24,14206.64,MGR009,2022-03-02 10:00:00
TXN00000598,EMP0198,HR,HR Coord,2022-03-02,4323.24,0.0,0.0,4323.24,MGR014,2022-03-02 09:00:00
TXN00000599,EMP0199,Finance,Senior Analyst,2022-03-02,7877.94,0.0,0.0,7877.94,MGR017,2022-03-02 08:00:00
TXN00000600,EMP0200,Operations,Operations Manager,2022-03-02,11749.49,0.0,0.0,11749.49,MGR019,2022-03-02 12:00:00
TXN00000601,EMP0001,Operations,Operations Analyst,2022-04-01,5509.53,13.2,628.51,6138.04,MGR019,2022-04-01 15:00:00
TXN00000602,EMP0002,Operations,Operations Lead,2022-04-01,9841.05,6.1,515.49,10356.53,MGR019,2022-04-01 08:00:00
TXN00000603,EMP0003,Sales,Senior Sales,2022-04-01,6221.04,1.7,93.25,6314.28,MGR009,2022-04-01 17:00:00
TXN00000604,EMP0004,Operations,Operations Manager,2022-04-01,9555.93,0.0,0.0,9555.93,MGR019,2022-04-01 13:00:00
TXN00000605,EMP0005,Engineering,Engineering Manager,2022-04-01,11100.7,0.0,0.0,11100.7,MGR013,2022-04-01 10:00:00
TXN00000606,EMP0006,Engineering,Junior Dev,2022-04-01,4351.95,0.0,0.0,4351.95,MGR013,2022-04-01 09:00:00
TXN00000607,EMP0007,Sales,Sales Rep,2022-04-01,4859.16,1.0,40.89,4900.05,MGR009,2022-04-01 12:00:00
TXN00000608,EMP0008,Sales,Regional Director,2022-04-01,11731.85,7.3,741.51,12473.35,MGR009,2022-04-01 13:00:00
TXN00000609,EMP0009,Finance,Finance Manager,2022-04-01,9764.7,0.0,0.0,9764.7,MGR017,2022-04-01 14:00:00
TXN00000610,EMP0010,Sales,Regional Director,2022-04-01,12894.02,4.0,442.18,13336.2,MGR009,2022-04-01 10:00:00
TXN00000611,EMP0011,Marketing,Marketing Coord,2022-04-01,4135.09,3.8,135.07,4270.16,MGR019,2022-04-01 11:00:00
TXN00000612,EMP0012,Marketing,Marketing Coord,2022-04-01,3799.77,0.0,0.0,3799.77,MGR019,2022-04-01 10:00:00
TXN00000613,EMP0013,Finance,Analyst,2022-04-01,5381.41,0.8,37.89,5419.3,MGR017,2022-04-01 16:00:00
TXN00000614,EMP0014,Marketing,Marketing Manager,2022-04-01,9388.76,0.0,0.0,9388.76,MGR019,2022-04-01 13:00:00
TXN00000615,EMP0015,Engineering,Engineering Manager,2022-04-01,10337.47,0.0,0.0,10337.47,MGR013,2022-04-01 16:00:00
TXN00000616,EMP0016,Engineering,Engineering Manager,2022-04-01,10474.68,0.0,0.0,10474.68,MGR013,2022-04-01 16:00:00
TXN00000617,EMP0017,HR,HR Specialist,2022-04-01,5395.52,0.0,0.0,5395.52,MGR014,2022-04-01 12:00:00
TXN00000618,EMP0018,HR,HR Specialist,2022-04-01,6806.67,2.2,127.8,6934.47,MGR014,2022-04-01 10:00:00
TXN00000619,EMP0019,Sales,Sales Rep,2022-04-01,4156.24,2.7,96.98,4253.22,MGR009,2022-04-01 12:00:00
TXN00000620,EMP0020,Operations,Operations Analyst,2022-04-01,5491.77,1.5,70.73,5562.5,MGR019,2022-04-01 15:00:00
TXN00000621,EMP0021,Engineering,Senior Dev,2022-04-01,6337.25,0.0,0.0,6337.25,MGR013,2022-04-01 12:00:00
TXN00000622,EMP0022,Finance,Finance Manager,2022-04-01,9664.68,0.0,0.0,9664.68,MGR017,2022-04-01 13:00:00
TXN00000623,EMP0023,Operations,Operations Lead,2022-04-01,8677.93,4.5,334.53,9012.46,MGR019,2022-04-01 09:00:00
TXN00000624,EMP0024,Marketing,Marketing Specialist,2022-04-01,5327.61,10.5,484.18,5811.8,MGR019,2022-04-01 15:00:00
TXN00000625,EMP0025,Operations,Operations Lead,2022-04-01,8975.51,0.8,62.74,9038.25,MGR019,2022-04-01 09:00:00
TXN00000626,EMP0026,Operations,Operations Manager,2022-04-01,12600.78,0.0,0.0,12600.78,MGR019,2022-04-01 10:00:00
TXN00000627,EMP0027,HR,HR Manager,2022-04-01,13014.25,0.0,0.0,13014.25,MGR014,2022-04-01 11:00:00
TXN00000628,EMP0028,HR,HR Manager,2022-04-01,11875.28,0.0,0.0,11875.28,MGR014,2022-04-01 14:00:00
TXN00000629,EMP0029,Sales,Regional Director,2022-04-01,11348.67,0.9,84.25,11432.92,MGR009,2022-04-01 16:00:00
TXN00000630,EMP0030,Marketing,Marketing Manager,2022-04-01,8684.42,0.0,0.0,8684.42,MGR019,2022-04-01 13:00:00
TXN00000631,EMP0031,HR,HR Coord,2022-04-01,5625.339602992038,0.6,18.54,5643.879602992038,MGR014,2022-04-01 09:00:00
TXN00000632,EMP0032,Marketing,Marketing Coord,2022-04-01,4484.93,4.0,155.25,4640.17,MGR019,2022-04-01 14:00:00
TXN00000633,EMP0033,Engineering,Tech Lead,2022-04-01,8587.39,0.0,0.0,8587.39,MGR013,2022-04-01 08:00:00
TXN00000634,EMP0034,Marketing,Marketing Coord,2022-04-01,3850.71,1.9,64.35,3915.06,MGR019,2022-04-01 12:00:00
TXN00000635,EMP0035,HR,HR Manager,2022-04-01,9869.11,0.0,0.0,9869.11,MGR014,2022-04-01 16:00:00
TXN00000636,EMP0036,Sales,Regional Director,2022-04-01,14237.79,0.0,0.0,14237.79,MGR009,2022-04-01 09:00:00
TXN00000637,EMP0037,Operations,Operations Lead,2022-04-01,8275.66,6.1,435.5,8711.16,MGR019,2022-04-01 15:00:00
TXN00000638,EMP0038,Marketing,Marketing Coord,2022-04-01,4547.26,0.4,14.01,4561.27,MGR019,2022-04-01 13:00:00
TXN00000639,EMP0039,Operations,Operations Manager,2022-04-01,10954.57,0.0,0.0,10954.57,MGR019,2022-04-01 12:00:00
TXN00000640,EMP0040,Marketing,Marketing Manager,2022-04-01,9598.62,0.0,0.0,9598.62,MGR019,2022-04-01 17:00:00
TXN00000641,EMP0041,Finance,Controller,2022-04-01,13631.32,0.0,0.0,13631.32,MGR017,2022-04-01 14:00:00
TXN00000642,EMP0042,Sales,Senior Sales,2022-04-01,6548.4,0.4,22.14,6570.54,MGR009,2022-04-01 13:00:00
TXN00000643,EMP0043,Finance,Analyst,2022-04-01,4795.53,8.1,338.17,5133.7,MGR017,2022-04-01 09:00:00
TXN00000644,EMP0044,Engineering,Senior Dev,2022-04-01,7801.12,2.1,143.33,7944.45,MGR013,2022-04-01 11:00:00
TXN00000645,EMP0045,Sales,Regional Director,2022-04-01,15087.19,0.5,62.89,15150.09,MGR009,2022-04-01 15:00:00
TXN00000646,EMP0046,Engineering,Engineering Manager,2022-04-01,9386.42,0.0,0.0,9386.42,MGR013,2022-04-01 08:00:00
TXN00000647,EMP0047,HR,HR Specialist,2022-04-01,6140.56,0.0,0.0,6140.56,MGR014,2022-04-01 17:00:00
TXN00000648,EMP0048,Marketing,Marketing Manager,2022-04-01,11348.61,0.0,0.0,11348.61,MGR019,2022-04-01 16:00:00
TXN00000649,EMP0049,Operations,Operations Manager,2022-04-01,10413.0,0.0,0.0,10413.0,MGR019,2022-04-01 13:00:00
TXN00000650,EMP0050,Operations,Operations Manager,2022-04-01,8475.73,0.0,0.0,8475.73,MGR019,2022-04-01 17:00:00
TXN00000651,EMP0051,Operations,Operations Lead,2022-04-01,8038.62,3.3,229.4,8268.02,MGR019,2022-04-01 11:00:00
TXN00000652,EMP0052,Marketing,Marketing Specialist,2022-04-01,5324.96,0.1,4.21,5329.17,MGR019,2022-04-01 09:00:00
TXN00000653,EMP0053,Finance,Analyst,2022-04-01,5776.99,3.7,182.93,5959.92,MGR017,2022-04-01 15:00:00
TXN00000654,EMP0054,Operations,Operations Lead,2022-04-01,9246.61,3.4,268.65,9515.26,MGR019,2022-04-01 12:00:00
TXN00000655,EMP0055,Sales,Sales Rep,2022-04-01,4055.4,0.0,0.0,4055.4,MGR009,2022-04-01 14:00:00
TXN00000656,EMP0056,Marketing,Marketing Manager,2022-04-01,9397.26,0.0,0.0,9397.26,MGR019,2022-04-01 09:00:00
TXN00000657,EMP0057,HR,HR Coord,2022-04-01,4940.74,6.1,259.88,5200.62,MGR014,2022-04-01 10:00:00
TXN00000658,EMP0058,Marketing,Marketing Coord,2022-04-01,4632.85,3.5,141.89,4774.74,MGR019,2022-04-01 08:00:00
TXN00000659,EMP0059,HR,HR Coord,2022-04-01,4391.67,0.0,0.0,4391.67,MGR014,2022-04-01 08:00:00
TXN00000660,EMP0060,Marketing,Marketing Specialist,2022-04-01,6353.27,0.0,0.0,6353.27,MGR019,2022-04-01 12:00:00
TXN00000661,EMP0061,Engineering,Tech Lead,2022-04-01,10811.75,0.0,0.0,10811.75,MGR013,2022-04-01 15:00:00
TXN00000662,EMP0062,Sales,Sales Rep,2022-04-01,4176.52,2.1,74.55,4251.06,MGR009,2022-04-01 09:00:00
TXN00000663,EMP0063,HR,HR Coord,2022-04-01,3739.19,6.1,197.24,3936.43,MGR014,2022-04-01 09:00:00
TXN00000664,EMP0064,Operations,Operations Lead,2022-04-01,10674.03,0.1,8.55,10682.58,MGR019,2022-04-01 11:00:00
TXN00000665,EMP0065,HR,HR Coord,2022-04-01,3485.37,0.0,0.0,3485.37,MGR014,2022-04-01 16:00:00
TXN00000666,EMP0066,Operations,Operations Lead,2022-04-01,8672.28,3.4,254.1,8926.38,MGR019,2022-04-01 10:00:00
TXN00000667,EMP0067,Sales,Sales Manager,2022-04-01,8948.71,0.0,0.0,8948.71,MGR009,2022-04-01 14:00:00
TXN00000668,EMP0068,HR,HR Specialist,2022-04-01,6299.01,3.2,172.26,6471.27,MGR014,2022-04-01 15:00:00
TXN00000669,EMP0069,HR,HR Manager,2022-04-01,10795.65,0.0,0.0,10795.65,MGR014,2022-04-01 13:00:00
TXN00000670,EMP0070,Sales,Sales Manager,2022-04-01,10977.25,0.0,0.0,10977.25,MGR009,2022-04-01 16:00:00
TXN00000671,EMP0071,Operations,Operations Manager,2022-04-01,11742.36,0.0,0.0,11742.36,MGR019,2022-04-01 14:00:00
TXN00000672,EMP0072,Finance,Controller,2022-04-01,13541.642427804862,0.0,0.0,13541.642427804862,MGR017,2022-04-01 17:00:00
TXN00000673,EMP0073,Sales,Senior Sales,2022-04-01,6441.24,6.1,342.15,6783.39,MGR009,2022-04-01 10:00:00
TXN00000674,EMP0074,Marketing,Marketing Coord,2022-04-01,4266.93,0.0,0.0,4266.93,MGR019,2022-04-01 14:00:00
TXN00000675,EMP0075,HR,HR Coord,2022-04-01,3464.27,4.0,120.62,3584.89,MGR014,2022-04-01 09:00:00
TXN00000676,EMP0076,Sales,Sales Rep,2022-04-01,4965.61,0.0,0.0,4965.61,MGR009,2022-04-01 15:00:00
TXN00000677,EMP0077,Operations,Operations Manager,2022-04-01,9171.93,0.0,0.0,9171.93,MGR019,2022-04-01 17:00:00
TXN00000678,EMP0078,Sales,Sales Rep,2022-04-01,5064.91,4.9,216.89,5281.8,MGR009,2022-04-01 14:00:00
TXN00000679,EMP0079,Marketing,Marketing Coord,2022-04-01,4532.56,0.0,0.0,4532.56,MGR019,2022-04-01 12:00:00
TXN00000680,EMP0080,Sales,Sales Manager,2022-04-01,9838.75,0.0,0.0,9838.75,MGR009,2022-04-01 08:00:00
TXN00000681,EMP0081,Finance,Senior Analyst,2022-04-01,6995.72,5.1,309.27,7304.99,MGR017,2022-04-01 13:00:00
TXN00000682,EMP0082,Sales,Regional Director,2022-04-01,14093.38,2.4,287.71,14381.09,MGR009,2022-04-01 11:00:00
TXN00000683,EMP0083,Finance,Controller,2022-04-01,11415.72,0.0,0.0,11415.72,MGR017,2022-04-01 15:00:00
TXN00000684,EMP0084,Engineering,Junior Dev,2022-04-01,4337.7,1.2,44.19,4381.9,MGR013,2022-04-01 15:00:00
TXN00000685,EMP0085,Finance,Finance Manager,2022-04-01,8923.43,0.0,0.0,8923.43,MGR017,2022-04-01 11:00:00
TXN00000686,EMP0086,Finance,Controller,2022-04-01,12270.85,0.0,0.0,12270.85,MGR017,2022-04-01 13:00:00
TXN00000687,EMP0087,Engineering,Junior Dev,2022-04-01,4674.43,1.5,59.7,4734.12,MGR013,2022-04-01 09:00:00
TXN00000688,EMP0088,Finance,Finance Manager,2022-04-01,10604.43,0.0,0.0,10604.43,MGR017,2022-04-01 13:00:00
TXN00000689,EMP0089,Sales,Senior Sales,2022-04-01,7486.15,0.8,50.11,7536.26,MGR009,2022-04-01 16:00:00
TXN00000690,EMP0090,HR,HR Specialist,2022-04-01,6199.09,2.8,148.86,6347.95,MGR014,2022-04-01 13:00:00
TXN00000691,EMP0091,Finance,Senior Analyst,2022-04-01,6591.18,2.9,165.34,6756.52,MGR017,2022-04-01 08:00:00
TXN00000692,EMP0092,Finance,Senior Analyst,2022-04-01,8736.74,1.4,108.35,8845.08,MGR017,2022-04-01 14:00:00
TXN00000693,EMP0093,Finance,Analyst,2022-04-01,4894.09,0.0,0.0,4894.09,MGR017,2022-04-01 12:00:00
TXN00000694,EMP0094,Operations,Operations Manager,2022-04-01,11594.89,0.0,0.0,11594.89,MGR019,2022-04-01 11:00:00
TXN00000695,EMP0095,Engineering,Senior Dev,2022-04-01,7052.01,1.3,76.42,7128.43,MGR013,2022-04-01 09:00:00
TXN00000696,EMP0096,Finance,Controller,2022-04-01,11717.78,0.0,0.0,11717.78,MGR017,2022-04-01 15:00:00
TXN00000697,EMP0097,Sales,Regional Director,2022-04-01,15462.52,1.5,204.27,15666.79,MGR009,2022-04-01 09:00:00
TXN00000698,EMP0098,Sales,Regional Director,2022-04-01,12561.59,2.3,248.74,12810.32,MGR009,2022-04-01 11:00:00
TXN00000699,EMP0099,Finance,Finance Manager,2022-04-01,12220.41,0.0,0.0,12220.41,MGR017,2022-04-01 17:00:00
TXN00000700,EMP0100,Marketing,Marketing Specialist,2022-04-01,6612.31,0.0,0.0,6612.31,MGR019,2022-04-01 08:00:00
TXN00000701,EMP0101,Operations,Operations Manager,2022-04-01,11241.603574881545,0.0,0.0,11241.603574881545,MGR019,2022-04-01 08:00:00
TXN00000702,EMP0102,Operations,Operations Lead,2022-04-01,8989.25,0.0,0.0,8989.25,MGR019,2022-04-01 13:00:00
TXN00000703,EMP0103,Sales,Sales Manager,2022-04-01,10360.5,0.0,0.0,10360.5,MGR009,2022-04-01 11:00:00
TXN00000704,EMP0104,Engineering,Junior Dev,2022-04-01,4175.23,3.1,113.02,4288.25,MGR013,2022-04-01 10:00:00
TXN00000705,EMP0105,Engineering,Junior Dev,2022-04-01,3797.97,0.0,0.0,3797.97,MGR013,2022-04-01 17:00:00
TXN00000706,EMP0106,Finance,Senior Analyst,2022-04-01,7469.34,7.9,507.63,7976.97,MGR017,2022-04-01 11:00:00
TXN00000707,EMP0107,HR,HR Coord,2022-04-01,4211.49,8.2,297.91,4509.41,MGR014,2022-04-01 09:00:00
TXN00000708,EMP0108,Engineering,Junior Dev,2022-04-01,5017.19,0.3,13.93,5031.12,MGR013,2022-04-01 16:00:00
TXN00000709,EMP0109,Sales,Regional Director,2022-04-01,13192.84,0.9,101.64,13294.48,MGR009,2022-04-01 11:00:00
TXN00000710,EMP0110,HR,HR Coord,2022-04-01,4615.95,1.1,44.0,4659.94,MGR014,2022-04-01 17:00:00
TXN00000711,EMP0111,HR,HR Coord,2022-04-01,4364.79,0.0,0.0,4364.79,MGR014,2022-04-01 11:00:00
TXN00000712,EMP0112,Engineering,Engineering Manager,2022-04-01,8883.38,0.0,0.0,8883.38,MGR013,2022-04-01 11:00:00
TXN00000713,EMP0113,HR,HR Manager,2022-04-01,9372.03,0.0,0.0,9372.03,MGR014,2022-04-01 13:00:00
TXN00000714,EMP0114,Marketing,Marketing Specialist,2022-04-01,6390.94,1.6,88.55,6479.49,MGR019,2022-04-01 10:00:00
TXN00000715,EMP0115,Operations,Operations Manager,2022-04-01,11983.42,0.0,0.0,11983.42,MGR019,2022-04-01 17:00:00
TXN00000716,EMP0116,Sales,Sales Manager,2022-04-01,11442.95,0.0,0.0,11442.95,MGR009,2022-04-01 08:00:00
TXN00000717,EMP0117,Sales,Sales Manager,2022-04-01,10673.75,0.0,0.0,10673.75,MGR009,2022-04-01 12:00:00
TXN00000718,EMP0118,Marketing,Marketing Coord,2022-04-01,3852.51,2.5,83.79,3936.3,MGR019,2022-04-01 10:00:00
TXN00000719,EMP0119,Finance,Analyst,2022-04-01,4641.47,9.9,397.03,5038.5,MGR017,2022-04-01 10:00:00
TXN00000720,EMP0120,HR,HR Coord,2022-04-01,4188.6,4.9,178.32,4366.92,MGR014,2022-04-01 16:00:00
TXN00000721,EMP0121,Marketing,Marketing Coord,2022-04-01,5185.24,0.1,5.97,5191.22,MGR019,2022-04-01 12:00:00
TXN00000722,EMP0122,Engineering,Senior Dev,2022-04-01,7953.97,9.1,624.49,8578.46,MGR013,2022-04-01 10:00:00
TXN00000723,EMP0123,Marketing,Marketing Coord,2022-04-01,3855.55,5.1,171.19,4026.75,MGR019,2022-04-01 09:00:00
TXN00000724,EMP0124,HR,HR Manager,2022-04-01,11224.71,0.0,0.0,11224.71,MGR014,2022-04-01 08:00:00
TXN00000725,EMP0125,HR,HR Manager,2022-04-01,12873.62,0.0,0.0,12873.62,MGR014,2022-04-01 10:00:00
TXN00000726,EMP0126,Engineering,Tech Lead,2022-04-01,8476.43,0.0,0.0,8476.43,MGR013,2022-04-01 08:00:00
TXN00000727,EMP0127,Engineering,Senior Dev,2022-04-01,7780.49,1.6,106.93,7887.42,MGR013,2022-04-01 13:00:00
TXN00000728,EMP0128,Engineering,Junior Dev,2022-04-01,4229.37,0.0,0.0,4229.37,MGR013,2022-04-01 11:00:00
TXN00000729,EMP0129,Sales,Sales Manager,2022-04-01,12272.22,0.0,0.0,12272.22,MGR009,2022-04-01 17:00:00
TXN00000730,EMP0130,HR,HR Coord,2022-04-01,4070.73,0.8,28.57,4099.29,MGR014,2022-04-01 13:00:00
TXN00000731,EMP0131,Marketing,Marketing Coord,2022-04-01,4717.41,0.0,0.0,4717.41,MGR019,2022-04-01 08:00:00
TXN00000732,EMP0132,Operations,Operations Lead,2022-04-01,8194.28,5.2,367.91,8562.19,MGR019,2022-04-01 10:00:00
TXN00000733,EMP0133,Finance,Finance Manager,2022-04-01,12169.82,0.0,0.0,12169.82,MGR017,2022-04-01 12:00:00
TXN00000734,EMP0134,Engineering,Engineering Manager,2022-04-01,11431.86,0.0,0.0,11431.86,MGR013,2022-04-01 08:00:00
TXN00000735,EMP0135,Engineering,Junior Dev,2022-04-01,4439.85,2.7,101.82,4541.67,MGR013,2022-04-01 10:00:00
TXN00000736,EMP0136,Sales,Sales Manager,2022-04-01,12130.79,67.75711281122722,7113.005537186311,19243.795537186314,MGR009,2022-04-01 14:00:00
TXN00000737,EMP0137,Operations,Operations Lead,2022-04-01,12432.46410217532,0.0,0.0,12432.46410217532,MGR019,2022-04-01 16:00:00
TXN00000738,EMP0138,Operations,Operations Lead,2022-04-01,9145.04,0.3,23.89,9168.92,MGR019,2022-04-01 09:00:00
TXN00000739,EMP0139,Engineering,Junior Dev,2022-04-01,5400.48,3.1,144.01,5544.49,MGR013,2022-04-01 09:00:00
TXN00000740,EMP0140,Operations,Operations Analyst,2022-04-01,5845.28,2.4,120.07,5965.35,MGR019,2022-04-01 15:00:00
TXN00000741,EMP0141,Engineering,Tech Lead,2022-04-01,9965.7,0.0,0.0,9965.7,MGR013,2022-04-01 15:00:00
TXN00000742,EMP0142,HR,HR Coord,2022-04-01,3825.33,1.5,49.24,3874.57,MGR014,2022-04-01 13:00:00
TXN00000743,EMP0143,Sales,Sales Rep,2022-04-01,4482.67,2.1,79.92,4562.59,MGR009,2022-04-01 16:00:00
TXN00000744,EMP0144,Marketing,Marketing Coord,2022-04-01,4099.11,0.0,0.0,4099.11,MGR019,2022-04-01 17:00:00
TXN00000745,EMP0145,Sales,Senior Sales,2022-04-01,6775.07,3.6,208.94,6984.02,MGR009,2022-04-01 09:00:00
TXN00000746,EMP0146,Engineering,Tech Lead,2022-04-01,7593.55,0.0,0.0,7593.55,MGR013,2022-04-01 15:00:00
TXN00000747,EMP0147,Finance,Senior Analyst,2022-04-01,7749.31,1.7,112.45,7861.76,MGR017,2022-04-01 16:00:00
TXN00000748,EMP0148,Sales,Senior Sales,2022-04-01,6368.3,0.0,0.0,6368.3,MGR009,2022-04-01 11:00:00
TXN00000749,EMP0149,Engineering,Senior Dev,2022-04-01,7545.98,14.2,928.47,8474.45,MGR013,2022-04-01 17:00:00
TXN00000750,EMP0150,Finance,Senior Analyst,2022-04-01,7169.19,0.3,20.46,7189.65,MGR017,2022-04-01 08:00:00
TXN00000751,EMP0151,Sales,Sales Rep,2022-04-01,3988.07,0.0,0.0,3988.07,MGR009,2022-04-01 16:00:00
TXN00000752,EMP0152,Engineering,Engineering Manager,2022-04-01,10752.42,0.0,0.0,10752.42,MGR013,2022-04-01 12:00:00
TXN00000753,EMP0153,Sales,Regional Director,2022-04-01,15937.52,0.3,37.05,15974.57,MGR009,2022-04-01 15:00:00
TXN00000754,EMP0154,Marketing,Marketing Coord,2022-04-01,4071.82,0.0,0.0,4071.82,MGR019,2022-04-01 08:00:00
TXN00000755,EMP0155,Engineering,Senior Dev,2022-04-01,7631.91,1.2,77.4,7709.31,MGR013,2022-04-01 08:00:00
TXN00000756,EMP0156,Marketing,Marketing Specialist,2022-04-01,5341.01,1.3,60.8,5401.81,MGR019,2022-04-01 15:00:00
TXN00000757,EMP0157,Marketing,Marketing Specialist,2022-04-01,5319.42,2.2,101.09,5420.51,MGR019,2022-04-01 14:00:00
TXN00000758,EMP0158,HR,HR Specialist,2022-04-01,6403.6,4.8,267.86,6671.46,MGR014,2022-04-01 14:00:00
TXN00000759,EMP0159,HR,HR Specialist,2022-04-01,5325.04,2.3,107.36,5432.39,MGR014,2022-04-01 09:00:00
TXN00000760,EMP0160,Engineering,Tech Lead,2022-04-01,8027.45,0.0,0.0,8027.45,MGR013,2022-04-01 15:00:00
TXN00000761,EMP0161,HR,HR Specialist,2022-04-01,5912.38,0.0,0.0,5912.38,MGR014,2022-04-01 15:00:00
TXN00000762,EMP0162,Engineering,Engineering Manager,2022-04-01,10741.56,0.0,0.0,10741.56,MGR013,2022-04-01 09:00:00
TXN00000763,EMP0163,Operations,Operations Lead,2022-04-01,10681.51,1.2,112.3,10793.81,MGR019,2022-04-01 09:00:00
TXN00000764,EMP0164,HR,HR Manager,2022-04-01,10759.08,0.0,0.0,10759.08,MGR014,2022-04-01 13:00:00
TXN00000765,EMP0165,Finance,Senior Analyst,2022-04-01,6822.06,2.4,144.51,6966.58,MGR017,2022-04-01 17:00:00
TXN00000766,EMP0166,Engineering,Engineering Manager,2022-04-01,10329.97,0.0,0.0,10329.97,MGR013,2022-04-01 10:00:00
TXN00000767,EMP0167,HR,HR Manager,2022-04-01,8443.36,0.0,0.0,8443.36,MGR014,2022-04-01 09:00:00
TXN00000768,EMP0168,Operations,Operations Manager,2022-04-01,8507.85,0.0,0.0,8507.85,MGR019,2022-04-01 10:00:00
TXN00000769,EMP0169,Sales,Sales Manager,2022-04-01,12001.08,0.0,0.0,12001.08,MGR009,2022-04-01 12:00:00
TXN00000770,EMP0170,Engineering,Tech Lead,2022-04-01,8739.09,0.0,0.0,8739.09,MGR013,2022-04-01 17:00:00
TXN00000771,EMP0171,Marketing,Marketing Manager,2022-04-01,10355.85,0.0,0.0,10355.85,MGR019,2022-04-01 17:00:00
TXN00000772,EMP0172,Operations,Operations Lead,2022-04-01,8203.79,1.8,127.47,8331.26,MGR019,2022-04-01 16:00:00
TXN00000773,EMP0173,Marketing,Marketing Manager,2022-04-01,10216.3,0.0,0.0,10216.3,MGR019,2022-04-01 13:00:00
TXN00000774,EMP0174,Marketing,Marketing Specialist,2022-04-01,5657.52,3.3,160.59,5818.11,MGR019,2022-04-01 14:00:00
TXN00000775,EMP0175,Marketing,Marketing Manager,2022-04-01,10147.26,0.0,0.0,10147.26,MGR019,2022-04-01 17:00:00
TXN00000776,EMP0176,Sales,Regional Director,2022-04-01,14435.8,0.0,0.0,14435.8,MGR009,2022-04-01 16:00:00
TXN00000777,EMP0177,Finance,Senior Analyst,2022-04-01,7282.5,1.5,96.36,7378.87,MGR017,2022-04-01 12:00:00
TXN00000778,EMP0178,HR,HR Specialist,2022-04-01,4991.01,14.7,633.7,5624.72,MGR014,2022-04-01 15:00:00
TXN00000779,EMP0179,HR,HR Coord,2022-04-01,3544.49,0.0,0.0,3544.49,MGR014,2022-04-01 16:00:00
TXN00000780,EMP0180,Marketing,Marketing Coord,2022-04-01,4740.4,5.5,227.11,4967.5,MGR019,2022-04-01 17:00:00
TXN00000781,EMP0181,HR,HR Manager,2022-04-01,10222.67,0.0,0.0,10222.67,MGR014,2022-04-01 14:00:00
TXN00000782,EMP0182,Marketing,Marketing Specialist,2022-04-01,5600.16,4.2,204.65,5804.81,MGR019,2022-04-01 09:00:00
TXN00000783,EMP0183,Finance,Senior Analyst,2022-04-01,8022.91,5.2,364.31,8387.23,MGR017,2022-04-01 09:00:00
TXN00000784,EMP0184,Finance,Senior Analyst,2022-04-01,8944.23,0.0,0.0,8944.23,MGR017,2022-04-01 16:00:00
TXN00000785,EMP0185,Engineering,Tech Lead,2022-04-01,8023.94,0.0,0.0,8023.94,MGR013,2022-04-01 11:00:00
TXN00000786,EMP0186,Operations,Operations Manager,2022-04-01,8678.83,0.0,0.0,8678.83,MGR019,2022-04-01 14:00:00
TXN00000787,EMP0187,Marketing,Marketing Coord,2022-04-01,3689.3,1.1,34.59,3723.89,MGR019,2022-04-01 15:00:00
TXN00000788,EMP0188,Operations,Operations Lead,2022-04-01,7854.94,1.3,91.05,7946.0,MGR019,2022-04-01 11:00:00
TXN00000789,EMP0189,Sales,Senior Sales,2022-04-01,7604.22,8.3,545.65,8149.87,MGR009,2022-04-01 14:00:00
TXN00000790,EMP0190,Engineering,Senior Dev,2022-04-01,7679.73,1.1,72.69,7752.42,MGR013,2022-04-01 13:00:00
TXN00000791,EMP0191,HR,HR Coord,2022-04-01,3730.25,1.8,57.4,3787.65,MGR014,2022-04-01 15:00:00
TXN00000792,EMP0192,Finance,Senior Analyst,2022-04-01,8043.48,2.2,151.4,8194.88,MGR017,2022-04-01 14:00:00
TXN00000793,EMP0193,Operations,Operations Lead,2022-04-01,10249.22,0.0,0.0,10249.22,MGR019,2022-04-01 14:00:00
TXN00000794,EMP0194,Finance,Senior Analyst,2022-04-01,6496.16,14.5,817.66,7313.82,MGR017,2022-04-01 09:00:00
TXN00000795,EMP0195,Operations,Operations Manager,2022-04-01,11904.32,0.0,0.0,11904.32,MGR019,2022-04-01 13:00:00
TXN00000796,EMP0196,Engineering,Engineering Manager,2022-04-01,12006.46,0.0,0.0,12006.46,MGR013,2022-04-01 14:00:00
TXN00000797,EMP0197,Sales,Regional Director,2022-04-01,13496.4,5.1,595.91,14092.31,MGR009,2022-04-01 13:00:00
TXN00000798,EMP0198,HR,HR Coord,2022-04-01,4323.24,6.3,236.1,4559.33,MGR014,2022-04-01 12:00:00
TXN00000799,EMP0199,Finance,Senior Analyst,2022-04-01,7877.94,0.0,0.0,7877.94,MGR017,2022-04-01 13:00:00
TXN00000800,EMP0200,Operations,Operations Manager,2022-04-01,11749.49,0.0,0.0,11749.49,MGR019,2022-04-01 10:00:00
TXN00000801,EMP0001,Operations,Operations Analyst,2022-05-01,5509.53,0.0,0.0,5509.53,MGR019,2022-05-01 15:00:00
TXN00000802,EMP0002,Operations,Operations Lead,2022-05-01,9841.05,0.3,21.56,9862.61,MGR019,2022-05-01 09:00:00
TXN00000803,EMP0003,Sales,Senior Sales,2022-05-01,6221.04,0.6,30.78,6251.82,MGR009,2022-05-01 09:00:00
TXN00000804,EMP0004,Operations,Operations Manager,2022-05-01,9555.93,0.0,0.0,9555.93,MGR019,2022-05-01 09:00:00
TXN00000805,EMP0005,Engineering,Engineering Manager,2022-05-01,11100.7,0.0,0.0,11100.7,MGR013,2022-05-01 09:00:00
TXN00000806,EMP0006,Engineering,Junior Dev,2022-05-01,4351.95,5.2,195.31,4547.26,MGR013,2022-05-01 14:00:00
TXN00000807,EMP0007,Sales,Sales Rep,2022-05-01,4859.16,5.9,249.86,5109.02,MGR009,2022-05-01 09:00:00
TXN00000808,EMP0008,Sales,Regional Director,2022-05-01,11731.85,0.0,0.0,11731.85,MGR009,2022-05-01 13:00:00
TXN00000809,EMP0009,Finance,Finance Manager,2022-05-01,9764.7,0.0,0.0,9764.7,MGR017,2022-05-01 10:00:00
TXN00000810,EMP0010,Sales,Regional Director,2022-05-01,12894.02,0.0,0.0,12894.02,MGR009,2022-05-01 16:00:00
TXN00000811,EMP0011,Marketing,Marketing Coord,2022-05-01,4135.09,2.1,74.96,4210.05,MGR019,2022-05-01 08:00:00
TXN00000812,EMP0012,Marketing,Marketing Coord,2022-05-01,3799.77,0.5,15.61,3815.38,MGR019,2022-05-01 17:00:00
TXN00000813,EMP0013,Finance,Analyst,2022-05-01,5381.41,0.2,9.86,5391.27,MGR017,2022-05-01 16:00:00
TXN00000814,EMP0014,Marketing,Marketing Manager,2022-05-01,9388.76,0.0,0.0,9388.76,MGR019,2022-05-01 16:00:00
TXN00000815,EMP0015,Engineering,Engineering Manager,2022-05-01,10337.47,0.0,0.0,10337.47,MGR013,2022-05-01 13:00:00
TXN00000816,EMP0016,Engineering,Engineering Manager,2022-05-01,10474.68,0.0,0.0,10474.68,MGR013,2022-05-01 09:00:00
TXN00000817,EMP0017,HR,HR Specialist,2022-05-01,5395.52,1.1,52.35,5447.86,MGR014,2022-05-01 14:00:00
TXN00000818,EMP0018,HR,HR Specialist,2022-05-01,6806.67,1.7,102.31,6908.97,MGR014,2022-05-01 13:00:00
TXN00000819,EMP0019,Sales,Sales Rep,2022-05-01,4156.24,3.1,110.49,4266.73,MGR009,2022-05-01 14:00:00
TXN00000820,EMP0020,Operations,Operations Analyst,2022-05-01,5491.77,2.9,137.8,5629.57,MGR019,2022-05-01 08:00:00
TXN00000821,EMP0021,Engineering,Senior Dev,2022-05-01,6337.25,0.5,27.13,6364.38,MGR013,2022-05-01 12:00:00
TXN00000822,EMP0022,Finance,Finance Manager,2022-05-01,9664.68,0.0,0.0,9664.68,MGR017,2022-05-01 17:00:00
TXN00000823,EMP0023,Operations,Operations Lead,2022-05-01,8677.93,0.2,13.5,8691.43,MGR019,2022-05-01 12:00:00
TXN00000824,EMP0024,Marketing,Marketing Specialist,2022-05-01,5327.61,0.0,0.0,5327.61,MGR019,2022-05-01 13:00:00
TXN00000825,EMP0025,Operations,Operations Lead,2022-05-01,8975.51,3.6,276.72,9252.23,MGR019,2022-05-01 09:00:00
TXN00000826,EMP0026,Operations,Operations Manager,2022-05-01,12600.78,0.0,0.0,12600.78,MGR019,2022-05-01 17:00:00
TXN00000827,EMP0027,HR,HR Manager,2022-05-01,13014.25,0.0,0.0,13014.25,MGR014,2022-05-01 16:00:00
TXN00000828,EMP0028,HR,HR Manager,2022-05-01,11875.28,0.0,0.0,11875.28,MGR014,2022-05-01 11:00:00
TXN00000829,EMP0029,Sales,Regional Director,2022-05-01,11348.67,3.5,347.13,11695.79,MGR009,2022-05-01 10:00:00
TXN00000830,EMP0030,Marketing,Marketing Manager,2022-05-01,8684.42,0.0,0.0,8684.42,MGR019,2022-05-01 15:00:00
TXN00000831,EMP0031,HR,HR Coord,2022-05-01,3891.72,0.0,0.0,3891.72,MGR014,2022-05-01 11:00:00
TXN00000832,EMP0032,Marketing,Marketing Coord,2022-05-01,4484.93,0.0,0.0,4484.93,MGR019,2022-05-01 09:00:00
TXN00000833,EMP0033,Engineering,Tech Lead,2022-05-01,8587.39,0.0,0.0,8587.39,MGR013,2022-05-01 13:00:00
TXN00000834,EMP0034,Marketing,Marketing Coord,2022-05-01,3850.71,1.1,36.55,3887.27,MGR019,2022-05-01 16:00:00
TXN00000835,EMP0035,HR,HR Manager,2022-05-01,9869.11,0.0,0.0,9869.11,MGR014,2022-05-01 13:00:00
TXN00000836,EMP0036,Sales,Regional Director,2022-05-01,14237.79,0.4,51.78,14289.57,MGR009,2022-05-01 09:00:00
TXN00000837,EMP0037,Operations,Operations Lead,2022-05-01,8275.66,0.0,0.0,8275.66,MGR019,2022-05-01 12:00:00
TXN00000838,EMP0038,Marketing,Marketing Coord,2022-05-01,4547.26,0.6,25.55,4572.81,MGR019,2022-05-01 17:00:00
TXN00000839,EMP0039,Operations,Operations Manager,2022-05-01,10954.57,0.0,0.0,10954.57,MGR019,2022-05-01 11:00:00
TXN00000840,EMP0040,Marketing,Marketing Manager,2022-05-01,9598.62,0.0,0.0,9598.62,MGR019,2022-05-01 14:00:00
TXN00000841,EMP0041,Finance,Controller,2022-05-01,13631.32,0.0,0.0,13631.32,MGR017,2022-05-01 16:00:00
TXN00000842,EMP0042,Sales,Senior Sales,2022-05-01,6548.4,0.0,0.0,6548.4,MGR009,2022-05-01 17:00:00
TXN00000843,EMP0043,Finance,Analyst,2022-05-01,4795.53,0.0,0.0,4795.53,MGR017,2022-05-01 17:00:00
TXN00000844,EMP0044,Engineering,Senior Dev,2022-05-01,7801.12,1.6,108.98,7910.1,MGR013,2022-05-01 16:00:00
TXN00000845,EMP0045,Sales,Regional Director,2022-05-01,15087.19,0.1,7.59,15094.78,MGR009,2022-05-01 08:00:00
TXN00000846,EMP0046,Engineering,Engineering Manager,2022-05-01,9386.42,0.0,0.0,9386.42,MGR013,2022-05-01 17:00:00
TXN00000847,EMP0047,HR,HR Specialist,2022-05-01,6140.56,2.3,122.18,6262.73,MGR014,2022-05-01 12:00:00
TXN00000848,EMP0048,Marketing,Marketing Manager,2022-05-01,11348.61,0.0,0.0,11348.61,MGR019,2022-05-01 08:00:00
TXN00000849,EMP0049,Operations,Operations Manager,2022-05-01,10413.0,0.0,0.0,10413.0,MGR019,2022-05-01 10:00:00
TXN00000850,EMP0050,Operations,Operations Manager,2022-05-01,8475.73,0.0,0.0,8475.73,MGR019,2022-05-01 12:00:00
TXN00000851,EMP0051,Operations,Operations Lead,2022-05-01,8038.62,0.0,0.0,8038.62,MGR019,2022-05-01 12:00:00
TXN00000852,EMP0052,Marketing,Marketing Specialist,2022-05-01,5324.96,0.3,16.07,5341.03,MGR019,2022-05-01 13:00:00
TXN00000853,EMP0053,Finance,Analyst,2022-05-01,5776.99,1.8,90.86,5867.85,MGR017,2022-05-01 13:00:00
TXN00000854,EMP0054,Operations,Operations Lead,2022-05-01,9246.61,0.0,0.0,9246.61,MGR019,2022-05-01 08:00:00
TXN00000855,EMP0055,Sales,Sales Rep,2022-05-01,4055.4,2.0,70.53,4125.93,MGR009,2022-05-01 10:00:00
TXN00000856,EMP0056,Marketing,Marketing Manager,2022-05-01,9397.26,0.0,0.0,9397.26,MGR019,2022-05-01 10:00:00
TXN00000857,EMP0057,HR,HR Coord,2022-05-01,4940.74,0.0,0.0,4940.74,MGR014,2022-05-01 17:00:00
TXN00000858,EMP0058,Marketing,Marketing Coord,2022-05-01,4632.85,1.4,56.7,4689.55,MGR019,2022-05-01 14:00:00
TXN00000859,EMP0059,HR,HR Coord,2022-05-01,4391.67,1.8,70.14,4461.81,MGR014,2022-05-01 09:00:00
TXN00000860,EMP0060,Marketing,Marketing Specialist,2022-05-01,6353.27,0.0,0.0,6353.27,MGR019,2022-05-01 10:00:00
TXN00000861,EMP0061,Engineering,Tech Lead,2022-05-01,10811.75,0.0,0.0,10811.75,MGR013,2022-05-01 08:00:00
TXN00000862,EMP0062,Sales,Sales Rep,2022-05-01,4176.52,0.0,0.0,4176.52,MGR009,2022-05-01 09:00:00
TXN00000863,EMP0063,HR,HR Coord,2022-05-01,3739.19,0.0,0.0,3739.19,MGR014,2022-05-01 16:00:00
TXN00000864,EMP0064,Operations,Operations Lead,2022-05-01,10674.03,0.0,0.0,10674.03,MGR019,2022-05-01 11:00:00
TXN00000865,EMP0065,HR,HR Coord,2022-05-01,3485.37,3.5,105.43,3590.8,MGR014,2022-05-01 14:00:00
TXN00000866,EMP0066,Operations,Operations Lead,2022-05-01,8672.28,0.9,66.18,8738.46,MGR019,2022-05-01 14:00:00
TXN00000867,EMP0067,Sales,Sales Manager,2022-05-01,8948.71,0.0,0.0,8948.71,MGR009,2022-05-01 15:00:00
TXN00000868,EMP0068,HR,HR Specialist,2022-05-01,6299.01,7.0,379.45,6678.47,MGR014,2022-05-01 13:00:00
TXN00000869,EMP0069,HR,HR Manager,2022-05-01,10795.65,0.0,0.0,10795.65,MGR014,2022-05-01 10:00:00
TXN00000870,EMP0070,Sales,Sales Manager,2022-05-01,10977.25,0.0,0.0,10977.25,MGR009,2022-05-01 13:00:00
TXN00000871,EMP0071,Operations,Operations Manager,2022-05-01,11742.36,0.0,0.0,11742.36,MGR019,2022-05-01 12:00:00
TXN00000872,EMP0072,Finance,Controller,2022-05-01,11907.85,0.0,0.0,11907.85,MGR017,2022-05-01 13:00:00
TXN00000873,EMP0073,Sales,Senior Sales,2022-05-01,6441.24,2.2,122.18,6563.43,MGR009,2022-05-01 17:00:00
TXN00000874,EMP0074,Marketing,Marketing Coord,2022-05-01,4266.93,4.0,148.14,4415.06,MGR019,2022-05-01 17:00:00
TXN00000875,EMP0075,HR,HR Coord,2022-05-01,3464.27,3.4,102.54,3566.81,MGR014,2022-05-01 09:00:00
TXN00000876,EMP0076,Sales,Sales Rep,2022-05-01,4965.61,0.3,11.42,4977.03,MGR009,2022-05-01 08:00:00
TXN00000877,EMP0077,Operations,Operations Manager,2022-05-01,9171.93,0.0,0.0,9171.93,MGR019,2022-05-01 10:00:00
TXN00000878,EMP0078,Sales,Sales Rep,2022-05-01,5064.91,0.2,9.72,5074.63,MGR009,2022-05-01 10:00:00
TXN00000879,EMP0079,Marketing,Marketing Coord,2022-05-01,4532.56,9.4,368.91,4901.47,MGR019,2022-05-01 17:00:00
TXN00000880,EMP0080,Sales,Sales Manager,2022-05-01,9838.75,0.0,0.0,9838.75,MGR009,2022-05-01 08:00:00
TXN00000881,EMP0081,Finance,Senior Analyst,2022-05-01,6995.72,1.1,63.88,14119.2,MGR017,2022-05-01 09:00:00
TXN00000882,EMP0082,Sales,Regional Director,2022-05-01,14093.38,4.5,545.21,14638.59,MGR009,2022-05-01 12:00:00
TXN00000883,EMP0083,Finance,Controller,2022-05-01,11415.72,0.0,0.0,11415.72,MGR017,2022-05-01 15:00:00
TXN00000884,EMP0084,Engineering,Junior Dev,2022-05-01,4337.7,0.6,23.06,4360.77,MGR013,2022-05-01 14:00:00
TXN00000885,EMP0085,Finance,Finance Manager,2022-05-01,8923.43,0.0,0.0,8923.43,MGR017,2022-05-01 15:00:00
TXN00000886,EMP0086,Finance,Controller,2022-05-01,12270.85,0.0,0.0,12270.85,MGR017,2022-05-01 17:00:00
TXN00000887,EMP0087,Engineering,Junior Dev,2022-05-01,4674.43,4.3,175.42,4849.85,MGR013,2022-05-01 15:00:00
TXN00000888,EMP0088,Finance,Finance Manager,2022-05-01,10604.43,0.0,0.0,10604.43,MGR017,2022-05-01 14:00:00
TXN00000889,EMP0089,Sales,Senior Sales,2022-05-01,7486.15,10.3,668.12,8154.27,MGR009,2022-05-01 12:00:00
TXN00000890,EMP0090,HR,HR Specialist,2022-05-01,6199.09,4.4,235.98,6435.08,MGR014,2022-05-01 11:00:00
TXN00000891,EMP0091,Finance,Senior Analyst,2022-05-01,6591.18,1.4,82.34,6673.51,MGR017,2022-05-01 16:00:00
TXN00000892,EMP0092,Finance,Senior Analyst,2022-05-01,8736.74,0.4,29.35,8766.09,MGR017,2022-05-01 09:00:00
TXN00000893,EMP0093,Finance,Analyst,2022-05-01,4894.09,4.5,189.32,5083.41,MGR017,2022-05-01 13:00:00
TXN00000894,EMP0094,Operations,Operations Manager,2022-05-01,11594.89,0.0,0.0,11594.89,MGR019,2022-05-01 14:00:00
TXN00000895,EMP0095,Engineering,Senior Dev,2022-05-01,7052.01,10.4,632.99,7685.0,MGR013,2022-05-01 09:00:00
TXN00000896,EMP0096,Finance,Controller,2022-05-01,11717.78,0.0,0.0,11717.78,MGR017,2022-05-01 12:00:00
TXN00000897,EMP0097,Sales,Regional Director,2022-05-01,15462.52,0.0,0.0,15462.52,MGR009,2022-05-01 17:00:00
TXN00000898,EMP0098,Sales,Regional Director,2022-05-01,12561.59,11.7,1275.3,13836.88,MGR009,2022-05-01 15:00:00
TXN00000899,EMP0099,Finance,Finance Manager,2022-05-01,12220.41,0.0,0.0,12220.41,MGR017,2022-05-01 16:00:00
TXN00000900,EMP0100,Marketing,Marketing Specialist,2022-05-01,6612.31,0.0,0.0,6612.31,MGR019,2022-05-01 12:00:00
TXN00000901,EMP0101,Operations,Operations Manager,2022-05-01,10528.67,0.0,0.0,10528.67,MGR019,2022-05-01 08:00:00
TXN00000902,EMP0102,Operations,Operations Lead,2022-05-01,8989.25,0.4,31.99,9021.24,MGR019,2022-05-01 11:00:00
TXN00000903,EMP0103,Sales,Sales Manager,2022-05-01,10360.5,0.0,0.0,10360.5,MGR009,2022-05-01 14:00:00
TXN00000904,EMP0104,Engineering,Junior Dev,2022-05-01,4175.23,1.4,50.46,4225.69,MGR013,2022-05-01 17:00:00
TXN00000905,EMP0105,Engineering,Junior Dev,2022-05-01,3797.97,1.7,57.07,3855.04,MGR013,2022-05-01 08:00:00
TXN00000906,EMP0106,Finance,Senior Analyst,2022-05-01,7469.34,8.6,555.77,8025.11,MGR017,2022-05-01 08:00:00
TXN00000907,EMP0107,HR,HR Coord,2022-05-01,4211.49,0.4,14.16,4225.66,MGR014,2022-05-01 11:00:00
TXN00000908,EMP0108,Engineering,Junior Dev,2022-05-01,5017.19,6.5,283.91,5301.1,MGR013,2022-05-01 12:00:00
TXN00000909,EMP0109,Sales,Regional Director,2022-05-01,13192.84,1.0,115.34,13308.18,MGR009,2022-05-01 11:00:00
TXN00000910,EMP0110,HR,HR Coord,2022-05-01,4615.95,0.0,0.0,4615.95,MGR014,2022-05-01 10:00:00
TXN00000911,EMP0111,HR,HR Coord,2022-05-01,4364.79,0.0,0.0,4364.79,MGR014,2022-05-01 12:00:00
TXN00000912,EMP0112,Engineering,Engineering Manager,2022-05-01,8883.38,0.0,0.0,8883.38,MGR013,2022-05-01 12:00:00
TXN00000913,EMP0113,HR,HR Manager,2022-05-01,9372.03,0.0,0.0,9372.03,MGR014,2022-05-01 13:00:00
TXN00000914,EMP0114,Marketing,Marketing Specialist,2022-05-01,6390.94,4.2,233.39,6624.33,MGR019,2022-05-01 09:00:00
TXN00000915,EMP0115,Operations,Operations Manager,2022-05-01,11983.42,0.0,0.0,11983.42,MGR019,2022-05-01 08:00:00
TXN00000916,EMP0116,Sales,Sales Manager,2022-05-01,11442.95,0.0,0.0,11442.95,MGR009,2022-05-01 15:00:00
TXN00000917,EMP0117,Sales,Sales Manager,2022-05-01,10673.75,0.0,0.0,10673.75,MGR009,2022-05-01 14:00:00
TXN00000918,EMP0118,Marketing,Marketing Coord,2022-05-01,3852.51,0.6,19.54,3872.04,MGR019,2022-05-01 10:00:00
TXN00000919,EMP0119,Finance,Analyst,2022-05-01,4641.47,12.5,503.44,5144.9,MGR017,2022-05-01 10:00:00
TXN00000920,EMP0120,HR,HR Coord,2022-05-01,4188.6,0.0,0.0,4188.6,MGR014,2022-05-01 14:00:00
TXN00000921,EMP0121,Marketing,Marketing Coord,2022-05-01,5185.24,0.5,24.24,5209.49,MGR019,2022-05-01 16:00:00
TXN00000922,EMP0122,Engineering,Senior Dev,2022-05-01,7953.97,3.9,267.32,8221.29,MGR013,2022-05-01 11:00:00
TXN00000923,EMP0123,Marketing,Marketing Coord,2022-05-01,3855.55,0.0,0.0,3855.55,MGR019,2022-05-01 16:00:00
TXN00000924,EMP0124,HR,HR Manager,2022-05-01,11224.71,0.0,0.0,11224.71,MGR014,2022-05-01 16:00:00
TXN00000925,EMP0125,HR,HR Manager,2022-05-01,12873.62,0.0,0.0,12873.62,MGR014,2022-05-01 13:00:00
TXN00000926,EMP0126,Engineering,Tech Lead,2022-05-01,8476.43,0.0,0.0,8476.43,MGR013,2022-05-01 09:00:00
TXN00000927,EMP0127,Engineering,Senior Dev,2022-05-01,7780.49,0.0,0.0,7780.49,MGR013,2022-05-01 14:00:00
TXN00000928,EMP0128,Engineering,Junior Dev,2022-05-01,4229.37,2.7,97.99,4327.36,MGR013,2022-05-01 08:00:00
TXN00000929,EMP0129,Sales,Sales Manager,2022-05-01,12272.22,0.0,0.0,12272.22,MGR009,2022-05-01 14:00:00
TXN00000930,EMP0130,HR,HR Coord,2022-05-01,4070.73,3.5,123.39,4194.12,MGR014,2022-05-01 08:00:00
TXN00000931,EMP0131,Marketing,Marketing Coord,2022-05-01,4717.41,0.0,0.0,4717.41,MGR019,2022-05-01 15:00:00
TXN00000932,EMP0132,Operations,Operations Lead,2022-05-01,8194.28,4.3,304.6,8498.88,MGR019,2022-05-01 09:00:00
TXN00000933,EMP0133,Finance,Finance Manager,2022-05-01,12169.82,0.0,0.0,12169.82,MGR017,2022-05-01 13:00:00
TXN00000934,EMP0134,Engineering,Engineering Manager,2022-05-01,11431.86,0.0,0.0,11431.86,MGR013,2022-05-01 17:00:00
TXN00000935,EMP0135,Engineering,Junior Dev,2022-05-01,4439.85,0.0,0.0,4439.85,MGR013,2022-05-01 14:00:00
TXN00000936,EMP0136,Sales,Sales Manager,2022-05-01,12130.79,0.0,0.0,12130.79,MGR009,2022-05-01 17:00:00
TXN00000937,EMP0137,Operations,Operations Lead,2022-05-01,11085.71,1.5,147.73,11233.44,MGR019,2022-05-01 14:00:00
TXN00000938,EMP0138,Operations,Operations Lead,2022-05-01,9145.04,0.0,0.0,9145.04,MGR019,2022-05-01 14:00:00
TXN00000939,EMP0139,Engineering,Junior Dev,2022-05-01,5400.48,2.4,113.55,5514.03,MGR013,2022-05-01 12:00:00
TXN00000940,EMP0140,Operations,Operations Analyst,2022-05-01,5845.28,0.0,0.0,5845.28,MGR019,2022-05-01 09:00:00
TXN00000941,EMP0141,Engineering,Tech Lead,2022-05-01,9965.7,0.0,0.0,9965.7,MGR013,2022-05-01 14:00:00
TXN00000942,EMP0142,HR,HR Coord,2022-05-01,3825.33,0.6,20.69,3846.02,MGR014,2022-05-01 08:00:00
TXN00000943,EMP0143,Sales,Sales Rep,2022-05-01,4482.67,4.6,178.23,4660.91,MGR009,2022-05-01 13:00:00
TXN00000944,EMP0144,Marketing,Marketing Coord,2022-05-01,4099.11,0.0,0.56,4099.67,MGR019,2022-05-01 10:00:00
TXN00000945,EMP0145,Sales,Senior Sales,2022-05-01,6775.07,0.0,0.0,6775.07,MGR009,2022-05-01 17:00:00
TXN00000946,EMP0146,Engineering,Tech Lead,2022-05-01,7593.55,0.0,0.0,7593.55,MGR013,2022-05-01 15:00:00
TXN00000947,EMP0147,Finance,Senior Analyst,2022-05-01,7749.31,4.1,275.5,8024.81,MGR017,2022-05-01 13:00:00
TXN00000948,EMP0148,Sales,Senior Sales,2022-05-01,6368.3,9.5,524.4,6892.71,MGR009,2022-05-01 09:00:00
TXN00000949,EMP0149,Engineering,Senior Dev,2022-05-01,7545.98,1.2,77.56,7623.54,MGR013,2022-05-01 14:00:00
TXN00000950,EMP0150,Finance,Senior Analyst,2022-05-01,7169.19,1.1,67.88,7237.07,MGR017,2022-05-01 09:00:00
TXN00000951,EMP0151,Sales,Sales Rep,2022-05-01,3988.07,0.0,0.0,3988.07,MGR009,2022-05-01 11:00:00
TXN00000952,EMP0152,Engineering,Engineering Manager,2022-05-01,10752.42,0.0,0.0,10752.42,MGR013,2022-05-01 14:00:00
TXN00000953,EMP0153,Sales,Regional Director,2022-05-01,15937.52,1.8,246.32,16183.84,MGR009,2022-05-01 17:00:00
TXN00000954,EMP0154,Marketing,Marketing Coord,2022-05-01,4071.82,0.0,0.0,4071.82,MGR019,2022-05-01 14:00:00
TXN00000955,EMP0155,Engineering,Senior Dev,2022-05-01,7631.91,0.0,0.0,7631.91,MGR013,2022-05-01 16:00:00
TXN00000956,EMP0156,Marketing,Marketing Specialist,2022-05-01,5341.01,1.5,68.89,5409.89,MGR019,2022-05-01 09:00:00
TXN00000957,EMP0157,Marketing,Marketing Specialist,2022-05-01,5319.42,3.6,164.27,5483.69,MGR019,2022-05-01 14:00:00
TXN00000958,EMP0158,HR,HR Specialist,2022-05-01,6403.6,2.9,160.68,6564.27,MGR014,2022-05-01 12:00:00
TXN00000959,EMP0159,HR,HR Specialist,2022-05-01,5325.04,4.7,218.54,5543.58,MGR014,2022-05-01 13:00:00
TXN00000960,EMP0160,Engineering,Tech Lead,2022-05-01,8027.45,0.0,0.0,8027.45,MGR013,2022-05-01 11:00:00
TXN00000961,EMP0161,HR,HR Specialist,2022-05-01,5912.38,2.7,136.18,6048.57,MGR014,2022-05-01 13:00:00
TXN00000962,EMP0162,Engineering,Engineering Manager,2022-05-01,10741.56,0.0,0.0,10741.56,MGR013,2022-05-01 10:00:00
TXN00000963,EMP0163,Operations,Operations Lead,2022-05-01,10681.51,2.6,240.55,10922.06,MGR019,2022-05-01 09:00:00
TXN00000964,EMP0164,HR,HR Manager,2022-05-01,10759.08,0.0,0.0,10759.08,MGR014,2022-05-01 16:00:00
TXN00000965,EMP0165,Finance,Senior Analyst,2022-05-01,6822.06,3.4,199.86,7021.92,MGR017,2022-05-01 09:00:00
TXN00000966,EMP0166,Engineering,Engineering Manager,2022-05-01,10329.97,0.0,0.0,10329.97,MGR013,2022-05-01 16:00:00
TXN00000967,EMP0167,HR,HR Manager,2022-05-01,8443.36,0.0,0.0,8443.36,MGR014,2022-05-01 16:00:00
TXN00000968,EMP0168,Operations,Operations Manager,2022-05-01,8507.85,0.0,0.0,8507.85,MGR019,2022-05-01 11:00:00
TXN00000969,EMP0169,Sales,Sales Manager,2022-05-01,12001.08,0.0,0.0,12001.08,MGR009,2022-05-01 13:00:00
TXN00000970,EMP0170,Engineering,Tech Lead,2022-05-01,8739.09,0.0,0.0,8739.09,MGR013,2022-05-01 13:00:00
TXN00000971,EMP0171,Marketing,Marketing Manager,2022-05-01,10355.85,0.0,0.0,10355.85,MGR019,2022-05-01 10:00:00
TXN00000972,EMP0172,Operations,Operations Lead,2022-05-01,8203.79,0.0,0.0,8203.79,MGR019,2022-05-01 11:00:00
TXN00000973,EMP0173,Marketing,Marketing Manager,2022-05-01,10216.3,0.0,0.0,10216.3,MGR019,2022-05-01 09:00:00
TXN00000974,EMP0174,Marketing,Marketing Specialist,2022-05-01,5657.52,1.7,85.21,5742.73,MGR019,2022-05-01 10:00:00
TXN00000975,EMP0175,Marketing,Marketing Manager,2022-05-01,10147.26,0.0,0.0,10147.26,MGR019,2022-05-01 12:00:00
TXN00000976,EMP0176,Sales,Regional Director,2022-05-01,14435.8,0.3,34.77,14470.57,MGR009,2022-05-01 11:00:00
TXN00000977,EMP0177,Finance,Senior Analyst,2022-05-01,7282.5,2.7,172.4,7454.91,MGR017,2022-05-01 10:00:00
TXN00000978,EMP0178,HR,HR Specialist,2022-05-01,7474.532097588964,0.0,0.0,7474.532097588964,MGR014,2022-05-01 17:00:00
TXN00000979,EMP0179,HR,HR Coord,2022-05-01,3544.49,0.0,0.0,3544.49,MGR014,2022-05-01 10:00:00
TXN00000980,EMP0180,Marketing,Marketing Coord,2022-05-01,4740.4,0.0,0.0,4740.4,MGR019,2022-05-01 09:00:00
TXN00000981,EMP0181,HR,HR Manager,2022-05-01,10222.67,0.0,0.0,10222.67,MGR014,2022-05-01 10:00:00
TXN00000982,EMP0182,Marketing,Marketing Specialist,2022-05-01,5600.16,4.6,223.92,5824.08,MGR019,2022-05-01 15:00:00
TXN00000983,EMP0183,Finance,Senior Analyst,2022-05-01,8022.91,1.6,109.87,8132.78,MGR017,2022-05-01 15:00:00
TXN00000984,EMP0184,Finance,Senior Analyst,2022-05-01,8944.23,0.0,0.0,8944.23,MGR017,2022-05-01 17:00:00
TXN00000985,EMP0185,Engineering,Tech Lead,2022-05-01,8023.94,0.0,0.0,8023.94,MGR013,2022-05-01 17:00:00
TXN00000986,EMP0186,Operations,Operations Manager,2022-05-01,8678.83,0.0,0.0,8678.83,MGR019,2022-05-01 15:00:00
TXN00000987,EMP0187,Marketing,Marketing Coord,2022-05-01,3689.3,0.6,19.53,3708.83,MGR019,2022-05-01 17:00:00
TXN00000988,EMP0188,Operations,Operations Lead,2022-05-01,7854.94,1.2,83.05,7937.99,MGR019,2022-05-01 17:00:00
TXN00000989,EMP0189,Sales,Senior Sales,2022-05-01,7604.22,0.1,4.83,7609.05,MGR009,2022-05-01 13:00:00
TXN00000990,EMP0190,Engineering,Senior Dev,2022-05-01,7679.73,0.0,0.0,7679.73,MGR013,2022-05-01 13:00:00
TXN00000991,EMP0191,HR,HR Coord,2022-05-01,3730.25,2.2,70.69,3800.94,MGR014,2022-05-01 10:00:00
TXN00000992,EMP0192,Finance,Senior Analyst,2022-05-01,8043.48,8.5,589.88,17266.72,MGR017,2022-05-01 15:00:00
TXN00000993,EMP0193,Operations,Operations Lead,2022-05-01,10249.22,1.7,149.41,10398.63,MGR019,2022-05-01 09:00:00
TXN00000994,EMP0194,Finance,Senior Analyst,2022-05-01,6496.16,0.0,0.0,6496.16,MGR017,2022-05-01 15:00:00
TXN00000995,EMP0195,Operations,Operations Manager,2022-05-01,11904.32,0.0,0.0,11904.32,MGR019,2022-05-01 15:00:00
TXN00000996,EMP0196,Engineering,Engineering Manager,2022-05-01,12006.46,0.0,0.0,12006.46,MGR013,2022-05-01 12:00:00
TXN00000997,EMP0197,Sales,Regional Director,2022-05-01,13496.4,2.0,231.13,13727.53,MGR009,2022-05-01 12:00:00
TXN00000998,EMP0198,HR,HR Coord,2022-05-01,4323.24,0.3,9.43,4332.67,MGR014,2022-05-01 17:00:00
TXN00000999,EMP0199,Finance,Senior Analyst,2022-05-01,7877.94,0.0,0.0,7877.94,MGR017,2022-05-01 08:00:00
TXN00001000,EMP0200,Operations,Operations Manager,2022-05-01,11749.49,0.0,0.0,11749.49,MGR019,2022-05-01 13:00:00
TXN00001001,EMP0001,Operations,Operations Analyst,2022-05-31,5509.53,0.0,0.0,5509.53,MGR019,2022-05-31 16:00:00
TXN00001002,EMP0002,Operations,Operations Lead,2022-05-31,9841.05,0.0,0.0,9841.05,MGR019,2022-05-31 09:00:00
TXN00001003,EMP0003,Sales,Senior Sales,2022-05-31,6221.04,2.8,152.17,6373.21,MGR009,2022-05-31 12:00:00
TXN00001004,EMP0004,Operations,Operations Manager,2022-05-31,9555.93,0.0,0.0,9555.93,MGR019,2022-05-31 15:00:00
TXN00001005,EMP0005,Engineering,Engineering Manager,2022-05-31,11100.7,0.0,0.0,11100.7,MGR013,2022-05-31 15:00:00
TXN00001006,EMP0006,Engineering,Junior Dev,2022-05-31,4351.95,0.2,6.64,4358.59,MGR013,2022-05-31 08:00:00
TXN00001007,EMP0007,Sales,Sales Rep,2022-05-31,4859.16,0.9,38.28,4897.44,MGR009,2022-05-31 08:00:00
TXN00001008,EMP0008,Sales,Regional Director,2022-05-31,11731.85,7.1,720.99,12452.83,MGR009,2022-05-31 13:00:00
TXN00001009,EMP0009,Finance,Finance Manager,2022-05-31,9764.7,0.0,0.0,9764.7,MGR017,2022-05-31 12:00:00
TXN00001010,EMP0010,Sales,Regional Director,2022-05-31,12894.02,0.0,0.0,12894.02,MGR009,2022-05-31 09:00:00
TXN00001011,EMP0011,Marketing,Marketing Coord,2022-05-31,4135.09,4.5,160.95,4296.04,MGR019,2022-05-31 09:00:00
TXN00001012,EMP0012,Marketing,Marketing Coord,2022-05-31,3799.77,2.0,65.96,3865.72,MGR019,2022-05-31 17:00:00
TXN00001013,EMP0013,Finance,Analyst,2022-05-31,5381.41,0.2,9.04,5390.45,MGR017,2022-05-31 17:00:00
TXN00001014,EMP0014,Marketing,Marketing Manager,2022-05-31,9388.76,0.0,0.0,9388.76,MGR019,2022-05-31 16:00:00
TXN00001015,EMP0015,Engineering,Engineering Manager,2022-05-31,10337.47,0.0,0.0,10337.47,MGR013,2022-05-31 14:00:00
TXN00001016,EMP0016,Engineering,Engineering Manager,2022-05-31,10474.68,0.0,0.0,10474.68,MGR013,2022-05-31 15:00:00
TXN00001017,EMP0017,HR,HR Specialist,2022-05-31,5395.52,0.0,0.0,5395.52,MGR014,2022-05-31 17:00:00
TXN00001018,EMP0018,HR,HR Specialist,2022-05-31,6806.67,3.3,192.62,6999.28,MGR014,2022-05-31 16:00:00
TXN00001019,EMP0019,Sales,Sales Rep,2022-05-31,4156.24,0.0,0.0,4156.24,MGR009,2022-05-31 08:00:00
TXN00001020,EMP0020,Operations,Operations Analyst,2022-05-31,5491.77,8.3,393.76,5885.53,MGR019,2022-05-31 15:00:00
TXN00001021,EMP0021,Engineering,Senior Dev,2022-05-31,6337.25,1.6,89.28,6426.53,MGR013,2022-05-31 17:00:00
TXN00001022,EMP0022,Finance,Finance Manager,2022-05-31,9664.68,0.0,0.0,9664.68,MGR017,2022-05-31 11:00:00
TXN00001023,EMP0023,Operations,Operations Lead,2022-05-31,8677.93,0.0,0.0,8677.93,MGR019,2022-05-31 13:00:00
TXN00001024,EMP0024,Marketing,Marketing Specialist,2022-05-31,5327.61,3.2,146.86,5474.48,MGR019,2022-05-31 17:00:00
TXN00001025,EMP0025,Operations,Operations Lead,2022-05-31,8975.51,2.5,194.14,9169.66,MGR019,2022-05-31 15:00:00
TXN00001026,EMP0026,Operations,Operations Manager,2022-05-31,12600.78,90.26491152359782,9842.95637159124,22443.736371591243,MGR019,2022-05-31 16:00:00
TXN00001027,EMP0027,HR,HR Manager,2022-05-31,13014.25,0.0,0.0,13014.25,MGR014,2022-05-31 10:00:00
TXN00001028,EMP0028,HR,HR Manager,2022-05-31,11875.28,0.0,0.0,11875.28,MGR014,2022-05-31 08:00:00
TXN00001029,EMP0029,Sales,Regional Director,2022-05-31,11348.67,0.9,85.14,11433.81,MGR009,2022-05-31 15:00:00
TXN00001030,EMP0030,Marketing,Marketing Manager,2022-05-31,8684.42,0.0,0.0,8684.42,MGR019,2022-05-31 09:00:00
TXN00001031,EMP0031,HR,HR Coord,2022-05-31,3891.72,2.2,74.87,3966.59,MGR014,2022-05-31 13:00:00
TXN00001032,EMP0032,Marketing,Marketing Coord,2022-05-31,4484.93,5.9,229.04,4713.97,MGR019,2022-05-31 09:00:00
TXN00001033,EMP0033,Engineering,Tech Lead,2022-05-31,8587.39,0.0,0.0,8587.39,MGR013,2022-05-31 16:00:00
TXN00001034,EMP0034,Marketing,Marketing Coord,2022-05-31,3850.71,0.0,0.0,3850.71,MGR019,2022-05-31 10:00:00
TXN00001035,EMP0035,HR,HR Manager,2022-05-31,9869.11,0.0,0.0,9869.11,MGR014,2022-05-31 08:00:00
TXN00001036,EMP0036,Sales,Regional Director,2022-05-31,14237.79,0.3,31.51,14269.31,MGR009,2022-05-31 11:00:00
TXN00001037,EMP0037,Operations,Operations Lead,2022-05-31,8275.66,2.0,142.44,8418.1,MGR019,2022-05-31 15:00:00
TXN00001038,EMP0038,Marketing,Marketing Coord,2022-05-31,4547.26,8.7,343.91,4891.17,MGR019,2022-05-31 15:00:00
TXN00001039,EMP0039,Operations,Operations Manager,2022-05-31,10954.57,0.0,0.0,10954.57,MGR019,2022-05-31 16:00:00
TXN00001040,EMP0040,Marketing,Marketing Manager,2022-05-31,9598.62,0.0,0.0,9598.62,MGR019,2022-05-31 16:00:00
TXN00001041,EMP0041,Finance,Controller,2022-05-31,13631.32,0.0,0.0,13631.32,MGR017,2022-05-31 17:00:00
TXN00001042,EMP0042,Sales,Senior Sales,2022-05-31,6548.4,3.2,178.95,6727.35,MGR009,2022-05-31 10:00:00
TXN00001043,EMP0043,Finance,Analyst,2022-05-31,4795.53,0.2,8.0,4803.54,MGR017,2022-05-31 13:00:00
TXN00001044,EMP0044,Engineering,Senior Dev,2022-05-31,7801.12,4.9,332.55,8133.66,MGR013,2022-05-31 13:00:00
TXN00001045,EMP0045,Sales,Regional Director,2022-05-31,15087.19,0.2,20.9,15108.09,MGR009,2022-05-31 12:00:00
TXN00001046,EMP0046,Engineering,Engineering Manager,2022-05-31,9386.42,0.0,0.0,9386.42,MGR013,2022-05-31 14:00:00
TXN00001047,EMP0047,HR,HR Specialist,2022-05-31,6140.56,0.9,47.7,6188.26,MGR014,2022-05-31 14:00:00
TXN00001048,EMP0048,Marketing,Marketing Manager,2022-05-31,11348.61,0.0,0.0,11348.61,MGR019,2022-05-31 13:00:00
TXN00001049,EMP0049,Operations,Operations Manager,2022-05-31,10413.0,0.0,0.0,10413.0,MGR019,2022-05-31 17:00:00
TXN00001050,EMP0050,Operations,Operations Manager,2022-05-31,8475.73,0.0,0.0,8475.73,MGR019,2022-05-31 08:00:00
TXN00001051,EMP0051,Operations,Operations Lead,2022-05-31,8038.62,0.0,0.0,8038.62,MGR019,2022-05-31 13:00:00
TXN00001052,EMP0052,Marketing,Marketing Specialist,2022-05-31,5324.96,0.0,0.0,5324.96,MGR019,2022-05-31 09:00:00
TXN00001053,EMP0053,Finance,Analyst,2022-05-31,5776.99,0.0,0.0,5776.99,MGR017,2022-05-31 13:00:00
TXN00001054,EMP0054,Operations,Operations Lead,2022-05-31,9246.61,1.8,144.06,9390.67,MGR019,2022-05-31 09:00:00
TXN00001055,EMP0055,Sales,Sales Rep,2022-05-31,4055.4,0.0,0.0,4055.4,MGR009,2022-05-31 16:00:00
TXN00001056,EMP0056,Marketing,Marketing Manager,2022-05-31,9397.26,0.0,0.0,9397.26,MGR019,2022-05-31 14:00:00
TXN00001057,EMP0057,HR,HR Coord,2022-05-31,4940.74,0.2,8.65,4949.39,MGR014,2022-05-31 12:00:00
TXN00001058,EMP0058,Marketing,Marketing Coord,2022-05-31,4632.85,7.2,288.58,4921.43,MGR019,2022-05-31 12:00:00
TXN00001059,EMP0059,HR,HR Coord,2022-05-31,4391.67,2.1,78.53,4470.2,MGR014,2022-05-31 17:00:00
TXN00001060,EMP0060,Marketing,Marketing Specialist,2022-05-31,6353.27,3.2,176.38,6529.65,MGR019,2022-05-31 10:00:00
TXN00001061,EMP0061,Engineering,Tech Lead,2022-05-31,10811.75,0.0,0.0,10811.75,MGR013,2022-05-31 13:00:00
TXN00001062,EMP0062,Sales,Sales Rep,2022-05-31,4176.52,0.0,0.0,4176.52,MGR009,2022-05-31 09:00:00
TXN00001063,EMP0063,HR,HR Coord,2022-05-31,3739.19,4.5,145.07,3884.25,MGR014,2022-05-31 17:00:00
TXN00001064,EMP0064,Operations,Operations Lead,2022-05-31,10674.03,0.0,0.0,10674.03,MGR019,2022-05-31 10:00:00
TXN00001065,EMP0065,HR,HR Coord,2022-05-31,3485.37,2.2,67.04,3552.42,MGR014,2022-05-31 13:00:00
TXN00001066,EMP0066,Operations,Operations Lead,2022-05-31,8672.28,4.7,354.45,9026.73,MGR019,2022-05-31 12:00:00
TXN00001067,EMP0067,Sales,Sales Manager,2022-05-31,8948.71,0.0,0.0,8948.71,MGR009,2022-05-31 14:00:00
TXN00001068,EMP0068,HR,HR Specialist,2022-05-31,6299.01,0.0,0.0,6299.01,MGR014,2022-05-31 10:00:00
TXN00001069,EMP0069,HR,HR Manager,2022-05-31,10795.65,0.0,0.0,10795.65,MGR014,2022-05-31 17:00:00
TXN00001070,EMP0070,Sales,Sales Manager,2022-05-31,10977.25,0.0,0.0,10977.25,MGR009,2022-05-31 09:00:00
TXN00001071,EMP0071,Operations,Operations Manager,2022-05-31,11742.36,0.0,0.0,11742.36,MGR019,2022-05-31 12:00:00
TXN00001072,EMP0072,Finance,Controller,2022-05-31,11907.85,0.0,0.0,11907.85,MGR017,2022-05-31 16:00:00
TXN00001073,EMP0073,Sales,Senior Sales,2022-05-31,6441.24,26.2848304099901,1465.1558742984632,7906.395874298463,MGR009,2022-05-31 14:00:00
TXN00001074,EMP0074,Marketing,Marketing Coord,2022-05-31,4266.93,0.0,0.0,4266.93,MGR019,2022-05-31 13:00:00
TXN00001075,EMP0075,HR,HR Coord,2022-05-31,3464.27,12.3,369.26,3833.53,MGR014,2022-05-31 10:00:00
TXN00001076,EMP0076,Sales,Sales Rep,2022-05-31,4965.61,0.7,29.09,4994.7,MGR009,2022-05-31 16:00:00
TXN00001077,EMP0077,Operations,Operations Manager,2022-05-31,9171.93,0.0,0.0,9171.93,MGR019,2022-05-31 09:00:00
TXN00001078,EMP0078,Sales,Sales Rep,2022-05-31,5064.91,0.5,21.7,5086.6,MGR009,2022-05-31 14:00:00
TXN00001079,EMP0079,Marketing,Marketing Coord,2022-05-31,4532.56,2.9,112.41,4644.97,MGR019,2022-05-31 16:00:00
TXN00001080,EMP0080,Sales,Sales Manager,2022-05-31,9838.75,0.0,0.0,9838.75,MGR009,2022-05-31 13:00:00
TXN00001081,EMP0081,Finance,Senior Analyst,2022-05-31,6995.72,0.0,0.0,6995.72,MGR017,2022-05-31 08:00:00
TXN00001082,EMP0082,Sales,Regional Director,2022-05-31,14093.38,10.2,1249.53,15342.91,MGR009,2022-05-31 13:00:00
TXN00001083,EMP0083,Finance,Controller,2022-05-31,11415.72,0.0,0.0,11415.72,MGR017,2022-05-31 12:00:00
TXN00001084,EMP0084,Engineering,Junior Dev,2022-05-31,4337.7,12.4,466.45,4804.16,MGR013,2022-05-31 10:00:00
TXN00001085,EMP0085,Finance,Finance Manager,2022-05-31,8923.43,0.0,0.0,8923.43,MGR017,2022-05-31 11:00:00
TXN00001086,EMP0086,Finance,Controller,2022-05-31,12270.85,0.0,0.0,12270.85,MGR017,2022-05-31 13:00:00
TXN00001087,EMP0087,Engineering,Junior Dev,2022-05-31,4674.43,6.4,259.27,4933.7,MGR013,2022-05-31 15:00:00
TXN00001088,EMP0088,Finance,Finance Manager,2022-05-31,10604.43,0.0,0.0,10604.43,MGR017,2022-05-31 11:00:00
TXN00001089,EMP0089,Sales,Senior Sales,2022-05-31,7486.15,2.5,159.45,7645.6,MGR009,2022-05-31 11:00:00
TXN00001090,EMP0090,HR,HR Specialist,2022-05-31,6199.09,3.8,204.5,6403.59,MGR014,2022-05-31 10:00:00
TXN00001091,EMP0091,Finance,Senior Analyst,2022-05-31,6591.18,0.0,0.0,6591.18,MGR017,2022-05-31 10:00:00
TXN00001092,EMP0092,Finance,Senior Analyst,2022-05-31,8736.74,3.9,298.24,9034.98,MGR017,2022-05-31 09:00:00
TXN00001093,EMP0093,Finance,Analyst,2022-05-31,4894.09,5.9,248.17,5142.25,MGR017,2022-05-31 12:00:00
TXN00001094,EMP0094,Operations,Operations Manager,2022-05-31,11594.89,0.0,0.0,11594.89,MGR019,2022-05-31 09:00:00
TXN00001095,EMP0095,Engineering,Senior Dev,2022-05-31,7052.01,3.7,226.78,7278.79,MGR013,2022-05-31 16:00:00
TXN00001096,EMP0096,Finance,Controller,2022-05-31,11717.78,0.0,0.0,11717.78,MGR017,2022-05-31 16:00:00
TXN00001097,EMP0097,Sales,Regional Director,2022-05-31,15462.52,1.9,255.75,15718.26,MGR009,2022-05-31 16:00:00
TXN00001098,EMP0098,Sales,Regional Director,2022-05-31,12561.59,0.0,0.0,12561.59,MGR009,2022-05-31 08:00:00
TXN00001099,EMP0099,Finance,Finance Manager,2022-05-31,12220.41,0.0,0.0,12220.41,MGR017,2022-05-31 13:00:00
TXN00001100,EMP0100,Marketing,Marketing Specialist,2022-05-31,6612.31,5.3,302.43,6914.73,MGR019,2022-05-31 17:00:00
TXN00001101,EMP0101,Operations,Operations Manager,2022-05-31,10528.67,0.0,0.0,10528.67,MGR019,2022-05-31 10:00:00
TXN00001102,EMP0102,Operations,Operations Lead,2022-05-31,8989.25,0.0,0.0,8989.25,MGR019,2022-05-31 17:00:00
TXN00001103,EMP0103,Sales,Sales Manager,2022-05-31,10360.5,0.0,0.0,10360.5,MGR009,2022-05-31 14:00:00
TXN00001104,EMP0104,Engineering,Junior Dev,2022-05-31,4175.23,0.8,29.73,4204.96,MGR013,2022-05-31 10:00:00
TXN00001105,EMP0105,Engineering,Junior Dev,2022-05-31,3797.97,1.3,42.16,3840.13,MGR013,2022-05-31 10:00:00
TXN00001106,EMP0106,Finance,Senior Analyst,2022-05-31,7469.34,4.1,267.92,7737.26,MGR017,2022-05-31 10:00:00
TXN00001107,EMP0107,HR,HR Coord,2022-05-31,4211.49,2.9,106.06,4317.55,MGR014,2022-05-31 17:00:00
TXN00001108,EMP0108,Engineering,Junior Dev,2022-05-31,5017.19,5.5,239.88,5257.07,MGR013,2022-05-31 10:00:00
TXN00001109,EMP0109,Sales,Regional Director,2022-05-31,15162.756331984447,11.6,1324.9,16487.656331984446,MGR009,2022-05-31 15:00:00
TXN00001110,EMP0110,HR,HR Coord,2022-05-31,4615.95,0.4,16.18,4632.12,MGR014,2022-05-31 08:00:00
TXN00001111,EMP0111,HR,HR Coord,2022-05-31,4364.79,1.2,44.56,4409.35,MGR014,2022-05-31 14:00:00
TXN00001112,EMP0112,Engineering,Engineering Manager,2022-05-31,8883.38,0.0,0.0,8883.38,MGR013,2022-05-31 13:00:00
TXN00001113,EMP0113,HR,HR Manager,2022-05-31,9372.03,0.0,0.0,9372.03,MGR014,2022-05-31 11:00:00
TXN00001114,EMP0114,Marketing,Marketing Specialist,2022-05-31,6390.94,5.4,301.02,6691.96,MGR019,2022-05-31 15:00:00
TXN00001115,EMP0115,Operations,Operations Manager,2022-05-31,11983.42,0.0,0.0,11983.42,MGR019,2022-05-31 17:00:00
TXN00001116,EMP0116,Sales,Sales Manager,2022-05-31,11442.95,0.0,0.0,11442.95,MGR009,2022-05-31 12:00:00
TXN00001117,EMP0117,Sales,Sales Manager,2022-05-31,10673.75,0.0,0.0,10673.75,MGR009,2022-05-31 15:00:00
TXN00001118,EMP0118,Marketing,Marketing Coord,2022-05-31,3852.51,1.1,36.24,3888.75,MGR019,2022-05-31 11:00:00
TXN00001119,EMP0119,Finance,Analyst,2022-05-31,4641.47,8.4,335.66,4977.12,MGR017,2022-05-31 16:00:00
TXN00001120,EMP0120,HR,HR Coord,2022-05-31,4188.6,0.0,0.0,4188.6,MGR014,2022-05-31 11:00:00
TXN00001121,EMP0121,Marketing,Marketing Coord,2022-05-31,5185.24,0.0,0.0,5185.24,MGR019,2022-05-31 12:00:00
TXN00001122,EMP0122,Engineering,Senior Dev,2022-05-31,7953.97,0.0,0.0,7953.97,MGR013,2022-05-31 15:00:00
TXN00001123,EMP0123,Marketing,Marketing Coord,2022-05-31,3855.55,0.9,30.18,3885.73,MGR019,2022-05-31 11:00:00
TXN00001124,EMP0124,HR,HR Manager,2022-05-31,11224.71,0.0,0.0,11224.71,MGR014,2022-05-31 13:00:00
TXN00001125,EMP0125,HR,HR Manager,2022-05-31,12873.62,0.0,0.0,12873.62,MGR014,2022-05-31 17:00:00
TXN00001126,EMP0126,Engineering,Tech Lead,2022-05-31,8476.43,0.0,0.0,8476.43,MGR013,2022-05-31 15:00:00
TXN00001127,EMP0127,Engineering,Senior Dev,2022-05-31,7780.49,1.8,119.68,7900.17,MGR013,2022-05-31 15:00:00
TXN00001128,EMP0128,Engineering,Junior Dev,2022-05-31,4229.37,6.0,219.52,4448.89,MGR013,2022-05-31 12:00:00
TXN00001129,EMP0129,Sales,Sales Manager,2022-05-31,12272.22,0.0,0.0,12272.22,MGR009,2022-05-31 14:00:00
TXN00001130,EMP0130,HR,HR Coord,2022-05-31,4070.73,0.0,0.0,4070.73,MGR014,2022-05-31 16:00:00
TXN00001131,EMP0131,Marketing,Marketing Coord,2022-05-31,4717.41,1.6,67.25,4784.66,MGR019,2022-05-31 16:00:00
TXN00001132,EMP0132,Operations,Operations Lead,2022-05-31,8801.095184873591,4.0,286.49,9087.585184873591,MGR019,2022-05-31 14:00:00
TXN00001133,EMP0133,Finance,Finance Manager,2022-05-31,12169.82,0.0,0.0,12169.82,MGR017,2022-05-31 10:00:00
TXN00001134,EMP0134,Engineering,Engineering Manager,2022-05-31,11431.86,0.0,0.0,11431.86,MGR013,2022-05-31 11:00:00
TXN00001135,EMP0135,Engineering,Junior Dev,2022-05-31,4439.85,7.2,278.54,4718.39,MGR013,2022-05-31 17:00:00
TXN00001136,EMP0136,Sales,Sales Manager,2022-05-31,12130.79,0.0,0.0,12130.79,MGR009,2022-05-31 10:00:00
TXN00001137,EMP0137,Operations,Operations Lead,2022-05-31,11085.71,0.0,0.0,11085.71,MGR019,2022-05-31 12:00:00
TXN00001138,EMP0138,Operations,Operations Lead,2022-05-31,9145.04,9.9,781.52,9926.56,MGR019,2022-05-31 08:00:00
TXN00001139,EMP0139,Engineering,Junior Dev,2022-05-31,5400.48,0.0,0.0,5400.48,MGR013,2022-05-31 15:00:00
TXN00001140,EMP0140,Operations,Operations Analyst,2022-05-31,5845.28,5.3,268.36,6113.64,MGR019,2022-05-31 13:00:00
TXN00001141,EMP0141,Engineering,Tech Lead,2022-05-31,9965.7,0.0,0.0,9965.7,MGR013,2022-05-31 16:00:00
TXN00001142,EMP0142,HR,HR Coord,2022-05-31,3825.33,6.2,204.74,4030.08,MGR014,2022-05-31 09:00:00
TXN00001143,EMP0143,Sales,Sales Rep,2022-05-31,4482.67,3.6,141.55,4624.23,MGR009,2022-05-31 16:00:00
TXN00001144,EMP0144,Marketing,Marketing Coord,2022-05-31,4099.11,0.3,10.8,4109.91,MGR019,2022-05-31 09:00:00
TXN00001145,EMP0145,Sales,Senior Sales,2022-05-31,6775.07,0.0,2.2,6777.27,MGR009,2022-05-31 12:00:00
TXN00001146,EMP0146,Engineering,Tech Lead,2022-05-31,7593.55,0.0,0.0,7593.55,MGR013,2022-05-31 09:00:00
TXN00001147,EMP0147,Finance,Senior Analyst,2022-05-31,7749.31,1.1,72.12,7821.43,MGR017,2022-05-31 10:00:00
TXN00001148,EMP0148,Sales,Senior Sales,2022-05-31,6368.3,1.1,58.32,6426.62,MGR009,2022-05-31 12:00:00
TXN00001149,EMP0149,Engineering,Senior Dev,2022-05-31,7545.98,4.1,266.32,7812.3,MGR013,2022-05-31 15:00:00
TXN00001150,EMP0150,Finance,Senior Analyst,2022-05-31,7169.19,7.0,434.03,7603.22,MGR017,2022-05-31 16:00:00
TXN00001151,EMP0151,Sales,Sales Rep,2022-05-31,3988.07,0.0,0.0,3988.07,MGR009,2022-05-31 10:00:00
TXN00001152,EMP0152,Engineering,Engineering Manager,2022-05-31,10752.42,0.0,0.0,10752.42,MGR013,2022-05-31 14:00:00
TXN00001153,EMP0153,Sales,Regional Director,2022-05-31,15937.52,0.0,0.0,15937.52,MGR009,2022-05-31 09:00:00
TXN00001154,EMP0154,Marketing,Marketing Coord,2022-05-31,4071.82,0.2,8.7,4080.51,MGR019,2022-05-31 11:00:00
TXN00001155,EMP0155,Engineering,Senior Dev,2022-05-31,7631.91,4.7,313.59,7945.5,MGR013,2022-05-31 15:00:00
TXN00001156,EMP0156,Marketing,Marketing Specialist,2022-05-31,5341.01,2.6,121.22,5462.23,MGR019,2022-05-31 13:00:00
TXN00001157,EMP0157,Marketing,Marketing Specialist,2022-05-31,5319.42,0.0,0.0,5319.42,MGR019,2022-05-31 08:00:00
TXN00001158,EMP0158,HR,HR Specialist,2022-05-31,6403.6,0.0,0.0,6403.6,MGR014,2022-05-31 14:00:00
TXN00001159,EMP0159,HR,HR Specialist,2022-05-31,5325.04,0.2,9.09,5334.13,MGR014,2022-05-31 08:00:00
TXN00001160,EMP0160,Engineering,Tech Lead,2022-05-31,8027.45,0.0,0.0,8027.45,MGR013,2022-05-31 14:00:00
TXN00001161,EMP0161,HR,HR Specialist,2022-05-31,5912.38,0.0,0.0,5912.38,MGR014,2022-05-31 16:00:00
TXN00001162,EMP0162,Engineering,Engineering Manager,2022-05-31,10741.56,0.0,0.0,10741.56,MGR013,2022-05-31 13:00:00
TXN00001163,EMP0163,Operations,Operations Lead,2022-05-31,10681.51,7.2,666.6,11348.1,MGR019,2022-05-31 11:00:00
TXN00001164,EMP0164,HR,HR Manager,2022-05-31,10759.08,0.0,0.0,10759.08,MGR014,2022-05-31 14:00:00
TXN00001165,EMP0165,Finance,Senior Analyst,2022-05-31,6822.06,0.0,0.0,6822.06,MGR017,2022-05-31 09:00:00
TXN00001166,EMP0166,Engineering,Engineering Manager,2022-05-31,10329.97,0.0,0.0,10329.97,MGR013,2022-05-31 13:00:00
TXN00001167,EMP0167,HR,HR Manager,2022-05-31,9341.286405977247,0.0,0.0,9341.286405977247,MGR014,2022-05-31 11:00:00
TXN00001168,EMP0168,Operations,Operations Manager,2022-05-31,8507.85,0.0,0.0,8507.85,MGR019,2022-05-31 08:00:00
TXN00001169,EMP0169,Sales,Sales Manager,2022-05-31,12001.08,0.0,0.0,12001.08,MGR009,2022-05-31 13:00:00
TXN00001170,EMP0170,Engineering,Tech Lead,2022-05-31,8739.09,0.0,0.0,8739.09,MGR013,2022-05-31 09:00:00
TXN00001171,EMP0171,Marketing,Marketing Manager,2022-05-31,10355.85,0.0,0.0,10355.85,MGR019,2022-05-31 13:00:00
TXN00001172,EMP0172,Operations,Operations Lead,2022-05-31,8203.79,2.7,190.78,8394.57,MGR019,2022-05-31 10:00:00
TXN00001173,EMP0173,Marketing,Marketing Manager,2022-05-31,10216.3,0.0,0.0,10216.3,MGR019,2022-05-31 10:00:00
TXN00001174,EMP0174,Marketing,Marketing Specialist,2022-05-31,5657.52,2.2,105.49,5763.0,MGR019,2022-05-31 08:00:00
TXN00001175,EMP0175,Marketing,Marketing Manager,2022-05-31,10147.26,0.0,0.0,10147.26,MGR019,2022-05-31 12:00:00
TXN00001176,EMP0176,Sales,Regional Director,2022-05-31,14435.8,3.2,395.84,14831.64,MGR009,2022-05-31 15:00:00
TXN00001177,EMP0177,Finance,Senior Analyst,2022-05-31,7282.5,0.0,0.0,7282.5,MGR017,2022-05-31 10:00:00
TXN00001178,EMP0178,HR,HR Specialist,2022-05-31,4991.01,4.1,176.35,5167.36,MGR014,2022-05-31 15:00:00
TXN00001179,EMP0179,HR,HR Coord,2022-05-31,3544.49,3.0,92.52,3637.01,MGR014,2022-05-31 15:00:00
TXN00001180,EMP0180,Marketing,Marketing Coord,2022-05-31,4740.4,0.9,36.13,4776.52,MGR019,2022-05-31 17:00:00
TXN00001181,EMP0181,HR,HR Manager,2022-05-31,10222.67,0.0,0.0,10222.67,MGR014,2022-05-31 08:00:00
TXN00001182,EMP0182,Marketing,Marketing Specialist,2022-05-31,5600.16,0.5,21.93,5622.09,MGR019,2022-05-31 09:00:00
TXN00001183,EMP0183,Finance,Senior Analyst,2022-05-31,8022.91,10.7,741.29,8764.21,MGR017,2022-05-31 08:00:00
TXN00001184,EMP0184,Finance,Senior Analyst,2022-05-31,8944.23,2.0,152.76,9096.98,MGR017,2022-05-31 12:00:00
TXN00001185,EMP0185,Engineering,Tech Lead,2022-05-31,8023.94,0.0,0.0,8023.94,MGR013,2022-05-31 11:00:00
TXN00001186,EMP0186,Operations,Operations Manager,2022-05-31,8678.83,0.0,0.0,8678.83,MGR019,2022-05-31 10:00:00
TXN00001187,EMP0187,Marketing,Marketing Coord,2022-05-31,3689.3,0.7,22.21,3711.51,MGR019,2022-05-31 16:00:00
TXN00001188,EMP0188,Operations,Operations Lead,2022-05-31,7854.94,0.0,1.13,7856.07,MGR019,2022-05-31 17:00:00
TXN00001189,EMP0189,Sales,Senior Sales,2022-05-31,7604.22,0.7,48.82,7653.03,MGR009,2022-05-31 16:00:00
TXN00001190,EMP0190,Engineering,Senior Dev,2022-05-31,7679.73,0.3,22.79,7702.52,MGR013,2022-05-31 14:00:00
TXN00001191,EMP0191,HR,HR Coord,2022-05-31,3730.25,4.9,157.12,3887.37,MGR014,2022-05-31 09:00:00
TXN00001192,EMP0192,Finance,Senior Analyst,2022-05-31,8043.48,2.2,150.1,8193.58,MGR017,2022-05-31 12:00:00
TXN00001193,EMP0193,Operations,Operations Lead,2022-05-31,10249.22,8.1,714.34,10963.56,MGR019,2022-05-31 11:00:00
TXN00001194,EMP0194,Finance,Senior Analyst,2022-05-31,6496.16,0.3,15.37,6511.53,MGR017,2022-05-31 12:00:00
TXN00001195,EMP0195,Operations,Operations Manager,2022-05-31,11904.32,0.0,0.0,11904.32,MGR019,2022-05-31 09:00:00
TXN00001196,EMP0196,Engineering,Engineering Manager,2022-05-31,12006.46,0.0,0.0,12006.46,MGR013,2022-05-31 08:00:00
TXN00001197,EMP0197,Sales,Regional Director,2022-05-31,13496.4,0.0,0.0,13496.4,MGR009,2022-05-31 11:00:00
TXN00001198,EMP0198,HR,HR Coord,2022-05-31,4323.24,3.6,135.98,4459.22,MGR014,2022-05-31 14:00:00
TXN00001199,EMP0199,Finance,Senior Analyst,2022-05-31,7877.94,0.0,0.0,7877.94,MGR017,2022-05-31 17:00:00
TXN00001200,EMP0200,Operations,Operations Manager,2022-05-31,11749.49,0.0,0.0,11749.49,MGR019,2022-05-31 15:00:00
TXN00001201,EMP0001,Operations,Operations Analyst,2022-06-30,5509.53,1.6,78.37,5587.9,MGR019,2022-06-30 09:00:00
TXN00001202,EMP0002,Operations,Operations Lead,2022-06-30,9841.05,7.1,608.51,10449.56,MGR019,2022-06-30 09:00:00
TXN00001203,EMP0003,Sales,Senior Sales,2022-06-30,6221.04,0.0,0.0,6221.04,MGR009,2022-06-30 15:00:00
TXN00001204,EMP0004,Operations,Operations Manager,2022-06-30,9555.93,0.0,0.0,9555.93,MGR019,2022-06-30 17:00:00
TXN00001205,EMP0005,Engineering,Engineering Manager,2022-06-30,11100.7,0.0,0.0,11100.7,MGR013,2022-06-30 16:00:00
TXN00001206,EMP0006,Engineering,Junior Dev,2022-06-30,4351.95,0.0,0.0,4351.95,MGR013,2022-06-30 08:00:00
TXN00001207,EMP0007,Sales,Sales Rep,2022-06-30,4859.16,0.0,0.0,4859.16,MGR009,2022-06-30 16:00:00
TXN00001208,EMP0008,Sales,Regional Director,2022-06-30,11731.85,3.0,308.14,12039.99,MGR009,2022-06-30 17:00:00
TXN00001209,EMP0009,Finance,Finance Manager,2022-06-30,9764.7,0.0,0.0,9764.7,MGR017,2022-06-30 11:00:00
TXN00001210,EMP0010,Sales,Regional Director,2022-06-30,12894.02,2.8,309.92,13203.94,MGR009,2022-06-30 10:00:00
TXN00001211,EMP0011,Marketing,Marketing Coord,2022-06-30,4135.09,0.4,13.05,4148.14,MGR019,2022-06-30 12:00:00
TXN00001212,EMP0012,Marketing,Marketing Coord,2022-06-30,3799.77,1.8,60.1,3859.87,MGR019,2022-06-30 14:00:00
TXN00001213,EMP0013,Finance,Analyst,2022-06-30,5381.41,0.4,18.02,5399.43,MGR017,2022-06-30 08:00:00
TXN00001214,EMP0014,Marketing,Marketing Manager,2022-06-30,9388.76,0.0,0.0,9388.76,MGR019,2022-06-30 17:00:00
TXN00001215,EMP0015,Engineering,Engineering Manager,2022-06-30,10337.47,0.0,0.0,10337.47,MGR013,2022-06-30 13:00:00
TXN00001216,EMP0016,Engineering,Engineering Manager,2022-06-30,10474.68,0.0,0.0,10474.68,MGR013,2022-06-30 11:00:00
TXN00001217,EMP0017,HR,HR Specialist,2022-06-30,5395.52,3.4,159.03,5554.54,MGR014,2022-06-30 17:00:00
TXN00001218,EMP0018,HR,HR Specialist,2022-06-30,6806.67,2.7,159.14,6965.81,MGR014,2022-06-30 14:00:00
TXN00001219,EMP0019,Sales,Sales Rep,2022-06-30,4156.24,3.0,109.07,4265.31,MGR009,2022-06-30 10:00:00
TXN00001220,EMP0020,Operations,Operations Analyst,2022-06-30,5491.77,0.0,0.0,5491.77,MGR019,2022-06-30 09:00:00
TXN00001221,EMP0021,Engineering,Senior Dev,2022-06-30,6337.25,6.2,340.42,6677.66,MGR013,2022-06-30 16:00:00
TXN00001222,EMP0022,Finance,Finance Manager,2022-06-30,9664.68,0.0,0.0,9664.68,MGR017,2022-06-30 13:00:00
TXN00001223,EMP0023,Operations,Operations Lead,2022-06-30,8677.93,7.0,524.35,9202.28,MGR019,2022-06-30 09:00:00
TXN00001224,EMP0024,Marketing,Marketing Specialist,2022-06-30,5327.61,2.3,105.6,5433.22,MGR019,2022-06-30 16:00:00
TXN00001225,EMP0025,Operations,Operations Lead,2022-06-30,8975.51,0.0,2.74,8978.26,MGR019,2022-06-30 16:00:00
TXN00001226,EMP0026,Operations,Operations Manager,2022-06-30,12600.78,0.0,0.0,12600.78,MGR019,2022-06-30 16:00:00
TXN00001227,EMP0027,HR,HR Manager,2022-06-30,13014.25,0.0,0.0,13014.25,MGR014,2022-06-30 16:00:00
TXN00001228,EMP0028,HR,HR Manager,2022-06-30,11875.28,0.0,0.0,11875.28,MGR014,2022-06-30 16:00:00
TXN00001229,EMP0029,Sales,Regional Director,2022-06-30,11348.67,1.3,123.84,11472.51,MGR009,2022-06-30 08:00:00
TXN00001230,EMP0030,Marketing,Marketing Manager,2022-06-30,8684.42,0.0,0.0,8684.42,MGR019,2022-06-30 14:00:00
TXN00001231,EMP0031,HR,HR Coord,2022-06-30,3891.72,5.6,188.76,4080.48,MGR014,2022-06-30 15:00:00
TXN00001232,EMP0032,Marketing,Marketing Coord,2022-06-30,4484.93,1.7,65.44,4550.36,MGR019,2022-06-30 08:00:00
TXN00001233,EMP0033,Engineering,Tech Lead,2022-06-30,8587.39,0.0,0.0,8587.39,MGR013,2022-06-30 14:00:00
TXN00001234,EMP0034,Marketing,Marketing Coord,2022-06-30,3850.71,1.0,32.2,3882.91,MGR019,2022-06-30 13:00:00
TXN00001235,EMP0035,HR,HR Manager,2022-06-30,9869.11,0.0,0.0,9869.11,MGR014,2022-06-30 12:00:00
TXN00001236,EMP0036,Sales,Regional Director,2022-06-30,14237.79,4.8,591.92,14829.71,MGR009,2022-06-30 08:00:00
TXN00001237,EMP0037,Operations,Operations Lead,2022-06-30,8275.66,0.0,0.0,8275.66,MGR019,2022-06-30 13:00:00
TXN00001238,EMP0038,Marketing,Marketing Coord,2022-06-30,4547.26,0.0,0.0,4547.26,MGR019,2022-06-30 09:00:00
TXN00001239,EMP0039,Operations,Operations Manager,2022-06-30,10954.57,0.0,0.0,10954.57,MGR019,2022-06-30 13:00:00
TXN00001240,EMP0040,Marketing,Marketing Manager,2022-06-30,9598.62,0.0,0.0,9598.62,MGR019,2022-06-30 11:00:00
TXN00001241,EMP0041,Finance,Controller,2022-06-30,13631.32,0.0,0.0,13631.32,MGR017,2022-06-30 09:00:00
TXN00001242,EMP0042,Sales,Senior Sales,2022-06-30,6548.4,1.4,78.87,6627.27,MGR009,2022-06-30 17:00:00
TXN00001243,EMP0043,Finance,Analyst,2022-06-30,4795.53,3.7,152.23,4947.76,MGR017,2022-06-30 13:00:00
TXN00001244,EMP0044,Engineering,Senior Dev,2022-06-30,7801.12,1.4,95.04,7896.16,MGR013,2022-06-30 10:00:00
TXN00001245,EMP0045,Sales,Regional Director,2022-06-30,15087.19,1.7,220.54,15307.73,MGR009,2022-06-30 08:00:00
TXN00001246,EMP0046,Engineering,Engineering Manager,2022-06-30,9386.42,0.0,0.0,9386.42,MGR013,2022-06-30 13:00:00
TXN00001247,EMP0047,HR,HR Specialist,2022-06-30,6140.56,0.5,26.75,6167.3,MGR014,2022-06-30 16:00:00
TXN00001248,EMP0048,Marketing,Marketing Manager,2022-06-30,11348.61,0.0,0.0,11348.61,MGR019,2022-06-30 13:00:00
TXN00001249,EMP0049,Operations,Operations Manager,2022-06-30,10413.0,0.0,0.0,10413.0,MGR019,2022-06-30 10:00:00
TXN00001250,EMP0050,Operations,Operations Manager,2022-06-30,8475.73,0.0,0.0,8475.73,MGR019,2022-06-30 15:00:00
TXN00001251,EMP0051,Operations,Operations Lead,2022-06-30,8038.62,3.4,235.92,8274.55,MGR019,2022-06-30 15:00:00
TXN00001252,EMP0052,Marketing,Marketing Specialist,2022-06-30,5324.96,1.4,62.69,5387.66,MGR019,2022-06-30 10:00:00
TXN00001253,EMP0053,Finance,Analyst,2022-06-30,5776.99,13.3,663.79,6440.77,MGR017,2022-06-30 10:00:00
TXN00001254,EMP0054,Operations,Operations Lead,2022-06-30,9246.61,3.5,279.82,9526.43,MGR019,2022-06-30 09:00:00
TXN00001255,EMP0055,Sales,Sales Rep,2022-06-30,4055.4,2.0,69.99,4125.38,MGR009,2022-06-30 15:00:00
TXN00001256,EMP0056,Marketing,Marketing Manager,2022-06-30,9397.26,0.0,0.0,9397.26,MGR019,2022-06-30 08:00:00
TXN00001257,EMP0057,HR,HR Coord,2022-06-30,4940.74,0.0,0.0,4940.74,MGR014,2022-06-30 12:00:00
TXN00001258,EMP0058,Marketing,Marketing Coord,2022-06-30,4632.85,0.1,4.78,4637.63,MGR019,2022-06-30 11:00:00
TXN00001259,EMP0059,HR,HR Coord,2022-06-30,4391.67,1.5,55.98,4447.65,MGR014,2022-06-30 08:00:00
TXN00001260,EMP0060,Marketing,Marketing Specialist,2022-06-30,6353.27,0.1,3.9,6357.16,MGR019,2022-06-30 11:00:00
TXN00001261,EMP0061,Engineering,Tech Lead,2022-06-30,10811.75,0.0,0.0,10811.75,MGR013,2022-06-30 08:00:00
TXN00001262,EMP0062,Sales,Sales Rep,2022-06-30,4176.52,0.0,0.0,4176.52,MGR009,2022-06-30 13:00:00
TXN00001263,EMP0063,HR,HR Coord,2022-06-30,3739.19,1.0,33.14,3772.33,MGR014,2022-06-30 12:00:00
TXN00001264,EMP0064,Operations,Operations Lead,2022-06-30,10674.03,0.0,0.0,10674.03,MGR019,2022-06-30 16:00:00
TXN00001265,EMP0065,HR,HR Coord,2022-06-30,3485.37,9.4,282.47,3767.84,MGR014,2022-06-30 14:00:00
TXN00001266,EMP0066,Operations,Operations Lead,2022-06-30,8672.28,6.6,493.71,9165.99,MGR019,2022-06-30 16:00:00
TXN00001267,EMP0067,Sales,Sales Manager,2022-06-30,8948.71,0.0,0.0,8948.71,MGR009,2022-06-30 15:00:00
TXN00001268,EMP0068,HR,HR Specialist,2022-06-30,6299.01,0.0,0.0,6299.01,MGR014,2022-06-30 12:00:00
TXN00001269,EMP0069,HR,HR Manager,2022-06-30,10795.65,0.0,0.0,10795.65,MGR014,2022-06-30 08:00:00
TXN00001270,EMP0070,Sales,Sales Manager,2022-06-30,10977.25,21.86656240539653,2077.223557193992,13054.473557193993,MGR009,2022-06-30 11:00:00
TXN00001271,EMP0071,Operations,Operations Manager,2022-06-30,11742.36,0.0,0.0,11742.36,MGR019,2022-06-30 12:00:00
TXN00001272,EMP0072,Finance,Controller,2022-06-30,11907.85,0.0,0.0,11907.85,MGR017,2022-06-30 13:00:00
TXN00001273,EMP0073,Sales,Senior Sales,2022-06-30,6441.24,2.4,134.92,6576.16,MGR009,2022-06-30 08:00:00
TXN00001274,EMP0074,Marketing,Marketing Coord,2022-06-30,4266.93,4.3,158.97,4425.9,MGR019,2022-06-30 13:00:00
TXN00001275,EMP0075,HR,HR Coord,2022-06-30,3464.27,0.0,0.0,3464.27,MGR014,2022-06-30 12:00:00
TXN00001276,EMP0076,Sales,Sales Rep,2022-06-30,4965.61,31.873051588936207,1369.6368204854207,6335.24682048542,MGR009,2022-06-30 09:00:00
TXN00001277,EMP0077,Operations,Operations Manager,2022-06-30,9171.93,0.0,0.0,9171.93,MGR019,2022-06-30 13:00:00
TXN00001278,EMP0078,Sales,Sales Rep,2022-06-30,5064.91,1.3,55.13,5120.03,MGR009,2022-06-30 14:00:00
TXN00001279,EMP0079,Marketing,Marketing Coord,2022-06-30,4532.56,10.2,399.35,4931.91,MGR019,2022-06-30 14:00:00
TXN00001280,EMP0080,Sales,Sales Manager,2022-06-30,9838.75,0.0,0.0,9838.75,MGR009,2022-06-30 15:00:00
TXN00001281,EMP0081,Finance,Senior Analyst,2022-06-30,6995.72,0.4,27.22,7022.94,MGR017,2022-06-30 14:00:00
TXN00001282,EMP0082,Sales,Regional Director,2022-06-30,14093.38,3.0,360.08,14453.46,MGR009,2022-06-30 13:00:00
TXN00001283,EMP0083,Finance,Controller,2022-06-30,11415.72,0.0,0.0,11415.72,MGR017,2022-06-30 10:00:00
TXN00001284,EMP0084,Engineering,Junior Dev,2022-06-30,4337.7,1.5,57.86,4395.56,MGR013,2022-06-30 15:00:00
TXN00001285,EMP0085,Finance,Finance Manager,2022-06-30,8923.43,0.0,0.0,8923.43,MGR017,2022-06-30 15:00:00
TXN00001286,EMP0086,Finance,Controller,2022-06-30,12270.85,0.0,0.0,12270.85,MGR017,2022-06-30 13:00:00
TXN00001287,EMP0087,Engineering,Junior Dev,2022-06-30,4674.43,0.0,0.0,4674.43,MGR013,2022-06-30 16:00:00
TXN00001288,EMP0088,Finance,Finance Manager,2022-06-30,10604.43,0.0,0.0,10604.43,MGR017,2022-06-30 12:00:00
TXN00001289,EMP0089,Sales,Senior Sales,2022-06-30,7486.15,0.7,43.69,7529.84,MGR009,2022-06-30 09:00:00
TXN00001290,EMP0090,HR,HR Specialist,2022-06-30,6199.09,0.1,6.48,6205.57,MGR014,2022-06-30 14:00:00
TXN00001291,EMP0091,Finance,Senior Analyst,2022-06-30,6591.18,2.3,134.01,6725.18,MGR017,2022-06-30 09:00:00
TXN00001292,EMP0092,Finance,Senior Analyst,2022-06-30,8736.74,10.0,754.18,9490.92,MGR017,2022-06-30 14:00:00
TXN00001293,EMP0093,Finance,Analyst,2022-06-30,4894.09,0.0,0.0,4894.09,MGR017,2022-06-30 17:00:00
TXN00001294,EMP0094,Operations,Operations Manager,2022-06-30,11594.89,0.0,0.0,11594.89,MGR019,2022-06-30 10:00:00
TXN00001295,EMP0095,Engineering,Senior Dev,2022-06-30,7052.01,6.1,373.48,7425.49,MGR013,2022-06-30 16:00:00
TXN00001296,EMP0096,Finance,Controller,2022-06-30,11717.78,0.0,0.0,11717.78,MGR017,2022-06-30 12:00:00
TXN00001297,EMP0097,Sales,Regional Director,2022-06-30,15462.52,4.7,627.47,16089.98,MGR009,2022-06-30 13:00:00
TXN00001298,EMP0098,Sales,Regional Director,2022-06-30,12561.59,4.7,515.56,13077.15,MGR009,2022-06-30 09:00:00
TXN00001299,EMP0099,Finance,Finance Manager,2022-06-30,12220.41,0.0,0.0,12220.41,MGR017,2022-06-30 09:00:00
TXN00001300,EMP0100,Marketing,Marketing Specialist,2022-06-30,6612.31,0.0,0.0,6612.31,MGR019,2022-06-30 13:00:00
TXN00001301,EMP0101,Operations,Operations Manager,2022-06-30,10528.67,0.0,0.0,10528.67,MGR019,2022-06-30 12:00:00
TXN00001302,EMP0102,Operations,Operations Lead,2022-06-30,8989.25,0.0,0.0,8989.25,MGR019,2022-06-30 12:00:00
TXN00001303,EMP0103,Sales,Sales Manager,2022-06-30,10360.5,0.0,0.0,10360.5,MGR009,2022-06-30 15:00:00
TXN00001304,EMP0104,Engineering,Junior Dev,2022-06-30,4175.23,1.4,51.0,4226.24,MGR013,2022-06-30 17:00:00
TXN00001305,EMP0105,Engineering,Junior Dev,2022-06-30,3797.97,0.7,22.4,3820.37,MGR013,2022-06-30 14:00:00
TXN00001306,EMP0106,Finance,Senior Analyst,2022-06-30,7469.34,0.0,0.0,7469.34,MGR017,2022-06-30 10:00:00
TXN00001307,EMP0107,HR,HR Coord,2022-06-30,4211.49,2.1,78.28,4289.77,MGR014,2022-06-30 15:00:00
TXN00001308,EMP0108,Engineering,Junior Dev,2022-06-30,5017.19,2.6,112.15,5129.34,MGR013,2022-06-30 13:00:00
TXN00001309,EMP0109,Sales,Regional Director,2022-06-30,13192.84,0.0,0.0,13192.84,MGR009,2022-06-30 15:00:00
TXN00001310,EMP0110,HR,HR Coord,2022-06-30,4615.95,0.0,0.0,4615.95,MGR014,2022-06-30 08:00:00
TXN00001311,EMP0111,HR,HR Coord,2022-06-30,4364.79,5.3,199.15,4563.94,MGR014,2022-06-30 13:00:00
TXN00001312,EMP0112,Engineering,Engineering Manager,2022-06-30,8883.38,38.817270957893946,2984.0933810936767,11867.473381093676,MGR013,2022-06-30 17:00:00
TXN00001313,EMP0113,HR,HR Manager,2022-06-30,9372.03,0.0,0.0,9372.03,MGR014,2022-06-30 14:00:00
TXN00001314,EMP0114,Marketing,Marketing Specialist,2022-06-30,6390.94,0.3,19.2,6410.14,MGR019,2022-06-30 12:00:00
TXN00001315,EMP0115,Operations,Operations Manager,2022-06-30,11983.42,0.0,0.0,11983.42,MGR019,2022-06-30 08:00:00
TXN00001316,EMP0116,Sales,Sales Manager,2022-06-30,15557.737787777012,0.0,0.0,15557.737787777012,MGR009,2022-06-30 09:00:00
TXN00001317,EMP0117,Sales,Sales Manager,2022-06-30,10673.75,0.0,0.0,10673.75,MGR009,2022-06-30 14:00:00
TXN00001318,EMP0118,Marketing,Marketing Coord,2022-06-30,3852.51,6.4,214.99,4067.5,MGR019,2022-06-30 13:00:00
TXN00001319,EMP0119,Finance,Analyst,2022-06-30,4641.47,2.1,86.06,4727.53,MGR017,2022-06-30 16:00:00
TXN00001320,EMP0120,HR,HR Coord,2022-06-30,4188.6,7.8,283.7,4472.29,MGR014,2022-06-30 10:00:00
TXN00001321,EMP0121,Marketing,Marketing Coord,2022-06-30,5185.24,1.9,87.21,5272.46,MGR019,2022-06-30 08:00:00
TXN00001322,EMP0122,Engineering,Senior Dev,2022-06-30,7953.97,3.8,264.87,8218.84,MGR013,2022-06-30 10:00:00
TXN00001323,EMP0123,Marketing,Marketing Coord,2022-06-30,3855.55,0.4,14.45,3870.0,MGR019,2022-06-30 17:00:00
TXN00001324,EMP0124,HR,HR Manager,2022-06-30,11224.71,0.0,0.0,11224.71,MGR014,2022-06-30 15:00:00
TXN00001325,EMP0125,HR,HR Manager,2022-06-30,12873.62,0.0,0.0,12873.62,MGR014,2022-06-30 08:00:00
TXN00001326,EMP0126,Engineering,Tech Lead,2022-06-30,8476.43,0.0,0.0,8476.43,MGR013,2022-06-30 10:00:00
TXN00001327,EMP0127,Engineering,Senior Dev,2022-06-30,7780.49,0.7,47.79,7828.28,MGR013,2022-06-30 09:00:00
TXN00001328,EMP0128,Engineering,Junior Dev,2022-06-30,4229.37,0.0,0.0,4229.37,MGR013,2022-06-30 11:00:00
TXN00001329,EMP0129,Sales,Sales Manager,2022-06-30,12272.22,0.0,0.0,12272.22,MGR009,2022-06-30 13:00:00
TXN00001330,EMP0130,HR,HR Coord,2022-06-30,4070.73,5.3,186.32,4257.04,MGR014,2022-06-30 13:00:00
TXN00001331,EMP0131,Marketing,Marketing Coord,2022-06-30,4717.41,0.0,1.77,4719.17,MGR019,2022-06-30 14:00:00
TXN00001332,EMP0132,Operations,Operations Lead,2022-06-30,8194.28,0.0,0.0,8194.28,MGR019,2022-06-30 17:00:00
TXN00001333,EMP0133,Finance,Finance Manager,2022-06-30,12169.82,0.0,0.0,12169.82,MGR017,2022-06-30 08:00:00
TXN00001334,EMP0134,Engineering,Engineering Manager,2022-06-30,11431.86,0.0,0.0,11431.86,MGR013,2022-06-30 17:00:00
TXN00001335,EMP0135,Engineering,Junior Dev,2022-06-30,4439.85,4.2,161.38,4601.23,MGR013,2022-06-30 10:00:00
TXN00001336,EMP0136,Sales,Sales Manager,2022-06-30,12130.79,0.0,0.0,12130.79,MGR009,2022-06-30 15:00:00
TXN00001337,EMP0137,Operations,Operations Lead,2022-06-30,11085.71,4.4,418.16,11503.86,MGR019,2022-06-30 13:00:00
TXN00001338,EMP0138,Operations,Operations Lead,2022-06-30,9145.04,0.0,0.0,9145.04,MGR019,2022-06-30 13:00:00
TXN00001339,EMP0139,Engineering,Junior Dev,2022-06-30,5400.48,0.3,13.01,5413.49,MGR013,2022-06-30 15:00:00
TXN00001340,EMP0140,Operations,Operations Analyst,2022-06-30,5845.28,0.2,12.27,5857.55,MGR019,2022-06-30 09:00:00
TXN00001341,EMP0141,Engineering,Tech Lead,2022-06-30,9965.7,0.0,0.0,9965.7,MGR013,2022-06-30 17:00:00
TXN00001342,EMP0142,HR,HR Coord,2022-06-30,3825.33,1.6,51.91,3877.25,MGR014,2022-06-30 10:00:00
TXN00001343,EMP0143,Sales,Sales Rep,2022-06-30,4482.67,1.3,49.92,4532.6,MGR009,2022-06-30 16:00:00
TXN00001344,EMP0144,Marketing,Marketing Coord,2022-06-30,4099.11,5.0,175.75,4274.86,MGR019,2022-06-30 13:00:00
TXN00001345,EMP0145,Sales,Senior Sales,2022-06-30,6775.07,0.0,0.0,6775.07,MGR009,2022-06-30 14:00:00
TXN00001346,EMP0146,Engineering,Tech Lead,2022-06-30,7593.55,0.0,0.0,7593.55,MGR013,2022-06-30 13:00:00
TXN00001347,EMP0147,Finance,Senior Analyst,2022-06-30,7749.31,9.3,624.41,8373.72,MGR017,2022-06-30 12:00:00
TXN00001348,EMP0148,Sales,Senior Sales,2022-06-30,6368.3,1.1,58.87,6427.17,MGR009,2022-06-30 11:00:00
TXN00001349,EMP0149,Engineering,Senior Dev,2022-06-30,7545.98,2.1,136.04,7682.01,MGR013,2022-06-30 09:00:00
TXN00001350,EMP0150,Finance,Senior Analyst,2022-06-30,7169.19,0.0,0.0,7169.19,MGR017,2022-06-30 08:00:00
TXN00001351,EMP0151,Sales,Sales Rep,2022-06-30,3988.07,0.0,0.0,3988.07,MGR009,2022-06-30 10:00:00
TXN00001352,EMP0152,Engineering,Engineering Manager,2022-06-30,10752.42,0.0,0.0,10752.42,MGR013,2022-06-30 15:00:00
TXN00001353,EMP0153,Sales,Regional Director,2022-06-30,15937.52,1.0,144.8,16082.33,MGR009,2022-06-30 16:00:00
TXN00001354,EMP0154,Marketing,Marketing Coord,2022-06-30,4637.519876057821,1.0,34.87,4672.389876057821,MGR019,2022-06-30 14:00:00
TXN00001355,EMP0155,Engineering,Senior Dev,2022-06-30,7631.91,0.0,0.0,7631.91,MGR013,2022-06-30 16:00:00
TXN00001356,EMP0156,Marketing,Marketing Specialist,2022-06-30,5341.01,0.0,0.0,5341.01,MGR019,2022-06-30 09:00:00
TXN00001357,EMP0157,Marketing,Marketing Specialist,2022-06-30,5319.42,7.1,326.7,5646.12,MGR019,2022-06-30 12:00:00
TXN00001358,EMP0158,HR,HR Specialist,2022-06-30,6403.6,1.9,107.58,6511.17,MGR014,2022-06-30 12:00:00
TXN00001359,EMP0159,HR,HR Specialist,2022-06-30,5325.04,3.1,141.42,5466.46,MGR014,2022-06-30 15:00:00
TXN00001360,EMP0160,Engineering,Tech Lead,2022-06-30,8027.45,0.0,0.0,8027.45,MGR013,2022-06-30 11:00:00
TXN00001361,EMP0161,HR,HR Specialist,2022-06-30,5912.38,0.0,0.0,5912.38,MGR014,2022-06-30 17:00:00
TXN00001362,EMP0162,Engineering,Engineering Manager,2022-06-30,10741.56,0.0,0.0,10741.56,MGR013,2022-06-30 12:00:00
TXN00001363,EMP0163,Operations,Operations Lead,2022-06-30,10681.51,0.4,36.37,10717.88,MGR019,2022-06-30 15:00:00
TXN00001364,EMP0164,HR,HR Manager,2022-06-30,10759.08,0.0,0.0,10759.08,MGR014,2022-06-30 11:00:00
TXN00001365,EMP0165,Finance,Senior Analyst,2022-06-30,6822.06,1.8,105.67,6927.74,MGR017,2022-06-30 09:00:00
TXN00001366,EMP0166,Engineering,Engineering Manager,2022-06-30,10329.97,0.0,0.0,10329.97,MGR013,2022-06-30 10:00:00
TXN00001367,EMP0167,HR,HR Manager,2022-06-30,8443.36,0.0,0.0,8443.36,MGR014,2022-06-30 09:00:00
TXN00001368,EMP0168,Operations,Operations Manager,2022-06-30,8507.85,0.0,0.0,8507.85,MGR019,2022-06-30 15:00:00
TXN00001369,EMP0169,Sales,Sales Manager,2022-06-30,12001.08,0.0,0.0,12001.08,MGR009,2022-06-30 10:00:00
TXN00001370,EMP0170,Engineering,Tech Lead,2022-06-30,8739.09,0.0,0.0,8739.09,MGR013,2022-06-30 15:00:00
TXN00001371,EMP0171,Marketing,Marketing Manager,2022-06-30,10355.85,0.0,0.0,10355.85,MGR019,2022-06-30 09:00:00
TXN00001372,EMP0172,Operations,Operations Lead,2022-06-30,8203.79,2.2,156.4,8360.19,MGR019,2022-06-30 13:00:00
TXN00001373,EMP0173,Marketing,Marketing Manager,2022-06-30,10216.3,0.0,0.0,10216.3,MGR019,2022-06-30 13:00:00
TXN00001374,EMP0174,Marketing,Marketing Specialist,2022-06-30,5657.52,2.1,100.84,5758.36,MGR019,2022-06-30 09:00:00
TXN00001375,EMP0175,Marketing,Marketing Manager,2022-06-30,10147.26,0.0,0.0,10147.26,MGR019,2022-06-30 16:00:00
TXN00001376,EMP0176,Sales,Regional Director,2022-06-30,14435.8,0.2,20.94,14456.74,MGR009,2022-06-30 16:00:00
TXN00001377,EMP0177,Finance,Senior Analyst,2022-06-30,7282.5,0.0,0.0,7282.5,MGR017,2022-06-30 12:00:00
TXN00001378,EMP0178,HR,HR Specialist,2022-06-30,4991.01,0.0,0.02,4991.03,MGR014,2022-06-30 12:00:00
TXN00001379,EMP0179,HR,HR Coord,2022-06-30,3544.49,0.1,4.42,3548.91,MGR014,2022-06-30 10:00:00
TXN00001380,EMP0180,Marketing,Marketing Coord,2022-06-30,4740.4,3.7,151.07,4891.46,MGR019,2022-06-30 10:00:00
TXN00001381,EMP0181,HR,HR Manager,2022-06-30,10222.67,0.0,0.0,10222.67,MGR014,2022-06-30 13:00:00
TXN00001382,EMP0182,Marketing,Marketing Specialist,2022-06-30,5600.16,0.9,41.21,5641.37,MGR019,2022-06-30 16:00:00
TXN00001383,EMP0183,Finance,Senior Analyst,2022-06-30,8022.91,0.0,0.0,8022.91,MGR017,2022-06-30 11:00:00
TXN00001384,EMP0184,Finance,Senior Analyst,2022-06-30,8944.23,0.3,24.95,8969.18,MGR017,2022-06-30 09:00:00
TXN00001385,EMP0185,Engineering,Tech Lead,2022-06-30,8023.94,0.0,0.0,8023.94,MGR013,2022-06-30 11:00:00
TXN00001386,EMP0186,Operations,Operations Manager,2022-06-30,8678.83,0.0,0.0,8678.83,MGR019,2022-06-30 10:00:00
TXN00001387,EMP0187,Marketing,Marketing Coord,2022-06-30,3689.3,0.0,0.0,3689.3,MGR019,2022-06-30 11:00:00
TXN00001388,EMP0188,Operations,Operations Lead,2022-06-30,7854.94,4.7,317.22,8172.17,MGR019,2022-06-30 15:00:00
TXN00001389,EMP0189,Sales,Senior Sales,2022-06-30,7604.22,0.0,0.0,7604.22,MGR009,2022-06-30 08:00:00
TXN00001390,EMP0190,Engineering,Senior Dev,2022-06-30,7679.73,7.2,479.96,8159.69,MGR013,2022-06-30 13:00:00
TXN00001391,EMP0191,HR,HR Coord,2022-06-30,3730.25,10.0,322.14,4052.38,MGR014,2022-06-30 16:00:00
TXN00001392,EMP0192,Finance,Senior Analyst,2022-06-30,8043.48,3.5,242.57,8286.05,MGR017,2022-06-30 17:00:00
TXN00001393,EMP0193,Operations,Operations Lead,2022-06-30,10249.22,1.5,130.5,10379.72,MGR019,2022-06-30 13:00:00
TXN00001394,EMP0194,Finance,Senior Analyst,2022-06-30,6496.16,3.7,205.23,6701.39,MGR017,2022-06-30 15:00:00
TXN00001395,EMP0195,Operations,Operations Manager,2022-06-30,11904.32,0.0,0.0,11904.32,MGR019,2022-06-30 16:00:00
TXN00001396,EMP0196,Engineering,Engineering Manager,2022-06-30,12006.46,0.0,0.0,12006.46,MGR013,2022-06-30 10:00:00
TXN00001397,EMP0197,Sales,Regional Director,2022-06-30,13496.4,10.1,1185.29,14681.68,MGR009,2022-06-30 17:00:00
TXN00001398,EMP0198,HR,HR Coord,2022-06-30,4323.24,0.0,0.0,4323.24,MGR014,2022-06-30 09:00:00
TXN00001399,EMP0199,Finance,Senior Analyst,2022-06-30,7877.94,0.0,0.0,7877.94,MGR017,2022-06-30 09:00:00
TXN00001400,EMP0200,Operations,Operations Manager,2022-06-30,11749.49,0.0,0.0,11749.49,MGR019,2022-06-30 12:00:00
TXN00001401,EMP0001,Operations,Operations Analyst,2022-07-30,5509.53,0.3,15.93,5525.46,MGR019,2022-07-30 14:00:00
TXN00001402,EMP0002,Operations,Operations Lead,2022-07-30,9841.05,0.0,0.0,9841.05,MGR019,2022-07-30 15:00:00
TXN00001403,EMP0003,Sales,Senior Sales,2022-07-30,6221.04,0.1,7.98,6229.01,MGR009,2022-07-30 16:00:00
TXN00001404,EMP0004,Operations,Operations Manager,2022-07-30,9555.93,0.0,0.0,9555.93,MGR019,2022-07-30 14:00:00
TXN00001405,EMP0005,Engineering,Engineering Manager,2022-07-30,11100.7,0.0,0.0,11100.7,MGR013,2022-07-30 14:00:00
TXN00001406,EMP0006,Engineering,Junior Dev,2022-07-30,4351.95,0.7,26.47,4378.43,MGR013,2022-07-30 17:00:00
TXN00001407,EMP0007,Sales,Sales Rep,2022-07-30,4859.16,1.4,58.25,4917.41,MGR009,2022-07-30 09:00:00
TXN00001408,EMP0008,Sales,Regional Director,2022-07-30,11731.85,33.33076910595378,3383.9271652126486,15115.777165212648,MGR009,2022-07-30 10:00:00
TXN00001409,EMP0009,Finance,Finance Manager,2022-07-30,9764.7,0.0,0.0,9764.7,MGR017,2022-07-30 13:00:00
TXN00001410,EMP0010,Sales,Regional Director,2022-07-30,12894.02,0.0,0.0,12894.02,MGR009,2022-07-30 09:00:00
TXN00001411,EMP0011,Marketing,Marketing Coord,2022-07-30,4135.09,3.2,114.98,4250.07,MGR019,2022-07-30 15:00:00
TXN00001412,EMP0012,Marketing,Marketing Coord,2022-07-30,3799.77,6.4,209.29,8018.1,MGR019,2022-07-30 15:00:00
TXN00001413,EMP0013,Finance,Analyst,2022-07-30,5381.41,3.4,158.24,5539.65,MGR017,2022-07-30 16:00:00
TXN00001414,EMP0014,Marketing,Marketing Manager,2022-07-30,9388.76,0.0,0.0,9388.76,MGR019,2022-07-30 13:00:00
TXN00001415,EMP0015,Engineering,Engineering Manager,2022-07-30,10337.47,0.0,0.0,10337.47,MGR013,2022-07-30 10:00:00
TXN00001416,EMP0016,Engineering,Engineering Manager,2022-07-30,10474.68,0.0,0.0,10474.68,MGR013,2022-07-30 16:00:00
TXN00001417,EMP0017,HR,HR Specialist,2022-07-30,5395.52,3.1,145.0,5540.52,MGR014,2022-07-30 17:00:00
TXN00001418,EMP0018,HR,HR Specialist,2022-07-30,6806.67,3.7,220.71,7027.38,MGR014,2022-07-30 10:00:00
TXN00001419,EMP0019,Sales,Sales Rep,2022-07-30,4156.24,6.6,238.38,4394.62,MGR009,2022-07-30 10:00:00
TXN00001420,EMP0020,Operations,Operations Analyst,2022-07-30,5491.77,1.4,65.37,5557.14,MGR019,2022-07-30 14:00:00
TXN00001421,EMP0021,Engineering,Senior Dev,2022-07-30,6337.25,0.4,19.45,6356.7,MGR013,2022-07-30 16:00:00
TXN00001422,EMP0022,Finance,Finance Manager,2022-07-30,9664.68,0.0,0.0,9664.68,MGR017,2022-07-30 08:00:00
TXN00001423,EMP0023,Operations,Operations Lead,2022-07-30,8677.93,27.46928433585444,2062.873788028627,10740.803788028628,MGR019,2022-07-30 09:00:00
TXN00001424,EMP0024,Marketing,Marketing Specialist,2022-07-30,5327.61,1.4,65.92,5393.53,MGR019,2022-07-30 16:00:00
TXN00001425,EMP0025,Operations,Operations Lead,2022-07-30,8975.51,0.1,4.55,8980.06,MGR019,2022-07-30 10:00:00
TXN00001426,EMP0026,Operations,Operations Manager,2022-07-30,12600.78,0.0,0.0,12600.78,MGR019,2022-07-30 12:00:00
TXN00001427,EMP0027,HR,HR Manager,2022-07-30,13014.25,0.0,0.0,13014.25,MGR014,2022-07-30 10:00:00
TXN00001428,EMP0028,HR,HR Manager,2022-07-30,11875.28,0.0,0.0,11875.28,MGR014,2022-07-30 10:00:00
TXN00001429,EMP0029,Sales,Regional Director,2022-07-30,11348.67,1.9,183.79,11532.45,MGR009,2022-07-30 13:00:00
TXN00001430,EMP0030,Marketing,Marketing Manager,2022-07-30,8684.42,0.0,0.0,8684.42,MGR019,2022-07-30 11:00:00
TXN00001431,EMP0031,HR,HR Coord,2022-07-30,3891.72,3.4,114.35,4006.07,MGR014,2022-07-30 13:00:00
TXN00001432,EMP0032,Marketing,Marketing Coord,2022-07-30,4484.93,4.5,173.16,4658.09,MGR019,2022-07-30 16:00:00
TXN00001433,EMP0033,Engineering,Tech Lead,2022-07-30,8587.39,0.0,0.0,8587.39,MGR013,2022-07-30 12:00:00
TXN00001434,EMP0034,Marketing,Marketing Coord,2022-07-30,3850.71,0.0,0.0,3850.71,MGR019,2022-07-30 09:00:00
TXN00001435,EMP0035,HR,HR Manager,2022-07-30,9869.11,0.0,0.0,9869.11,MGR014,2022-07-30 12:00:00
TXN00001436,EMP0036,Sales,Regional Director,2022-07-30,14237.79,0.1,6.32,14244.11,MGR009,2022-07-30 11:00:00
TXN00001437,EMP0037,Operations,Operations Lead,2022-07-30,8275.66,0.0,0.0,8275.66,MGR019,2022-07-30 16:00:00
TXN00001438,EMP0038,Marketing,Marketing Coord,2022-07-30,4547.26,0.0,0.0,4547.26,MGR019,2022-07-30 12:00:00
TXN00001439,EMP0039,Operations,Operations Manager,2022-07-30,10954.57,0.0,0.0,10954.57,MGR019,2022-07-30 10:00:00
TXN00001440,EMP0040,Marketing,Marketing Manager,2022-07-30,9598.62,0.0,0.0,9598.62,MGR019,2022-07-30 12:00:00
TXN00001441,EMP0041,Finance,Controller,2022-07-30,13631.32,0.0,0.0,13631.32,MGR017,2022-07-30 17:00:00
TXN00001442,EMP0042,Sales,Senior Sales,2022-07-30,6548.4,0.0,0.0,6548.4,MGR009,2022-07-30 16:00:00
TXN00001443,EMP0043,Finance,Analyst,2022-07-30,4795.53,1.3,53.27,4848.8,MGR017,2022-07-30 09:00:00
TXN00001444,EMP0044,Engineering,Senior Dev,2022-07-30,7801.12,0.0,0.27,7801.39,MGR013,2022-07-30 16:00:00
TXN00001445,EMP0045,Sales,Regional Director,2022-07-30,15087.19,3.1,407.26,15494.45,MGR009,2022-07-30 10:00:00
TXN00001446,EMP0046,Engineering,Engineering Manager,2022-07-30,9386.42,0.0,0.0,9386.42,MGR013,2022-07-30 17:00:00
TXN00001447,EMP0047,HR,HR Specialist,2022-07-30,6140.56,0.0,0.0,6140.56,MGR014,2022-07-30 17:00:00
TXN00001448,EMP0048,Marketing,Marketing Manager,2022-07-30,11348.61,0.0,0.0,11348.61,MGR019,2022-07-30 10:00:00
TXN00001449,EMP0049,Operations,Operations Manager,2022-07-30,10413.0,0.0,0.0,10413.0,MGR019,2022-07-30 10:00:00
TXN00001450,EMP0050,Operations,Operations Manager,2022-07-30,8475.73,0.0,0.0,8475.73,MGR019,2022-07-30 17:00:00
TXN00001451,EMP0051,Operations,Operations Lead,2022-07-30,8038.62,1.5,105.91,8144.53,MGR019,2022-07-30 17:00:00
TXN00001452,EMP0052,Marketing,Marketing Specialist,2022-07-30,5324.96,0.2,9.39,5334.36,MGR019,2022-07-30 13:00:00
TXN00001453,EMP0053,Finance,Analyst,2022-07-30,5776.99,0.8,42.47,5819.45,MGR017,2022-07-30 17:00:00
TXN00001454,EMP0054,Operations,Operations Lead,2022-07-30,9246.61,4.1,330.35,9576.96,MGR019,2022-07-30 08:00:00
TXN00001455,EMP0055,Sales,Sales Rep,2022-07-30,4055.4,0.2,6.27,4061.67,MGR009,2022-07-30 08:00:00
TXN00001456,EMP0056,Marketing,Marketing Manager,2022-07-30,9397.26,0.0,0.0,9397.26,MGR019,2022-07-30 09:00:00
TXN00001457,EMP0057,HR,HR Coord,2022-07-30,4940.74,0.0,0.0,4940.74,MGR014,2022-07-30 08:00:00
TXN00001458,EMP0058,Marketing,Marketing Coord,2022-07-30,4632.85,0.0,0.0,4632.85,MGR019,2022-07-30 17:00:00
TXN00001459,EMP0059,HR,HR Coord,2022-07-30,4391.67,0.0,0.0,4391.67,MGR014,2022-07-30 12:00:00
TXN00001460,EMP0060,Marketing,Marketing Specialist,2022-07-30,6353.27,9.9,542.75,6896.02,MGR019,2022-07-30 11:00:00
TXN00001461,EMP0061,Engineering,Tech Lead,2022-07-30,10811.75,0.0,0.0,10811.75,MGR013,2022-07-30 17:00:00
TXN00001462,EMP0062,Sales,Sales Rep,2022-07-30,4176.52,1.4,49.36,4225.88,MGR009,2022-07-30 14:00:00
TXN00001463,EMP0063,HR,HR Coord,2022-07-30,3739.19,0.7,21.16,3760.34,MGR014,2022-07-30 17:00:00
TXN00001464,EMP0064,Operations,Operations Lead,2022-07-30,10674.03,2.9,269.9,21887.86,MGR019,2022-07-30 08:00:00
TXN00001465,EMP0065,HR,HR Coord,2022-07-30,3485.37,0.0,0.0,3485.37,MGR014,2022-07-30 15:00:00
TXN00001466,EMP0066,Operations,Operations Lead,2022-07-30,8672.28,0.5,35.79,8708.07,MGR019,2022-07-30 16:00:00
TXN00001467,EMP0067,Sales,Sales Manager,2022-07-30,8948.71,0.0,0.0,8948.71,MGR009,2022-07-30 12:00:00
TXN00001468,EMP0068,HR,HR Specialist,2022-07-30,6299.01,1.5,80.34,6379.36,MGR014,2022-07-30 12:00:00
TXN00001469,EMP0069,HR,HR Manager,2022-07-30,10795.65,0.0,0.0,10795.65,MGR014,2022-07-30 15:00:00
TXN00001470,EMP0070,Sales,Sales Manager,2022-07-30,10977.25,0.0,0.0,10977.25,MGR009,2022-07-30 11:00:00
TXN00001471,EMP0071,Operations,Operations Manager,2022-07-30,11742.36,39.47053103674504,4010.860253290097,15753.220253290097,MGR019,2022-07-30 14:00:00
TXN00001472,EMP0072,Finance,Controller,2022-07-30,11907.85,0.0,0.0,11907.85,MGR017,2022-07-30 12:00:00
TXN00001473,EMP0073,Sales,Senior Sales,2022-07-30,6441.24,0.0,0.0,6441.24,MGR009,2022-07-30 15:00:00
TXN00001474,EMP0074,Marketing,Marketing Coord,2022-07-30,4266.93,0.0,0.0,4266.93,MGR019,2022-07-30 09:00:00
TXN00001475,EMP0075,HR,HR Coord,2022-07-30,3464.27,0.5,14.33,3478.6,MGR014,2022-07-30 08:00:00
TXN00001476,EMP0076,Sales,Sales Rep,2022-07-30,4965.61,3.0,128.5,5094.1,MGR009,2022-07-30 10:00:00
TXN00001477,EMP0077,Operations,Operations Manager,2022-07-30,9171.93,0.0,0.0,9171.93,MGR019,2022-07-30 15:00:00
TXN00001478,EMP0078,Sales,Sales Rep,2022-07-30,5064.91,0.0,0.0,5064.91,MGR009,2022-07-30 14:00:00
TXN00001479,EMP0079,Marketing,Marketing Coord,2022-07-30,4532.56,0.8,32.59,4565.15,MGR019,2022-07-30 15:00:00
TXN00001480,EMP0080,Sales,Sales Manager,2022-07-30,9838.75,0.0,0.0,9838.75,MGR009,2022-07-30 15:00:00
TXN00001481,EMP0081,Finance,Senior Analyst,2022-07-30,6995.72,1.0,58.33,7054.05,MGR017,2022-07-30 11:00:00
TXN00001482,EMP0082,Sales,Regional Director,2022-07-30,14093.38,0.0,0.0,14093.38,MGR009,2022-07-30 13:00:00
TXN00001483,EMP0083,Finance,Controller,2022-07-30,11415.72,0.0,0.0,11415.72,MGR017,2022-07-30 17:00:00
TXN00001484,EMP0084,Engineering,Junior Dev,2022-07-30,4337.7,2.4,89.07,4426.77,MGR013,2022-07-30 10:00:00
TXN00001485,EMP0085,Finance,Finance Manager,2022-07-30,8923.43,0.0,0.0,8923.43,MGR017,2022-07-30 13:00:00
TXN00001486,EMP0086,Finance,Controller,2022-07-30,12270.85,0.0,0.0,12270.85,MGR017,2022-07-30 13:00:00
TXN00001487,EMP0087,Engineering,Junior Dev,2022-07-30,4674.43,1.8,71.57,4746.0,MGR013,2022-07-30 13:00:00
TXN00001488,EMP0088,Finance,Finance Manager,2022-07-30,10604.43,0.0,0.0,10604.43,MGR017,2022-07-30 14:00:00
TXN00001489,EMP0089,Sales,Senior Sales,2022-07-30,7486.15,0.0,0.0,7486.15,MGR009,2022-07-30 10:00:00
TXN00001490,EMP0090,HR,HR Specialist,2022-07-30,6199.09,0.0,0.0,6199.09,MGR014,2022-07-30 13:00:00
TXN00001491,EMP0091,Finance,Senior Analyst,2022-07-30,6591.18,0.0,0.0,6591.18,MGR017,2022-07-30 16:00:00
TXN00001492,EMP0092,Finance,Senior Analyst,2022-07-30,8736.74,0.0,0.0,8736.74,MGR017,2022-07-30 16:00:00
TXN00001493,EMP0093,Finance,Analyst,2022-07-30,4894.09,9.7,410.99,5305.08,MGR017,2022-07-30 09:00:00
TXN00001494,EMP0094,Operations,Operations Manager,2022-07-30,11594.89,0.0,0.0,11594.89,MGR019,2022-07-30 13:00:00
TXN00001495,EMP0095,Engineering,Senior Dev,2022-07-30,7052.01,0.0,0.0,7052.01,MGR013,2022-07-30 11:00:00
TXN00001496,EMP0096,Finance,Controller,2022-07-30,11717.78,0.0,0.0,11717.78,MGR017,2022-07-30 15:00:00
TXN00001497,EMP0097,Sales,Regional Director,2022-07-30,15462.52,0.0,0.0,15462.52,MGR009,2022-07-30 09:00:00
TXN00001498,EMP0098,Sales,Regional Director,2022-07-30,12561.59,0.0,0.0,12561.59,MGR009,2022-07-30 12:00:00
TXN00001499,EMP0099,Finance,Finance Manager,2022-07-30,12220.41,0.0,0.0,12220.41,MGR017,2022-07-30 15:00:00
TXN00001500,EMP0100,Marketing,Marketing Specialist,2022-07-30,6612.31,2.7,154.55,6766.86,MGR019,2022-07-30 11:00:00
TXN00001501,EMP0101,Operations,Operations Manager,2022-07-30,10528.67,0.0,0.0,10528.67,MGR019,2022-07-30 10:00:00
TXN00001502,EMP0102,Operations,Operations Lead,2022-07-30,8989.25,0.0,0.0,8989.25,MGR019,2022-07-30 09:00:00
TXN00001503,EMP0103,Sales,Sales Manager,2022-07-30,10360.5,0.0,0.0,10360.5,MGR009,2022-07-30 08:00:00
TXN00001504,EMP0104,Engineering,Junior Dev,2022-07-30,4175.23,0.0,0.0,4175.23,MGR013,2022-07-30 12:00:00
TXN00001505,EMP0105,Engineering,Junior Dev,2022-07-30,3797.97,96.7812251565133,3180.91318016264,6978.88318016264,MGR013,2022-07-30 14:00:00
TXN00001506,EMP0106,Finance,Senior Analyst,2022-07-30,7469.34,0.0,0.0,7469.34,MGR017,2022-07-30 17:00:00
TXN00001507,EMP0107,HR,HR Coord,2022-07-30,4211.49,11.4,413.92,4625.41,MGR014,2022-07-30 14:00:00
TXN00001508,EMP0108,Engineering,Junior Dev,2022-07-30,5017.19,0.0,0.0,5017.19,MGR013,2022-07-30 11:00:00
TXN00001509,EMP0109,Sales,Regional Director,2022-07-30,13192.84,1.9,221.94,13414.78,MGR009,2022-07-30 10:00:00
TXN00001510,EMP0110,HR,HR Coord,2022-07-30,4615.95,0.0,0.0,4615.95,MGR014,2022-07-30 13:00:00
TXN00001511,EMP0111,HR,HR Coord,2022-07-30,4364.79,3.1,115.96,4480.75,MGR014,2022-07-30 17:00:00
TXN00001512,EMP0112,Engineering,Engineering Manager,2022-07-30,8883.38,0.0,0.0,8883.38,MGR013,2022-07-30 13:00:00
TXN00001513,EMP0113,HR,HR Manager,2022-07-30,9372.03,0.0,0.0,9372.03,MGR014,2022-07-30 11:00:00
TXN00001514,EMP0114,Marketing,Marketing Specialist,2022-07-30,6390.94,0.0,2.02,6392.96,MGR019,2022-07-30 10:00:00
TXN00001515,EMP0115,Operations,Operations Manager,2022-07-30,11983.42,0.0,0.0,11983.42,MGR019,2022-07-30 15:00:00
TXN00001516,EMP0116,Sales,Sales Manager,2022-07-30,11442.95,0.0,0.0,11442.95,MGR009,2022-07-30 16:00:00
TXN00001517,EMP0117,Sales,Sales Manager,2022-07-30,10673.75,0.0,0.0,10673.75,MGR009,2022-07-30 15:00:00
TXN00001518,EMP0118,Marketing,Marketing Coord,2022-07-30,3852.51,1.2,38.82,3891.33,MGR019,2022-07-30 15:00:00
TXN00001519,EMP0119,Finance,Analyst,2022-07-30,4641.47,0.0,0.0,4641.47,MGR017,2022-07-30 12:00:00
TXN00001520,EMP0120,HR,HR Coord,2022-07-30,4188.6,0.0,0.0,4188.6,MGR014,2022-07-30 15:00:00
TXN00001521,EMP0121,Marketing,Marketing Coord,2022-07-30,5185.24,1.7,75.36,5260.61,MGR019,2022-07-30 08:00:00
TXN00001522,EMP0122,Engineering,Senior Dev,2022-07-30,7953.97,2.0,135.39,8089.36,MGR013,2022-07-30 09:00:00
TXN00001523,EMP0123,Marketing,Marketing Coord,2022-07-30,3855.55,0.4,12.63,3868.18,MGR019,2022-07-30 14:00:00
TXN00001524,EMP0124,HR,HR Manager,2022-07-30,11224.71,0.0,0.0,11224.71,MGR014,2022-07-30 16:00:00
TXN00001525,EMP0125,HR,HR Manager,2022-07-30,12873.62,0.0,0.0,12873.62,MGR014,2022-07-30 15:00:00
TXN00001526,EMP0126,Engineering,Tech Lead,2022-07-30,8476.43,0.0,0.0,8476.43,MGR013,2022-07-30 11:00:00
TXN00001527,EMP0127,Engineering,Senior Dev,2022-07-30,7780.49,0.0,0.0,7780.49,MGR013,2022-07-30 11:00:00
TXN00001528,EMP0128,Engineering,Junior Dev,2022-07-30,4229.37,4.3,157.16,4386.53,MGR013,2022-07-30 17:00:00
TXN00001529,EMP0129,Sales,Sales Manager,2022-07-30,12272.22,0.0,0.0,12272.22,MGR009,2022-07-30 13:00:00
TXN00001530,EMP0130,HR,HR Coord,2022-07-30,4070.73,0.0,0.0,4070.73,MGR014,2022-07-30 08:00:00
TXN00001531,EMP0131,Marketing,Marketing Coord,2022-07-30,4717.41,0.0,0.0,4717.41,MGR019,2022-07-30 08:00:00
TXN00001532,EMP0132,Operations,Operations Lead,2022-07-30,8194.28,0.0,0.0,8194.28,MGR019,2022-07-30 12:00:00
TXN00001533,EMP0133,Finance,Finance Manager,2022-07-30,12169.82,0.0,0.0,12169.82,MGR017,2022-07-30 15:00:00
TXN00001534,EMP0134,Engineering,Engineering Manager,2022-07-30,11431.86,0.0,0.0,11431.86,MGR013,2022-07-30 17:00:00
TXN00001535,EMP0135,Engineering,Junior Dev,2022-07-30,4439.85,2.5,95.7,4535.55,MGR013,2022-07-30 15:00:00
TXN00001536,EMP0136,Sales,Sales Manager,2022-07-30,12130.79,0.0,0.0,12130.79,MGR009,2022-07-30 12:00:00
TXN00001537,EMP0137,Operations,Operations Lead,2022-07-30,11085.71,0.6,61.21,11146.92,MGR019,2022-07-30 16:00:00
TXN00001538,EMP0138,Operations,Operations Lead,2022-07-30,9145.04,0.0,0.0,9145.04,MGR019,2022-07-30 08:00:00
TXN00001539,EMP0139,Engineering,Junior Dev,2022-07-30,5400.48,2.1,98.86,5499.34,MGR013,2022-07-30 09:00:00
TXN00001540,EMP0140,Operations,Operations Analyst,2022-07-30,5845.28,0.1,6.03,5851.31,MGR019,2022-07-30 14:00:00
TXN00001541,EMP0141,Engineering,Tech Lead,2022-07-30,9965.7,0.0,0.0,9965.7,MGR013,2022-07-30 10:00:00
TXN00001542,EMP0142,HR,HR Coord,2022-07-30,3825.33,0.6,19.13,3844.46,MGR014,2022-07-30 12:00:00
TXN00001543,EMP0143,Sales,Sales Rep,2022-07-30,4482.67,0.0,0.0,4482.67,MGR009,2022-07-30 13:00:00
TXN00001544,EMP0144,Marketing,Marketing Coord,2022-07-30,4099.11,9.0,319.79,4418.89,MGR019,2022-07-30 14:00:00
TXN00001545,EMP0145,Sales,Senior Sales,2022-07-30,6775.07,1.7,100.92,6876.0,MGR009,2022-07-30 13:00:00
TXN00001546,EMP0146,Engineering,Tech Lead,2022-07-30,7593.55,0.0,0.0,7593.55,MGR013,2022-07-30 08:00:00
TXN00001547,EMP0147,Finance,Senior Analyst,2022-07-30,7749.31,2.2,146.28,7895.59,MGR017,2022-07-30 14:00:00
TXN00001548,EMP0148,Sales,Senior Sales,2022-07-30,6368.3,0.0,0.0,6368.3,MGR009,2022-07-30 08:00:00
TXN00001549,EMP0149,Engineering,Senior Dev,2022-07-30,7545.98,1.3,85.31,7631.29,MGR013,2022-07-30 17:00:00
TXN00001550,EMP0150,Finance,Senior Analyst,2022-07-30,7169.19,0.0,0.0,7169.19,MGR017,2022-07-30 16:00:00
TXN00001551,EMP0151,Sales,Sales Rep,2022-07-30,3988.07,0.0,0.0,3988.07,MGR009,2022-07-30 11:00:00
TXN00001552,EMP0152,Engineering,Engineering Manager,2022-07-30,10752.42,0.0,0.0,10752.42,MGR013,2022-07-30 13:00:00
TXN00001553,EMP0153,Sales,Regional Director,2022-07-30,15937.52,4.5,627.18,16564.7,MGR009,2022-07-30 16:00:00
TXN00001554,EMP0154,Marketing,Marketing Coord,2022-07-30,4071.82,2.1,72.75,4144.57,MGR019,2022-07-30 12:00:00
TXN00001555,EMP0155,Engineering,Senior Dev,2022-07-30,7631.91,2.7,177.2,7809.12,MGR013,2022-07-30 09:00:00
TXN00001556,EMP0156,Marketing,Marketing Specialist,2022-07-30,5341.01,1.2,55.85,5396.86,MGR019,2022-07-30 14:00:00
TXN00001557,EMP0157,Marketing,Marketing Specialist,2022-07-30,5319.42,0.0,0.0,5319.42,MGR019,2022-07-30 16:00:00
TXN00001558,EMP0158,HR,HR Specialist,2022-07-30,6403.6,0.2,12.27,6415.87,MGR014,2022-07-30 15:00:00
TXN00001559,EMP0159,HR,HR Specialist,2022-07-30,5325.04,8.5,390.76,5715.8,MGR014,2022-07-30 16:00:00
TXN00001560,EMP0160,Engineering,Tech Lead,2022-07-30,8027.45,0.0,0.0,8027.45,MGR013,2022-07-30 12:00:00
TXN00001561,EMP0161,HR,HR Specialist,2022-07-30,5912.38,1.6,80.84,5993.22,MGR014,2022-07-30 17:00:00
TXN00001562,EMP0162,Engineering,Engineering Manager,2022-07-30,10741.56,0.0,0.0,10741.56,MGR013,2022-07-30 17:00:00
TXN00001563,EMP0163,Operations,Operations Lead,2022-07-30,10681.51,0.0,0.0,10681.51,MGR019,2022-07-30 09:00:00
TXN00001564,EMP0164,HR,HR Manager,2022-07-30,10759.08,0.0,0.0,10759.08,MGR014,2022-07-30 10:00:00
TXN00001565,EMP0165,Finance,Senior Analyst,2022-07-30,6822.06,0.0,0.0,6822.06,MGR017,2022-07-30 09:00:00
TXN00001566,EMP0166,Engineering,Engineering Manager,2022-07-30,10329.97,0.0,0.0,10329.97,MGR013,2022-07-30 14:00:00
TXN00001567,EMP0167,HR,HR Manager,2022-07-30,8443.36,0.0,0.0,8443.36,MGR014,2022-07-30 13:00:00
TXN00001568,EMP0168,Operations,Operations Manager,2022-07-30,8507.85,0.0,0.0,8507.85,MGR019,2022-07-30 13:00:00
TXN00001569,EMP0169,Sales,Sales Manager,2022-07-30,12001.08,0.0,0.0,12001.08,MGR009,2022-07-30 16:00:00
TXN00001570,EMP0170,Engineering,Tech Lead,2022-07-30,8739.09,0.0,0.0,8739.09,MGR013,2022-07-30 13:00:00
TXN00001571,EMP0171,Marketing,Marketing Manager,2022-07-30,10355.85,0.0,0.0,10355.85,MGR019,2022-07-30 10:00:00
TXN00001572,EMP0172,Operations,Operations Lead,2022-07-30,8203.79,1.6,114.76,8318.55,MGR019,2022-07-30 11:00:00
TXN00001573,EMP0173,Marketing,Marketing Manager,2022-07-30,10216.3,65.30328720724717,5773.482459479415,15989.782459479415,MGR019,2022-07-30 17:00:00
TXN00001574,EMP0174,Marketing,Marketing Specialist,2022-07-30,5657.52,0.0,0.0,5657.52,MGR019,2022-07-30 16:00:00
TXN00001575,EMP0175,Marketing,Marketing Manager,2022-07-30,10147.26,0.0,0.0,10147.26,MGR019,2022-07-30 14:00:00
TXN00001576,EMP0176,Sales,Regional Director,2022-07-30,14435.8,0.8,98.16,14533.96,MGR009,2022-07-30 16:00:00
TXN00001577,EMP0177,Finance,Senior Analyst,2022-07-30,7282.5,3.9,247.09,7529.6,MGR017,2022-07-30 08:00:00
TXN00001578,EMP0178,HR,HR Specialist,2022-07-30,4991.01,0.0,0.0,4991.01,MGR014,2022-07-30 08:00:00
TXN00001579,EMP0179,HR,HR Coord,2022-07-30,3544.49,3.3,100.1,3644.6,MGR014,2022-07-30 08:00:00
TXN00001580,EMP0180,Marketing,Marketing Coord,2022-07-30,4740.4,0.0,0.0,4740.4,MGR019,2022-07-30 10:00:00
TXN00001581,EMP0181,HR,HR Manager,2022-07-30,10222.67,0.0,0.0,10222.67,MGR014,2022-07-30 13:00:00
TXN00001582,EMP0182,Marketing,Marketing Specialist,2022-07-30,5600.16,1.1,52.47,5652.63,MGR019,2022-07-30 15:00:00
TXN00001583,EMP0183,Finance,Senior Analyst,2022-07-30,8022.91,3.7,259.72,8282.64,MGR017,2022-07-30 16:00:00
TXN00001584,EMP0184,Finance,Senior Analyst,2022-07-30,8944.23,0.0,0.0,8944.23,MGR017,2022-07-30 15:00:00
TXN00001585,EMP0185,Engineering,Tech Lead,2022-07-30,8023.94,0.0,0.0,8023.94,MGR013,2022-07-30 10:00:00
TXN00001586,EMP0186,Operations,Operations Manager,2022-07-30,8678.83,0.0,0.0,8678.83,MGR019,2022-07-30 17:00:00
TXN00001587,EMP0187,Marketing,Marketing Coord,2022-07-30,3689.3,0.0,0.0,3689.3,MGR019,2022-07-30 16:00:00
TXN00001588,EMP0188,Operations,Operations Lead,2022-07-30,7854.94,0.0,0.0,7854.94,MGR019,2022-07-30 10:00:00
TXN00001589,EMP0189,Sales,Senior Sales,2022-07-30,7604.22,0.0,0.0,7604.22,MGR009,2022-07-30 13:00:00
TXN00001590,EMP0190,Engineering,Senior Dev,2022-07-30,7679.73,0.0,0.0,7679.73,MGR013,2022-07-30 17:00:00
TXN00001591,EMP0191,HR,HR Coord,2022-07-30,3730.25,2.7,86.5,3816.74,MGR014,2022-07-30 13:00:00
TXN00001592,EMP0192,Finance,Senior Analyst,2022-07-30,8043.48,0.2,17.06,8060.54,MGR017,2022-07-30 10:00:00
TXN00001593,EMP0193,Operations,Operations Lead,2022-07-30,10249.22,3.7,328.76,10577.98,MGR019,2022-07-30 14:00:00
TXN00001594,EMP0194,Finance,Senior Analyst,2022-07-30,6496.16,4.6,255.84,6752.0,MGR017,2022-07-30 17:00:00
TXN00001595,EMP0195,Operations,Operations Manager,2022-07-30,11904.32,0.0,0.0,11904.32,MGR019,2022-07-30 12:00:00
TXN00001596,EMP0196,Engineering,Engineering Manager,2022-07-30,12006.46,0.0,0.0,12006.46,MGR013,2022-07-30 17:00:00
TXN00001597,EMP0197,Sales,Regional Director,2022-07-30,13496.4,1.1,123.26,13619.65,MGR009,2022-07-30 13:00:00
TXN00001598,EMP0198,HR,HR Coord,2022-07-30,4323.24,0.0,0.0,4323.24,MGR014,2022-07-30 16:00:00
TXN00001599,EMP0199,Finance,Senior Analyst,2022-07-30,7877.94,0.0,0.0,7877.94,MGR017,2022-07-30 16:00:00
TXN00001600,EMP0200,Operations,Operations Manager,2022-07-30,11749.49,0.0,0.0,11749.49,MGR019,2022-07-30 16:00:00
TXN00001601,EMP0001,Operations,Operations Analyst,2022-08-29,5509.53,1.4,65.92,5575.46,MGR019,2022-08-29 15:00:00
TXN00001602,EMP0002,Operations,Operations Lead,2022-08-29,9841.05,0.0,0.0,9841.05,MGR019,2022-08-29 17:00:00
TXN00001603,EMP0003,Sales,Senior Sales,2022-08-29,6221.04,0.0,0.0,6221.04,MGR009,2022-08-29 12:00:00
TXN00001604,EMP0004,Operations,Operations Manager,2022-08-29,9555.93,0.0,0.0,9555.93,MGR019,2022-08-29 15:00:00
TXN00001605,EMP0005,Engineering,Engineering Manager,2022-08-29,11100.7,0.0,0.0,11100.7,MGR013,2022-08-29 08:00:00
TXN00001606,EMP0006,Engineering,Junior Dev,2022-08-29,4351.95,3.9,147.51,4499.46,MGR013,2022-08-29 13:00:00
TXN00001607,EMP0007,Sales,Sales Rep,2022-08-29,4859.16,0.0,0.0,4859.16,MGR009,2022-08-29 13:00:00
TXN00001608,EMP0008,Sales,Regional Director,2022-08-29,11731.85,4.9,501.16,12233.01,MGR009,2022-08-29 09:00:00
TXN00001609,EMP0009,Finance,Finance Manager,2022-08-29,9764.7,0.0,0.0,9764.7,MGR017,2022-08-29 14:00:00
TXN00001610,EMP0010,Sales,Regional Director,2022-08-29,12894.02,11.5,1285.73,14179.75,MGR009,2022-08-29 17:00:00
TXN00001611,EMP0011,Marketing,Marketing Coord,2022-08-29,4135.09,0.0,0.0,4135.09,MGR019,2022-08-29 12:00:00
TXN00001612,EMP0012,Marketing,Marketing Coord,2022-08-29,3799.77,0.0,0.0,3799.77,MGR019,2022-08-29 08:00:00
TXN00001613,EMP0013,Finance,Analyst,2022-08-29,5381.41,0.0,0.0,5381.41,MGR017,2022-08-29 17:00:00
TXN00001614,EMP0014,Marketing,Marketing Manager,2022-08-29,9388.76,0.0,0.0,9388.76,MGR019,2022-08-29 15:00:00
TXN00001615,EMP0015,Engineering,Engineering Manager,2022-08-29,10337.47,0.0,0.0,10337.47,MGR013,2022-08-29 12:00:00
TXN00001616,EMP0016,Engineering,Engineering Manager,2022-08-29,10474.68,0.0,0.0,10474.68,MGR013,2022-08-29 17:00:00
TXN00001617,EMP0017,HR,HR Specialist,2022-08-29,5395.52,0.0,0.0,5395.52,MGR014,2022-08-29 17:00:00
TXN00001618,EMP0018,HR,HR Specialist,2022-08-29,6806.67,0.1,4.51,6811.17,MGR014,2022-08-29 11:00:00
TXN00001619,EMP0019,Sales,Sales Rep,2022-08-29,4156.24,0.0,0.0,4156.24,MGR009,2022-08-29 08:00:00
TXN00001620,EMP0020,Operations,Operations Analyst,2022-08-29,5491.77,3.6,173.43,5665.19,MGR019,2022-08-29 17:00:00
TXN00001621,EMP0021,Engineering,Senior Dev,2022-08-29,6337.25,0.0,0.0,6337.25,MGR013,2022-08-29 15:00:00
TXN00001622,EMP0022,Finance,Finance Manager,2022-08-29,9664.68,0.0,0.0,9664.68,MGR017,2022-08-29 10:00:00
TXN00001623,EMP0023,Operations,Operations Lead,2022-08-29,8677.93,0.0,0.0,8677.93,MGR019,2022-08-29 16:00:00
TXN00001624,EMP0024,Marketing,Marketing Specialist,2022-08-29,5327.61,0.0,0.0,5327.61,MGR019,2022-08-29 17:00:00
TXN00001625,EMP0025,Operations,Operations Lead,2022-08-29,8975.51,10.2,795.13,9770.64,MGR019,2022-08-29 14:00:00
TXN00001626,EMP0026,Operations,Operations Manager,2022-08-29,12600.78,0.0,0.0,12600.78,MGR019,2022-08-29 10:00:00
TXN00001627,EMP0027,HR,HR Manager,2022-08-29,13014.25,0.0,0.0,13014.25,MGR014,2022-08-29 11:00:00
TXN00001628,EMP0028,HR,HR Manager,2022-08-29,11875.28,0.0,0.0,11875.28,MGR014,2022-08-29 08:00:00
TXN00001629,EMP0029,Sales,Regional Director,2022-08-29,11348.67,4.8,474.19,11822.86,MGR009,2022-08-29 17:00:00
TXN00001630,EMP0030,Marketing,Marketing Manager,2022-08-29,8684.42,0.0,0.0,8684.42,MGR019,2022-08-29 09:00:00
TXN00001631,EMP0031,HR,HR Coord,2022-08-29,3891.72,6.0,202.54,4094.26,MGR014,2022-08-29 11:00:00
TXN00001632,EMP0032,Marketing,Marketing Coord,2022-08-29,4484.93,1.1,43.17,4528.09,MGR019,2022-08-29 08:00:00
TXN00001633,EMP0033,Engineering,Tech Lead,2022-08-29,8587.39,0.0,0.0,8587.39,MGR013,2022-08-29 15:00:00
TXN00001634,EMP0034,Marketing,Marketing Coord,2022-08-29,3850.71,6.2,205.06,4055.77,MGR019,2022-08-29 13:00:00
TXN00001635,EMP0035,HR,HR Manager,2022-08-29,9869.11,0.0,0.0,9869.11,MGR014,2022-08-29 14:00:00
TXN00001636,EMP0036,Sales,Regional Director,2022-08-29,14237.79,2.9,362.42,14600.22,MGR009,2022-08-29 10:00:00
TXN00001637,EMP0037,Operations,Operations Lead,2022-08-29,8275.66,5.4,384.31,8659.97,MGR019,2022-08-29 14:00:00
TXN00001638,EMP0038,Marketing,Marketing Coord,2022-08-29,4547.26,0.0,0.0,4547.26,MGR019,2022-08-29 11:00:00
TXN00001639,EMP0039,Operations,Operations Manager,2022-08-29,10954.57,0.0,0.0,10954.57,MGR019,2022-08-29 14:00:00
TXN00001640,EMP0040,Marketing,Marketing Manager,2022-08-29,9598.62,0.0,0.0,9598.62,MGR019,2022-08-29 16:00:00
TXN00001641,EMP0041,Finance,Controller,2022-08-29,13631.32,0.0,0.0,13631.32,MGR017,2022-08-29 17:00:00
TXN00001642,EMP0042,Sales,Senior Sales,2022-08-29,6548.4,1.1,62.29,6610.7,MGR009,2022-08-29 15:00:00
TXN00001643,EMP0043,Finance,Analyst,2022-08-29,4795.53,2.9,120.89,4916.42,MGR017,2022-08-29 08:00:00
TXN00001644,EMP0044,Engineering,Senior Dev,2022-08-29,7801.12,4.0,267.21,8068.33,MGR013,2022-08-29 10:00:00
TXN00001645,EMP0045,Sales,Regional Director,2022-08-29,15087.19,0.2,27.73,15114.93,MGR009,2022-08-29 16:00:00
TXN00001646,EMP0046,Engineering,Engineering Manager,2022-08-29,9386.42,0.0,0.0,9386.42,MGR013,2022-08-29 11:00:00
TXN00001647,EMP0047,HR,HR Specialist,2022-08-29,6140.56,1.7,90.39,6230.95,MGR014,2022-08-29 16:00:00
TXN00001648,EMP0048,Marketing,Marketing Manager,2022-08-29,11348.61,0.0,0.0,11348.61,MGR019,2022-08-29 13:00:00
TXN00001649,EMP0049,Operations,Operations Manager,2022-08-29,10413.0,0.0,0.0,10413.0,MGR019,2022-08-29 15:00:00
TXN00001650,EMP0050,Operations,Operations Manager,2022-08-29,8475.73,0.0,0.0,8475.73,MGR019,2022-08-29 16:00:00
TXN00001651,EMP0051,Operations,Operations Lead,2022-08-29,8038.62,3.3,232.31,8270.93,MGR019,2022-08-29 14:00:00
TXN00001652,EMP0052,Marketing,Marketing Specialist,2022-08-29,5324.96,0.7,30.67,5355.64,MGR019,2022-08-29 13:00:00
TXN00001653,EMP0053,Finance,Analyst,2022-08-29,5776.99,4.2,208.48,5985.47,MGR017,2022-08-29 10:00:00
TXN00001654,EMP0054,Operations,Operations Lead,2022-08-29,9246.61,1.0,78.14,9324.76,MGR019,2022-08-29 15:00:00
TXN00001655,EMP0055,Sales,Sales Rep,2022-08-29,4055.4,1.7,59.56,4114.95,MGR009,2022-08-29 16:00:00
TXN00001656,EMP0056,Marketing,Marketing Manager,2022-08-29,9397.26,0.0,0.0,9397.26,MGR019,2022-08-29 13:00:00
TXN00001657,EMP0057,HR,HR Coord,2022-08-29,4940.74,2.2,93.8,5034.54,MGR014,2022-08-29 16:00:00
TXN00001658,EMP0058,Marketing,Marketing Coord,2022-08-29,4632.85,10.6,424.5,5057.35,MGR019,2022-08-29 13:00:00
TXN00001659,EMP0059,HR,HR Coord,2022-08-29,4391.67,1.6,58.93,4450.6,MGR014,2022-08-29 12:00:00
TXN00001660,EMP0060,Marketing,Marketing Specialist,2022-08-29,6353.27,0.0,0.0,6353.27,MGR019,2022-08-29 17:00:00
TXN00001661,EMP0061,Engineering,Tech Lead,2022-08-29,10811.75,0.0,0.0,10811.75,MGR013,2022-08-29 15:00:00
TXN00001662,EMP0062,Sales,Sales Rep,2022-08-29,4176.52,0.0,0.0,4176.52,MGR009,2022-08-29 11:00:00
TXN00001663,EMP0063,HR,HR Coord,2022-08-29,3739.19,1.3,41.3,3780.49,MGR014,2022-08-29 11:00:00
TXN00001664,EMP0064,Operations,Operations Lead,2022-08-29,10674.03,0.9,85.05,10759.08,MGR019,2022-08-29 12:00:00
TXN00001665,EMP0065,HR,HR Coord,2022-08-29,3485.37,2.0,59.7,3545.07,MGR014,2022-08-29 16:00:00
TXN00001666,EMP0066,Operations,Operations Lead,2022-08-29,8672.28,1.0,76.31,8748.59,MGR019,2022-08-29 12:00:00
TXN00001667,EMP0067,Sales,Sales Manager,2022-08-29,8948.71,0.0,0.0,8948.71,MGR009,2022-08-29 11:00:00
TXN00001668,EMP0068,HR,HR Specialist,2022-08-29,6299.01,0.2,13.1,6312.11,MGR014,2022-08-29 12:00:00
TXN00001669,EMP0069,HR,HR Manager,2022-08-29,10795.65,0.0,0.0,10795.65,MGR014,2022-08-29 12:00:00
TXN00001670,EMP0070,Sales,Sales Manager,2022-08-29,10977.25,0.0,0.0,10977.25,MGR009,2022-08-29 11:00:00
TXN00001671,EMP0071,Operations,Operations Manager,2022-08-29,11742.36,0.0,0.0,11742.36,MGR019,2022-08-29 15:00:00
TXN00001672,EMP0072,Finance,Controller,2022-08-29,11907.85,0.0,0.0,11907.85,MGR017,2022-08-29 13:00:00
TXN00001673,EMP0073,Sales,Senior Sales,2022-08-29,6441.24,0.9,52.03,6493.28,MGR009,2022-08-29 15:00:00
TXN00001674,EMP0074,Marketing,Marketing Coord,2022-08-29,4266.93,10.1,371.41,4638.34,MGR019,2022-08-29 13:00:00
TXN00001675,EMP0075,HR,HR Coord,2022-08-29,3464.27,3.4,101.37,3565.64,MGR014,2022-08-29 16:00:00
TXN00001676,EMP0076,Sales,Sales Rep,2022-08-29,4965.61,0.0,0.0,4965.61,MGR009,2022-08-29 12:00:00
TXN00001677,EMP0077,Operations,Operations Manager,2022-08-29,9171.93,0.0,0.0,9171.93,MGR019,2022-08-29 12:00:00
TXN00001678,EMP0078,Sales,Sales Rep,2022-08-29,5064.91,2.7,119.72,5184.63,MGR009,2022-08-29 09:00:00
TXN00001679,EMP0079,Marketing,Marketing Coord,2022-08-29,4532.56,0.0,0.0,4532.56,MGR019,2022-08-29 17:00:00
TXN00001680,EMP0080,Sales,Sales Manager,2022-08-29,9838.75,0.0,0.0,9838.75,MGR009,2022-08-29 16:00:00
TXN00001681,EMP0081,Finance,Senior Analyst,2022-08-29,6995.72,0.5,30.55,7026.27,MGR017,2022-08-29 14:00:00
TXN00001682,EMP0082,Sales,Regional Director,2022-08-29,14093.38,0.0,0.0,14093.38,MGR009,2022-08-29 14:00:00
TXN00001683,EMP0083,Finance,Controller,2022-08-29,11415.72,0.0,0.0,11415.72,MGR017,2022-08-29 13:00:00
TXN00001684,EMP0084,Engineering,Junior Dev,2022-08-29,4337.7,0.0,0.0,4337.7,MGR013,2022-08-29 10:00:00
TXN00001685,EMP0085,Finance,Finance Manager,2022-08-29,8923.43,0.0,0.0,8923.43,MGR017,2022-08-29 12:00:00
TXN00001686,EMP0086,Finance,Controller,2022-08-29,12270.85,0.0,0.0,12270.85,MGR017,2022-08-29 08:00:00
TXN00001687,EMP0087,Engineering,Junior Dev,2022-08-29,4674.43,2.7,107.49,4781.91,MGR013,2022-08-29 12:00:00
TXN00001688,EMP0088,Finance,Finance Manager,2022-08-29,10604.43,0.0,0.0,10604.43,MGR017,2022-08-29 09:00:00
TXN00001689,EMP0089,Sales,Senior Sales,2022-08-29,7486.15,1.6,101.94,7588.09,MGR009,2022-08-29 13:00:00
TXN00001690,EMP0090,HR,HR Specialist,2022-08-29,6199.09,2.6,140.74,6339.83,MGR014,2022-08-29 15:00:00
TXN00001691,EMP0091,Finance,Senior Analyst,2022-08-29,6591.18,1.8,102.38,6693.56,MGR017,2022-08-29 12:00:00
TXN00001692,EMP0092,Finance,Senior Analyst,2022-08-29,8736.74,0.0,0.0,8736.74,MGR017,2022-08-29 15:00:00
TXN00001693,EMP0093,Finance,Analyst,2022-08-29,4894.09,5.5,232.69,5126.77,MGR017,2022-08-29 11:00:00
TXN00001694,EMP0094,Operations,Operations Manager,2022-08-29,11594.89,0.0,0.0,11594.89,MGR019,2022-08-29 11:00:00
TXN00001695,EMP0095,Engineering,Senior Dev,2022-08-29,7052.01,0.0,0.0,7052.01,MGR013,2022-08-29 16:00:00
TXN00001696,EMP0096,Finance,Controller,2022-08-29,11717.78,0.0,0.0,11717.78,MGR017,2022-08-29 12:00:00
TXN00001697,EMP0097,Sales,Regional Director,2022-08-29,15462.52,0.0,3.35,15465.87,MGR009,2022-08-29 16:00:00
TXN00001698,EMP0098,Sales,Regional Director,2022-08-29,12561.59,0.3,31.7,12593.28,MGR009,2022-08-29 12:00:00
TXN00001699,EMP0099,Finance,Finance Manager,2022-08-29,12220.41,0.0,0.0,12220.41,MGR017,2022-08-29 10:00:00
TXN00001700,EMP0100,Marketing,Marketing Specialist,2022-08-29,6612.31,0.0,0.0,6612.31,MGR019,2022-08-29 09:00:00
TXN00001701,EMP0101,Operations,Operations Manager,2022-08-29,10528.67,0.0,0.0,10528.67,MGR019,2022-08-29 17:00:00
TXN00001702,EMP0102,Operations,Operations Lead,2022-08-29,8989.25,3.9,299.97,9289.22,MGR019,2022-08-29 17:00:00
TXN00001703,EMP0103,Sales,Sales Manager,2022-08-29,10360.5,0.0,0.0,10360.5,MGR009,2022-08-29 11:00:00
TXN00001704,EMP0104,Engineering,Junior Dev,2022-08-29,4175.23,3.0,110.05,4285.28,MGR013,2022-08-29 11:00:00
TXN00001705,EMP0105,Engineering,Junior Dev,2022-08-29,3797.97,3.8,123.44,3921.41,MGR013,2022-08-29 08:00:00
TXN00001706,EMP0106,Finance,Senior Analyst,2022-08-29,7469.34,0.7,43.09,7512.44,MGR017,2022-08-29 16:00:00
TXN00001707,EMP0107,HR,HR Coord,2022-08-29,4211.49,0.0,0.0,4211.49,MGR014,2022-08-29 11:00:00
TXN00001708,EMP0108,Engineering,Junior Dev,2022-08-29,5017.19,0.0,0.0,5017.19,MGR013,2022-08-29 11:00:00
TXN00001709,EMP0109,Sales,Regional Director,2022-08-29,13192.84,0.9,97.79,13290.63,MGR009,2022-08-29 08:00:00
TXN00001710,EMP0110,HR,HR Coord,2022-08-29,4615.95,0.9,37.85,4653.79,MGR014,2022-08-29 09:00:00
TXN00001711,EMP0111,HR,HR Coord,2022-08-29,4364.79,0.2,7.32,4372.11,MGR014,2022-08-29 14:00:00
TXN00001712,EMP0112,Engineering,Engineering Manager,2022-08-29,8883.38,0.0,0.0,8883.38,MGR013,2022-08-29 13:00:00
TXN00001713,EMP0113,HR,HR Manager,2022-08-29,9372.03,0.0,0.0,9372.03,MGR014,2022-08-29 15:00:00
TXN00001714,EMP0114,Marketing,Marketing Specialist,2022-08-29,6390.94,9.1,502.07,6893.01,MGR019,2022-08-29 09:00:00
TXN00001715,EMP0115,Operations,Operations Manager,2022-08-29,11983.42,0.0,0.0,11983.42,MGR019,2022-08-29 10:00:00
TXN00001716,EMP0116,Sales,Sales Manager,2022-08-29,11442.95,0.0,0.0,11442.95,MGR009,2022-08-29 08:00:00
TXN00001717,EMP0117,Sales,Sales Manager,2022-08-29,10673.75,0.0,0.0,10673.75,MGR009,2022-08-29 16:00:00
TXN00001718,EMP0118,Marketing,Marketing Coord,2022-08-29,3852.51,0.0,0.0,3852.51,MGR019,2022-08-29 10:00:00
TXN00001719,EMP0119,Finance,Analyst,2022-08-29,4641.47,0.7,26.93,4668.4,MGR017,2022-08-29 14:00:00
TXN00001720,EMP0120,HR,HR Coord,2022-08-29,4188.6,4.1,147.7,4336.29,MGR014,2022-08-29 15:00:00
TXN00001721,EMP0121,Marketing,Marketing Coord,2022-08-29,5185.24,0.0,0.0,5185.24,MGR019,2022-08-29 15:00:00
TXN00001722,EMP0122,Engineering,Senior Dev,2022-08-29,7953.97,0.2,14.64,7968.61,MGR013,2022-08-29 11:00:00
TXN00001723,EMP0123,Marketing,Marketing Coord,2022-08-29,3855.55,7.6,253.78,4109.33,MGR019,2022-08-29 12:00:00
TXN00001724,EMP0124,HR,HR Manager,2022-08-29,11224.71,0.0,0.0,11224.71,MGR014,2022-08-29 13:00:00
TXN00001725,EMP0125,HR,HR Manager,2022-08-29,12873.62,0.0,0.0,12873.62,MGR014,2022-08-29 12:00:00
TXN00001726,EMP0126,Engineering,Tech Lead,2022-08-29,8476.43,0.0,0.0,8476.43,MGR013,2022-08-29 08:00:00
TXN00001727,EMP0127,Engineering,Senior Dev,2022-08-29,7780.49,0.0,0.0,7780.49,MGR013,2022-08-29 09:00:00
TXN00001728,EMP0128,Engineering,Junior Dev,2022-08-29,4229.37,4.6,170.0,4399.37,MGR013,2022-08-29 17:00:00
TXN00001729,EMP0129,Sales,Sales Manager,2022-08-29,12272.22,0.0,0.0,12272.22,MGR009,2022-08-29 11:00:00
TXN00001730,EMP0130,HR,HR Coord,2022-08-29,4070.73,3.7,129.18,4199.91,MGR014,2022-08-29 16:00:00
TXN00001731,EMP0131,Marketing,Marketing Coord,2022-08-29,4717.41,1.8,71.57,4788.97,MGR019,2022-08-29 08:00:00
TXN00001732,EMP0132,Operations,Operations Lead,2022-08-29,8194.28,8.3,585.72,8780.0,MGR019,2022-08-29 10:00:00
TXN00001733,EMP0133,Finance,Finance Manager,2022-08-29,12169.82,0.0,0.0,12169.82,MGR017,2022-08-29 14:00:00
TXN00001734,EMP0134,Engineering,Engineering Manager,2022-08-29,11431.86,0.0,0.0,11431.86,MGR013,2022-08-29 10:00:00
TXN00001735,EMP0135,Engineering,Junior Dev,2022-08-29,4439.85,1.1,41.28,4481.13,MGR013,2022-08-29 08:00:00
TXN00001736,EMP0136,Sales,Sales Manager,2022-08-29,12130.79,0.0,0.0,12130.79,MGR009,2022-08-29 14:00:00
TXN00001737,EMP0137,Operations,Operations Lead,2022-08-29,11085.71,7.9,753.7,11839.41,MGR019,2022-08-29 15:00:00
TXN00001738,EMP0138,Operations,Operations Lead,2022-08-29,9145.04,4.3,343.26,9488.3,MGR019,2022-08-29 10:00:00
TXN00001739,EMP0139,Engineering,Junior Dev,2022-08-29,5400.48,3.2,149.28,5549.76,MGR013,2022-08-29 12:00:00
TXN00001740,EMP0140,Operations,Operations Analyst,2022-08-29,5845.28,0.5,26.37,5871.65,MGR019,2022-08-29 08:00:00
TXN00001741,EMP0141,Engineering,Tech Lead,2022-08-29,9965.7,0.0,0.0,9965.7,MGR013,2022-08-29 08:00:00
TXN00001742,EMP0142,HR,HR Coord,2022-08-29,3825.33,0.2,7.26,3832.59,MGR014,2022-08-29 12:00:00
TXN00001743,EMP0143,Sales,Sales Rep,2022-08-29,4482.67,3.3,127.0,4609.68,MGR009,2022-08-29 17:00:00
TXN00001744,EMP0144,Marketing,Marketing Coord,2022-08-29,4099.11,0.0,0.0,4099.11,MGR019,2022-08-29 17:00:00
TXN00001745,EMP0145,Sales,Senior Sales,2022-08-29,6775.07,0.0,0.0,6775.07,MGR009,2022-08-29 09:00:00
TXN00001746,EMP0146,Engineering,Tech Lead,2022-08-29,7593.55,0.0,0.0,7593.55,MGR013,2022-08-29 13:00:00
TXN00001747,EMP0147,Finance,Senior Analyst,2022-08-29,7749.31,0.4,23.54,7772.85,MGR017,2022-08-29 12:00:00
TXN00001748,EMP0148,Sales,Senior Sales,2022-08-29,6368.3,1.1,61.3,6429.61,MGR009,2022-08-29 15:00:00
TXN00001749,EMP0149,Engineering,Senior Dev,2022-08-29,7545.98,2.2,141.76,7687.74,MGR013,2022-08-29 16:00:00
TXN00001750,EMP0150,Finance,Senior Analyst,2022-08-29,7169.19,1.3,82.16,7251.35,MGR017,2022-08-29 16:00:00
TXN00001751,EMP0151,Sales,Sales Rep,2022-08-29,3988.07,5.3,182.59,4170.66,MGR009,2022-08-29 15:00:00
TXN00001752,EMP0152,Engineering,Engineering Manager,2022-08-29,10752.42,0.0,0.0,10752.42,MGR013,2022-08-29 10:00:00
TXN00001753,EMP0153,Sales,Regional Director,2022-08-29,15937.52,7.4,1014.11,16951.63,MGR009,2022-08-29 16:00:00
TXN00001754,EMP0154,Marketing,Marketing Coord,2022-08-29,4071.82,0.0,0.0,4071.82,MGR019,2022-08-29 15:00:00
TXN00001755,EMP0155,Engineering,Senior Dev,2022-08-29,7631.91,1.3,86.71,15437.24,MGR013,2022-08-29 12:00:00
TXN00001756,EMP0156,Marketing,Marketing Specialist,2022-08-29,5341.01,8.5,392.72,5733.73,MGR019,2022-08-29 11:00:00
TXN00001757,EMP0157,Marketing,Marketing Specialist,2022-08-29,5319.42,0.0,0.0,5319.42,MGR019,2022-08-29 09:00:00
TXN00001758,EMP0158,HR,HR Specialist,2022-08-29,6403.6,1.5,82.92,6486.52,MGR014,2022-08-29 13:00:00
TXN00001759,EMP0159,HR,HR Specialist,2022-08-29,5325.04,2.1,96.69,5421.73,MGR014,2022-08-29 10:00:00
TXN00001760,EMP0160,Engineering,Tech Lead,2022-08-29,8027.45,0.0,0.0,8027.45,MGR013,2022-08-29 15:00:00
TXN00001761,EMP0161,HR,HR Specialist,2022-08-29,5912.38,5.9,300.5,6212.88,MGR014,2022-08-29 12:00:00
TXN00001762,EMP0162,Engineering,Engineering Manager,2022-08-29,10741.56,0.0,0.0,10741.56,MGR013,2022-08-29 10:00:00
TXN00001763,EMP0163,Operations,Operations Lead,2022-08-29,10681.51,0.0,0.0,10681.51,MGR019,2022-08-29 08:00:00
TXN00001764,EMP0164,HR,HR Manager,2022-08-29,10759.08,0.0,0.0,10759.08,MGR014,2022-08-29 13:00:00
TXN00001765,EMP0165,Finance,Senior Analyst,2022-08-29,6822.06,2.8,167.02,6989.08,MGR017,2022-08-29 12:00:00
TXN00001766,EMP0166,Engineering,Engineering Manager,2022-08-29,10329.97,0.0,0.0,10329.97,MGR013,2022-08-29 17:00:00
TXN00001767,EMP0167,HR,HR Manager,2022-08-29,8443.36,0.0,0.0,8443.36,MGR014,2022-08-29 11:00:00
TXN00001768,EMP0168,Operations,Operations Manager,2022-08-29,8507.85,0.0,0.0,8507.85,MGR019,2022-08-29 10:00:00
TXN00001769,EMP0169,Sales,Sales Manager,2022-08-29,12001.08,0.0,0.0,12001.08,MGR009,2022-08-29 17:00:00
TXN00001770,EMP0170,Engineering,Tech Lead,2022-08-29,8739.09,0.0,0.0,8739.09,MGR013,2022-08-29 14:00:00
TXN00001771,EMP0171,Marketing,Marketing Manager,2022-08-29,10355.85,0.0,0.0,10355.85,MGR019,2022-08-29 14:00:00
TXN00001772,EMP0172,Operations,Operations Lead,2022-08-29,8203.79,0.0,0.0,8203.79,MGR019,2022-08-29 16:00:00
TXN00001773,EMP0173,Marketing,Marketing Manager,2022-08-29,10216.3,0.0,0.0,10216.3,MGR019,2022-08-29 13:00:00
TXN00001774,EMP0174,Marketing,Marketing Specialist,2022-08-29,5657.52,0.1,2.84,5660.35,MGR019,2022-08-29 09:00:00
TXN00001775,EMP0175,Marketing,Marketing Manager,2022-08-29,10147.26,0.0,0.0,10147.26,MGR019,2022-08-29 14:00:00
TXN00001776,EMP0176,Sales,Regional Director,2022-08-29,14435.8,1.3,163.92,14599.72,MGR009,2022-08-29 09:00:00
TXN00001777,EMP0177,Finance,Senior Analyst,2022-08-29,7282.5,0.8,47.55,7330.05,MGR017,2022-08-29 10:00:00
TXN00001778,EMP0178,HR,HR Specialist,2022-08-29,4991.01,2.8,121.26,5112.28,MGR014,2022-08-29 10:00:00
TXN00001779,EMP0179,HR,HR Coord,2022-08-29,3544.49,0.2,5.47,3549.97,MGR014,2022-08-29 15:00:00
TXN00001780,EMP0180,Marketing,Marketing Coord,2022-08-29,4740.4,0.8,32.84,4773.24,MGR019,2022-08-29 13:00:00
TXN00001781,EMP0181,HR,HR Manager,2022-08-29,10222.67,0.0,0.0,10222.67,MGR014,2022-08-29 11:00:00
TXN00001782,EMP0182,Marketing,Marketing Specialist,2022-08-29,5600.16,2.4,118.33,5718.49,MGR019,2022-08-29 08:00:00
TXN00001783,EMP0183,Finance,Senior Analyst,2022-08-29,8022.91,1.7,116.7,8139.61,MGR017,2022-08-29 12:00:00
TXN00001784,EMP0184,Finance,Senior Analyst,2022-08-29,8944.23,3.6,276.82,9221.05,MGR017,2022-08-29 14:00:00
TXN00001785,EMP0185,Engineering,Tech Lead,2022-08-29,8023.94,0.0,0.0,8023.94,MGR013,2022-08-29 11:00:00
TXN00001786,EMP0186,Operations,Operations Manager,2022-08-29,8678.83,0.0,0.0,8678.83,MGR019,2022-08-29 15:00:00
TXN00001787,EMP0187,Marketing,Marketing Coord,2022-08-29,3689.3,2.1,66.41,3755.71,MGR019,2022-08-29 12:00:00
TXN00001788,EMP0188,Operations,Operations Lead,2022-08-29,7854.94,6.1,416.88,8271.83,MGR019,2022-08-29 13:00:00
TXN00001789,EMP0189,Sales,Senior Sales,2022-08-29,7604.22,2.3,150.11,7754.33,MGR009,2022-08-29 12:00:00
TXN00001790,EMP0190,Engineering,Senior Dev,2022-08-29,7679.73,2.8,185.52,7865.25,MGR013,2022-08-29 17:00:00
TXN00001791,EMP0191,HR,HR Coord,2022-08-29,3730.25,1.2,39.83,3770.08,MGR014,2022-08-29 17:00:00
TXN00001792,EMP0192,Finance,Senior Analyst,2022-08-29,8043.48,3.5,245.97,8289.45,MGR017,2022-08-29 08:00:00
TXN00001793,EMP0193,Operations,Operations Lead,2022-08-29,10249.22,1.5,132.34,10381.56,MGR019,2022-08-29 12:00:00
TXN00001794,EMP0194,Finance,Senior Analyst,2022-08-29,6496.16,0.0,0.0,6496.16,MGR017,2022-08-29 13:00:00
TXN00001795,EMP0195,Operations,Operations Manager,2022-08-29,11904.32,0.0,0.0,11904.32,MGR019,2022-08-29 11:00:00
TXN00001796,EMP0196,Engineering,Engineering Manager,2022-08-29,12006.46,0.0,0.0,12006.46,MGR013,2022-08-29 08:00:00
TXN00001797,EMP0197,Sales,Regional Director,2022-08-29,13496.4,23.23344671107423,2713.5682805019997,16209.968280501998,MGR009,2022-08-29 09:00:00
TXN00001798,EMP0198,HR,HR Coord,2022-08-29,4323.24,1.9,72.16,4395.4,MGR014,2022-08-29 15:00:00
TXN00001799,EMP0199,Finance,Senior Analyst,2022-08-29,7877.94,3.0,202.48,8080.43,MGR017,2022-08-29 12:00:00
TXN00001800,EMP0200,Operations,Operations Manager,2022-08-29,11749.49,0.0,0.0,11749.49,MGR019,2022-08-29 10:00:00
TXN00001801,EMP0001,Operations,Operations Analyst,2022-09-28,5509.53,3.9,183.85,5693.39,MGR019,2022-09-28 14:00:00
TXN00001802,EMP0002,Operations,Operations Lead,2022-09-28,9841.05,5.4,462.08,10303.13,MGR019,2022-09-28 16:00:00
TXN00001803,EMP0003,Sales,Senior Sales,2022-09-28,6221.04,0.0,0.0,6221.04,MGR009,2022-09-28 12:00:00
TXN00001804,EMP0004,Operations,Operations Manager,2022-09-28,9555.93,0.0,0.0,9555.93,MGR019,2022-09-28 09:00:00
TXN00001805,EMP0005,Engineering,Engineering Manager,2022-09-28,11100.7,0.0,0.0,11100.7,MGR013,2022-09-28 12:00:00
TXN00001806,EMP0006,Engineering,Junior Dev,2022-09-28,4351.95,0.0,0.0,4351.95,MGR013,2022-09-28 13:00:00
TXN00001807,EMP0007,Sales,Sales Rep,2022-09-28,4859.16,0.6,25.57,4884.73,MGR009,2022-09-28 17:00:00
TXN00001808,EMP0008,Sales,Regional Director,2022-09-28,11731.85,0.0,0.0,11731.85,MGR009,2022-09-28 11:00:00
TXN00001809,EMP0009,Finance,Finance Manager,2022-09-28,9764.7,0.0,0.0,9764.7,MGR017,2022-09-28 11:00:00
TXN00001810,EMP0010,Sales,Regional Director,2022-09-28,12894.02,0.2,26.35,12920.37,MGR009,2022-09-28 10:00:00
TXN00001811,EMP0011,Marketing,Marketing Coord,2022-09-28,4135.09,4.9,174.69,4309.79,MGR019,2022-09-28 15:00:00
TXN00001812,EMP0012,Marketing,Marketing Coord,2022-09-28,3799.77,0.0,0.0,3799.77,MGR019,2022-09-28 10:00:00
TXN00001813,EMP0013,Finance,Analyst,2022-09-28,5381.41,0.2,9.68,5391.09,MGR017,2022-09-28 15:00:00
TXN00001814,EMP0014,Marketing,Marketing Manager,2022-09-28,9388.76,0.0,0.0,9388.76,MGR019,2022-09-28 17:00:00
TXN00001815,EMP0015,Engineering,Engineering Manager,2022-09-28,10337.47,0.0,0.0,10337.47,MGR013,2022-09-28 13:00:00
TXN00001816,EMP0016,Engineering,Engineering Manager,2022-09-28,10474.68,0.0,0.0,10474.68,MGR013,2022-09-28 14:00:00
TXN00001817,EMP0017,HR,HR Specialist,2022-09-28,5395.52,3.1,146.38,5541.9,MGR014,2022-09-28 16:00:00
TXN00001818,EMP0018,HR,HR Specialist,2022-09-28,6806.67,1.4,83.19,6889.85,MGR014,2022-09-28 15:00:00
TXN00001819,EMP0019,Sales,Sales Rep,2022-09-28,4156.24,0.0,0.0,4156.24,MGR009,2022-09-28 16:00:00
TXN00001820,EMP0020,Operations,Operations Analyst,2022-09-28,5491.77,17.6,837.18,6328.95,MGR019,2022-09-28 11:00:00
TXN00001821,EMP0021,Engineering,Senior Dev,2022-09-28,6337.25,1.2,63.73,6400.98,MGR013,2022-09-28 11:00:00
TXN00001822,EMP0022,Finance,Finance Manager,2022-09-28,9664.68,0.0,0.0,9664.68,MGR017,2022-09-28 17:00:00
TXN00001823,EMP0023,Operations,Operations Lead,2022-09-28,8677.93,0.2,16.04,8693.97,MGR019,2022-09-28 09:00:00
TXN00001824,EMP0024,Marketing,Marketing Specialist,2022-09-28,5327.61,1.9,86.32,5413.93,MGR019,2022-09-28 16:00:00
TXN00001825,EMP0025,Operations,Operations Lead,2022-09-28,8975.51,0.0,0.0,8975.51,MGR019,2022-09-28 15:00:00
TXN00001826,EMP0026,Operations,Operations Manager,2022-09-28,12600.78,0.0,0.0,12600.78,MGR019,2022-09-28 16:00:00
TXN00001827,EMP0027,HR,HR Manager,2022-09-28,13014.25,0.0,0.0,13014.25,MGR014,2022-09-28 13:00:00
TXN00001828,EMP0028,HR,HR Manager,2022-09-28,11875.28,0.0,0.0,11875.28,MGR014,2022-09-28 09:00:00
TXN00001829,EMP0029,Sales,Regional Director,2022-09-28,11348.67,4.9,480.88,11829.55,MGR009,2022-09-28 17:00:00
TXN00001830,EMP0030,Marketing,Marketing Manager,2022-09-28,8684.42,0.0,0.0,8684.42,MGR019,2022-09-28 09:00:00
TXN00001831,EMP0031,HR,HR Coord,2022-09-28,3891.72,0.2,6.95,3898.67,MGR014,2022-09-28 08:00:00
TXN00001832,EMP0032,Marketing,Marketing Coord,2022-09-28,4484.93,0.0,0.0,4484.93,MGR019,2022-09-28 16:00:00
TXN00001833,EMP0033,Engineering,Tech Lead,2022-09-28,8587.39,0.0,0.0,8587.39,MGR013,2022-09-28 16:00:00
TXN00001834,EMP0034,Marketing,Marketing Coord,2022-09-28,3850.71,4.6,152.26,4002.98,MGR019,2022-09-28 11:00:00
TXN00001835,EMP0035,HR,HR Manager,2022-09-28,9869.11,0.0,0.0,9869.11,MGR014,2022-09-28 17:00:00
TXN00001836,EMP0036,Sales,Regional Director,2022-09-28,14237.79,0.0,0.0,14237.79,MGR009,2022-09-28 16:00:00
TXN00001837,EMP0037,Operations,Operations Lead,2022-09-28,8275.66,0.5,32.49,8308.14,MGR019,2022-09-28 10:00:00
TXN00001838,EMP0038,Marketing,Marketing Coord,2022-09-28,4547.26,2.9,114.37,4661.63,MGR019,2022-09-28 10:00:00
TXN00001839,EMP0039,Operations,Operations Manager,2022-09-28,10954.57,0.0,0.0,10954.57,MGR019,2022-09-28 13:00:00
TXN00001840,EMP0040,Marketing,Marketing Manager,2022-09-28,9598.62,0.0,0.0,9598.62,MGR019,2022-09-28 16:00:00
TXN00001841,EMP0041,Finance,Controller,2022-09-28,13631.32,0.0,0.0,13631.32,MGR017,2022-09-28 15:00:00
TXN00001842,EMP0042,Sales,Senior Sales,2022-09-28,6548.4,0.0,0.0,6548.4,MGR009,2022-09-28 09:00:00
TXN00001843,EMP0043,Finance,Analyst,2022-09-28,4795.53,0.0,0.0,4795.53,MGR017,2022-09-28 11:00:00
TXN00001844,EMP0044,Engineering,Senior Dev,2022-09-28,7801.12,0.0,0.0,7801.12,MGR013,2022-09-28 17:00:00
TXN00001845,EMP0045,Sales,Regional Director,2022-09-28,15087.19,0.0,0.0,15087.19,MGR009,2022-09-28 15:00:00
TXN00001846,EMP0046,Engineering,Engineering Manager,2022-09-28,9386.42,0.0,0.0,9386.42,MGR013,2022-09-28 09:00:00
TXN00001847,EMP0047,HR,HR Specialist,2022-09-28,6140.56,0.0,0.0,6140.56,MGR014,2022-09-28 16:00:00
TXN00001848,EMP0048,Marketing,Marketing Manager,2022-09-28,11348.61,0.0,0.0,11348.61,MGR019,2022-09-28 15:00:00
TXN00001849,EMP0049,Operations,Operations Manager,2022-09-28,10413.0,0.0,0.0,10413.0,MGR019,2022-09-28 08:00:00
TXN00001850,EMP0050,Operations,Operations Manager,2022-09-28,8475.73,0.0,0.0,8475.73,MGR019,2022-09-28 15:00:00
TXN00001851,EMP0051,Operations,Operations Lead,2022-09-28,8038.62,0.7,47.16,8085.78,MGR019,2022-09-28 10:00:00
TXN00001852,EMP0052,Marketing,Marketing Specialist,2022-09-28,5324.96,0.8,38.21,5363.18,MGR019,2022-09-28 16:00:00
TXN00001853,EMP0053,Finance,Analyst,2022-09-28,5776.99,1.7,82.96,5859.94,MGR017,2022-09-28 14:00:00
TXN00001854,EMP0054,Operations,Operations Lead,2022-09-28,9246.61,0.0,0.0,9246.61,MGR019,2022-09-28 15:00:00
TXN00001855,EMP0055,Sales,Sales Rep,2022-09-28,4055.4,0.6,21.92,4077.31,MGR009,2022-09-28 17:00:00
TXN00001856,EMP0056,Marketing,Marketing Manager,2022-09-28,9397.26,0.0,0.0,9397.26,MGR019,2022-09-28 08:00:00
TXN00001857,EMP0057,HR,HR Coord,2022-09-28,4940.74,5.2,221.27,5162.01,MGR014,2022-09-28 16:00:00
TXN00001858,EMP0058,Marketing,Marketing Coord,2022-09-28,4632.85,4.8,191.34,4824.19,MGR019,2022-09-28 15:00:00
TXN00001859,EMP0059,HR,HR Coord,2022-09-28,4391.67,3.5,134.4,4526.07,MGR014,2022-09-28 12:00:00
TXN00001860,EMP0060,Marketing,Marketing Specialist,2022-09-28,6353.27,8.4,461.5,6814.77,MGR019,2022-09-28 08:00:00
TXN00001861,EMP0061,Engineering,Tech Lead,2022-09-28,10811.75,0.0,0.0,10811.75,MGR013,2022-09-28 14:00:00
TXN00001862,EMP0062,Sales,Sales Rep,2022-09-28,4176.52,1.2,42.54,4219.06,MGR009,2022-09-28 12:00:00
TXN00001863,EMP0063,HR,HR Coord,2022-09-28,3739.19,0.6,20.57,3759.75,MGR014,2022-09-28 08:00:00
TXN00001864,EMP0064,Operations,Operations Lead,2022-09-28,10674.03,0.7,68.4,10742.43,MGR019,2022-09-28 11:00:00
TXN00001865,EMP0065,HR,HR Coord,2022-09-28,3485.37,0.9,27.81,3513.19,MGR014,2022-09-28 17:00:00
TXN00001866,EMP0066,Operations,Operations Lead,2022-09-28,8672.28,5.1,379.84,9052.12,MGR019,2022-09-28 09:00:00
TXN00001867,EMP0067,Sales,Sales Manager,2022-09-28,8948.71,0.0,0.0,8948.71,MGR009,2022-09-28 08:00:00
TXN00001868,EMP0068,HR,HR Specialist,2022-09-28,6299.01,0.0,0.0,6299.01,MGR014,2022-09-28 14:00:00
TXN00001869,EMP0069,HR,HR Manager,2022-09-28,10795.65,0.0,0.0,10795.65,MGR014,2022-09-28 13:00:00
TXN00001870,EMP0070,Sales,Sales Manager,2022-09-28,10977.25,0.0,0.0,10977.25,MGR009,2022-09-28 09:00:00
TXN00001871,EMP0071,Operations,Operations Manager,2022-09-28,11742.36,0.0,0.0,11742.36,MGR019,2022-09-28 16:00:00
TXN00001872,EMP0072,Finance,Controller,2022-09-28,11907.85,0.0,0.0,11907.85,MGR017,2022-09-28 08:00:00
TXN00001873,EMP0073,Sales,Senior Sales,2022-09-28,6441.24,0.1,5.73,6446.97,MGR009,2022-09-28 09:00:00
TXN00001874,EMP0074,Marketing,Marketing Coord,2022-09-28,4266.93,0.0,0.0,4266.93,MGR019,2022-09-28 15:00:00
TXN00001875,EMP0075,HR,HR Coord,2022-09-28,3464.27,2.4,73.29,3537.56,MGR014,2022-09-28 08:00:00
TXN00001876,EMP0076,Sales,Sales Rep,2022-09-28,4965.61,3.3,141.7,5107.3,MGR009,2022-09-28 12:00:00
TXN00001877,EMP0077,Operations,Operations Manager,2022-09-28,9171.93,0.0,0.0,9171.93,MGR019,2022-09-28 14:00:00
TXN00001878,EMP0078,Sales,Sales Rep,2022-09-28,5064.91,0.0,0.0,5064.91,MGR009,2022-09-28 10:00:00
TXN00001879,EMP0079,Marketing,Marketing Coord,2022-09-28,4532.56,6.9,272.09,4804.65,MGR019,2022-09-28 10:00:00
TXN00001880,EMP0080,Sales,Sales Manager,2022-09-28,9838.75,0.0,0.0,9838.75,MGR009,2022-09-28 14:00:00
TXN00001881,EMP0081,Finance,Senior Analyst,2022-09-28,6995.72,0.0,0.0,6995.72,MGR017,2022-09-28 13:00:00
TXN00001882,EMP0082,Sales,Regional Director,2022-09-28,14093.38,0.0,0.0,14093.38,MGR009,2022-09-28 14:00:00
TXN00001883,EMP0083,Finance,Controller,2022-09-28,11415.72,0.0,0.0,11415.72,MGR017,2022-09-28 15:00:00
TXN00001884,EMP0084,Engineering,Junior Dev,2022-09-28,4337.7,2.6,96.81,4434.51,MGR013,2022-09-28 14:00:00
TXN00001885,EMP0085,Finance,Finance Manager,2022-09-28,8923.43,0.0,0.0,8923.43,MGR017,2022-09-28 14:00:00
TXN00001886,EMP0086,Finance,Controller,2022-09-28,12270.85,0.0,0.0,12270.85,MGR017,2022-09-28 09:00:00
TXN00001887,EMP0087,Engineering,Junior Dev,2022-09-28,4674.43,0.0,0.0,4674.43,MGR013,2022-09-28 16:00:00
TXN00001888,EMP0088,Finance,Finance Manager,2022-09-28,10604.43,0.0,0.0,10604.43,MGR017,2022-09-28 10:00:00
TXN00001889,EMP0089,Sales,Senior Sales,2022-09-28,7486.15,0.0,0.0,7486.15,MGR009,2022-09-28 13:00:00
TXN00001890,EMP0090,HR,HR Specialist,2022-09-28,6199.09,0.0,0.0,6199.09,MGR014,2022-09-28 09:00:00
TXN00001891,EMP0091,Finance,Senior Analyst,2022-09-28,6591.18,0.0,0.0,6591.18,MGR017,2022-09-28 10:00:00
TXN00001892,EMP0092,Finance,Senior Analyst,2022-09-28,8736.74,0.1,9.34,8746.08,MGR017,2022-09-28 16:00:00
TXN00001893,EMP0093,Finance,Analyst,2022-09-28,4894.09,0.4,17.71,4911.79,MGR017,2022-09-28 14:00:00
TXN00001894,EMP0094,Operations,Operations Manager,2022-09-28,11594.89,0.0,0.0,11594.89,MGR019,2022-09-28 16:00:00
TXN00001895,EMP0095,Engineering,Senior Dev,2022-09-28,7052.01,0.0,0.0,7052.01,MGR013,2022-09-28 10:00:00
TXN00001896,EMP0096,Finance,Controller,2022-09-28,11717.78,0.0,0.0,11717.78,MGR017,2022-09-28 11:00:00
TXN00001897,EMP0097,Sales,Regional Director,2022-09-28,15462.52,1.1,150.58,15613.09,MGR009,2022-09-28 08:00:00
TXN00001898,EMP0098,Sales,Regional Director,2022-09-28,12561.59,0.8,86.09,12647.68,MGR009,2022-09-28 08:00:00
TXN00001899,EMP0099,Finance,Finance Manager,2022-09-28,12220.41,0.0,0.0,12220.41,MGR017,2022-09-28 12:00:00
TXN00001900,EMP0100,Marketing,Marketing Specialist,2022-09-28,7540.017810535809,4.3,246.64,7786.657810535809,MGR019,2022-09-28 15:00:00
TXN00001901,EMP0101,Operations,Operations Manager,2022-09-28,10528.67,0.0,0.0,10528.67,MGR019,2022-09-28 16:00:00
TXN00001902,EMP0102,Operations,Operations Lead,2022-09-28,8989.25,2.5,193.4,9182.66,MGR019,2022-09-28 14:00:00
TXN00001903,EMP0103,Sales,Sales Manager,2022-09-28,10360.5,0.0,0.0,10360.5,MGR009,2022-09-28 16:00:00
TXN00001904,EMP0104,Engineering,Junior Dev,2022-09-28,4175.23,2.6,94.28,4269.51,MGR013,2022-09-28 14:00:00
TXN00001905,EMP0105,Engineering,Junior Dev,2022-09-28,3797.97,0.0,0.0,3797.97,MGR013,2022-09-28 11:00:00
TXN00001906,EMP0106,Finance,Senior Analyst,2022-09-28,7469.34,0.0,0.0,7469.34,MGR017,2022-09-28 11:00:00
TXN00001907,EMP0107,HR,HR Coord,2022-09-28,4211.49,3.7,134.37,4345.86,MGR014,2022-09-28 15:00:00
TXN00001908,EMP0108,Engineering,Junior Dev,2022-09-28,5017.19,0.8,33.85,5051.04,MGR013,2022-09-28 13:00:00
TXN00001909,EMP0109,Sales,Regional Director,2022-09-28,13192.84,7.9,902.03,14094.87,MGR009,2022-09-28 10:00:00
TXN00001910,EMP0110,HR,HR Coord,2022-09-28,4615.95,0.0,0.0,4615.95,MGR014,2022-09-28 12:00:00
TXN00001911,EMP0111,HR,HR Coord,2022-09-28,4364.79,2.3,85.0,4449.79,MGR014,2022-09-28 11:00:00
TXN00001912,EMP0112,Engineering,Engineering Manager,2022-09-28,8883.38,0.0,0.0,8883.38,MGR013,2022-09-28 09:00:00
TXN00001913,EMP0113,HR,HR Manager,2022-09-28,9372.03,0.0,0.0,9372.03,MGR014,2022-09-28 08:00:00
TXN00001914,EMP0114,Marketing,Marketing Specialist,2022-09-28,6390.94,4.9,270.74,6661.68,MGR019,2022-09-28 14:00:00
TXN00001915,EMP0115,Operations,Operations Manager,2022-09-28,11983.42,0.0,0.0,11983.42,MGR019,2022-09-28 17:00:00
TXN00001916,EMP0116,Sales,Sales Manager,2022-09-28,11442.95,0.0,0.0,11442.95,MGR009,2022-09-28 08:00:00
TXN00001917,EMP0117,Sales,Sales Manager,2022-09-28,10673.75,0.0,0.0,10673.75,MGR009,2022-09-28 11:00:00
TXN00001918,EMP0118,Marketing,Marketing Coord,2022-09-28,3852.51,66.9062960439036,2230.590933797011,6083.100933797012,MGR019,2022-09-28 11:00:00
TXN00001919,EMP0119,Finance,Analyst,2022-09-28,4641.47,0.0,0.0,4641.47,MGR017,2022-09-28 09:00:00
TXN00001920,EMP0120,HR,HR Coord,2022-09-28,4188.6,2.1,75.45,4264.05,MGR014,2022-09-28 09:00:00
TXN00001921,EMP0121,Marketing,Marketing Coord,2022-09-28,5844.6304331566735,3.6,160.8,6005.430433156674,MGR019,2022-09-28 17:00:00
TXN00001922,EMP0122,Engineering,Senior Dev,2022-09-28,7953.97,1.0,66.49,8020.46,MGR013,2022-09-28 08:00:00
TXN00001923,EMP0123,Marketing,Marketing Coord,2022-09-28,3855.55,3.0,101.14,3956.69,MGR019,2022-09-28 15:00:00
TXN00001924,EMP0124,HR,HR Manager,2022-09-28,11224.71,0.0,0.0,11224.71,MGR014,2022-09-28 17:00:00
TXN00001925,EMP0125,HR,HR Manager,2022-09-28,12873.62,0.0,0.0,12873.62,MGR014,2022-09-28 08:00:00
TXN00001926,EMP0126,Engineering,Tech Lead,2022-09-28,8476.43,0.0,0.0,8476.43,MGR013,2022-09-28 11:00:00
TXN00001927,EMP0127,Engineering,Senior Dev,2022-09-28,7780.49,3.3,222.58,8003.06,MGR013,2022-09-28 08:00:00
TXN00001928,EMP0128,Engineering,Junior Dev,2022-09-28,4229.37,0.0,0.0,4229.37,MGR013,2022-09-28 14:00:00
TXN00001929,EMP0129,Sales,Sales Manager,2022-09-28,12272.22,0.0,0.0,12272.22,MGR009,2022-09-28 15:00:00
TXN00001930,EMP0130,HR,HR Coord,2022-09-28,4070.73,0.0,0.0,4070.73,MGR014,2022-09-28 11:00:00
TXN00001931,EMP0131,Marketing,Marketing Coord,2022-09-28,4717.41,3.6,147.3,4864.71,MGR019,2022-09-28 16:00:00
TXN00001932,EMP0132,Operations,Operations Lead,2022-09-28,8194.28,0.0,0.0,8194.28,MGR019,2022-09-28 11:00:00
TXN00001933,EMP0133,Finance,Finance Manager,2022-09-28,12169.82,0.0,0.0,12169.82,MGR017,2022-09-28 08:00:00
TXN00001934,EMP0134,Engineering,Engineering Manager,2022-09-28,11431.86,0.0,0.0,11431.86,MGR013,2022-09-28 10:00:00
TXN00001935,EMP0135,Engineering,Junior Dev,2022-09-28,4439.85,2.0,77.27,4517.12,MGR013,2022-09-28 16:00:00
TXN00001936,EMP0136,Sales,Sales Manager,2022-09-28,12130.79,0.0,0.0,12130.79,MGR009,2022-09-28 12:00:00
TXN00001937,EMP0137,Operations,Operations Lead,2022-09-28,11085.71,1.0,93.35,11179.06,MGR019,2022-09-28 11:00:00
TXN00001938,EMP0138,Operations,Operations Lead,2022-09-28,9145.04,0.0,0.0,9145.04,MGR019,2022-09-28 17:00:00
TXN00001939,EMP0139,Engineering,Junior Dev,2022-09-28,5400.48,2.7,125.98,5526.46,MGR013,2022-09-28 13:00:00
TXN00001940,EMP0140,Operations,Operations Analyst,2022-09-28,5845.28,0.2,8.1,5853.38,MGR019,2022-09-28 17:00:00
TXN00001941,EMP0141,Engineering,Tech Lead,2022-09-28,9965.7,0.0,0.0,9965.7,MGR013,2022-09-28 17:00:00
TXN00001942,EMP0142,HR,HR Coord,2022-09-28,3825.33,1.7,54.67,3880.0,MGR014,2022-09-28 13:00:00
TXN00001943,EMP0143,Sales,Sales Rep,2022-09-28,4482.67,2.8,108.64,4591.32,MGR009,2022-09-28 11:00:00
TXN00001944,EMP0144,Marketing,Marketing Coord,2022-09-28,4099.11,0.0,0.0,4099.11,MGR019,2022-09-28 12:00:00
TXN00001945,EMP0145,Sales,Senior Sales,2022-09-28,6775.07,0.0,0.0,6775.07,MGR009,2022-09-28 10:00:00
TXN00001946,EMP0146,Engineering,Tech Lead,2022-09-28,7593.55,0.0,0.0,7593.55,MGR013,2022-09-28 16:00:00
TXN00001947,EMP0147,Finance,Senior Analyst,2022-09-28,7749.31,0.7,47.74,7797.05,MGR017,2022-09-28 11:00:00
TXN00001948,EMP0148,Sales,Senior Sales,2022-09-28,6368.3,0.0,0.0,6368.3,MGR009,2022-09-28 14:00:00
TXN00001949,EMP0149,Engineering,Senior Dev,2022-09-28,7545.98,0.0,0.0,7545.98,MGR013,2022-09-28 12:00:00
TXN00001950,EMP0150,Finance,Senior Analyst,2022-09-28,7169.19,4.0,248.89,7418.08,MGR017,2022-09-28 12:00:00
TXN00001951,EMP0151,Sales,Sales Rep,2022-09-28,3988.07,4.9,168.01,4156.08,MGR009,2022-09-28 08:00:00
TXN00001952,EMP0152,Engineering,Engineering Manager,2022-09-28,10752.42,0.0,0.0,10752.42,MGR013,2022-09-28 16:00:00
TXN00001953,EMP0153,Sales,Regional Director,2022-09-28,15937.52,6.8,941.97,16879.49,MGR009,2022-09-28 17:00:00
TXN00001954,EMP0154,Marketing,Marketing Coord,2022-09-28,4071.82,10.9,383.33,4455.14,MGR019,2022-09-28 10:00:00
TXN00001955,EMP0155,Engineering,Senior Dev,2022-09-28,7631.91,5.6,372.47,8004.38,MGR013,2022-09-28 14:00:00
TXN00001956,EMP0156,Marketing,Marketing Specialist,2022-09-28,5341.01,1.2,56.63,5397.63,MGR019,2022-09-28 16:00:00
TXN00001957,EMP0157,Marketing,Marketing Specialist,2022-09-28,5319.42,11.1,511.34,5830.77,MGR019,2022-09-28 15:00:00
TXN00001958,EMP0158,HR,HR Specialist,2022-09-28,6403.6,0.0,0.0,6403.6,MGR014,2022-09-28 08:00:00
TXN00001959,EMP0159,HR,HR Specialist,2022-09-28,5325.04,0.0,0.0,5325.04,MGR014,2022-09-28 13:00:00
TXN00001960,EMP0160,Engineering,Tech Lead,2022-09-28,8027.45,0.0,0.0,8027.45,MGR013,2022-09-28 14:00:00
TXN00001961,EMP0161,HR,HR Specialist,2022-09-28,5912.38,0.0,0.0,5912.38,MGR014,2022-09-28 16:00:00
TXN00001962,EMP0162,Engineering,Engineering Manager,2022-09-28,10741.56,0.0,0.0,10741.56,MGR013,2022-09-28 13:00:00
TXN00001963,EMP0163,Operations,Operations Lead,2022-09-28,10681.51,0.7,65.65,10747.15,MGR019,2022-09-28 14:00:00
TXN00001964,EMP0164,HR,HR Manager,2022-09-28,10759.08,0.0,0.0,10759.08,MGR014,2022-09-28 14:00:00
TXN00001965,EMP0165,Finance,Senior Analyst,2022-09-28,6822.06,0.3,18.85,6840.91,MGR017,2022-09-28 10:00:00
TXN00001966,EMP0166,Engineering,Engineering Manager,2022-09-28,10329.97,0.0,0.0,10329.97,MGR013,2022-09-28 12:00:00
TXN00001967,EMP0167,HR,HR Manager,2022-09-28,8443.36,0.0,0.0,8443.36,MGR014,2022-09-28 14:00:00
TXN00001968,EMP0168,Operations,Operations Manager,2022-09-28,8507.85,0.0,0.0,8507.85,MGR019,2022-09-28 10:00:00
TXN00001969,EMP0169,Sales,Sales Manager,2022-09-28,12001.08,0.0,0.0,12001.08,MGR009,2022-09-28 16:00:00
TXN00001970,EMP0170,Engineering,Tech Lead,2022-09-28,8739.09,0.0,0.0,8739.09,MGR013,2022-09-28 15:00:00
TXN00001971,EMP0171,Marketing,Marketing Manager,2022-09-28,10355.85,0.0,0.0,10355.85,MGR019,2022-09-28 11:00:00
TXN00001972,EMP0172,Operations,Operations Lead,2022-09-28,8203.79,97.43820614914414,6917.560799056331,15121.350799056332,MGR019,2022-09-28 11:00:00
TXN00001973,EMP0173,Marketing,Marketing Manager,2022-09-28,10216.3,0.0,0.0,10216.3,MGR019,2022-09-28 12:00:00
TXN00001974,EMP0174,Marketing,Marketing Specialist,2022-09-28,5657.52,0.4,20.4,5677.92,MGR019,2022-09-28 10:00:00
TXN00001975,EMP0175,Marketing,Marketing Manager,2022-09-28,10147.26,0.0,0.0,10147.26,MGR019,2022-09-28 15:00:00
TXN00001976,EMP0176,Sales,Regional Director,2022-09-28,14435.8,0.2,24.21,14460.02,MGR009,2022-09-28 08:00:00
TXN00001977,EMP0177,Finance,Senior Analyst,2022-09-28,7282.5,5.0,313.02,7595.52,MGR017,2022-09-28 16:00:00
TXN00001978,EMP0178,HR,HR Specialist,2022-09-28,4991.01,1.3,54.36,5045.37,MGR014,2022-09-28 14:00:00
TXN00001979,EMP0179,HR,HR Coord,2022-09-28,3544.49,0.0,0.0,3544.49,MGR014,2022-09-28 14:00:00
TXN00001980,EMP0180,Marketing,Marketing Coord,2022-09-28,4740.4,0.3,10.63,4751.02,MGR019,2022-09-28 16:00:00
TXN00001981,EMP0181,HR,HR Manager,2022-09-28,10222.67,0.0,0.0,10222.67,MGR014,2022-09-28 16:00:00
TXN00001982,EMP0182,Marketing,Marketing Specialist,2022-09-28,5600.16,4.9,236.79,5836.95,MGR019,2022-09-28 10:00:00
TXN00001983,EMP0183,Finance,Senior Analyst,2022-09-28,8022.91,2.6,181.04,8203.95,MGR017,2022-09-28 14:00:00
TXN00001984,EMP0184,Finance,Senior Analyst,2022-09-28,8944.23,0.5,36.13,8980.35,MGR017,2022-09-28 11:00:00
TXN00001985,EMP0185,Engineering,Tech Lead,2022-09-28,8023.94,0.0,0.0,8023.94,MGR013,2022-09-28 12:00:00
TXN00001986,EMP0186,Operations,Operations Manager,2022-09-28,8678.83,0.0,0.0,8678.83,MGR019,2022-09-28 11:00:00
TXN00001987,EMP0187,Marketing,Marketing Coord,2022-09-28,3689.3,0.3,8.22,3697.52,MGR019,2022-09-28 13:00:00
TXN00001988,EMP0188,Operations,Operations Lead,2022-09-28,7854.94,1.1,74.63,7929.57,MGR019,2022-09-28 09:00:00
TXN00001989,EMP0189,Sales,Senior Sales,2022-09-28,7604.22,0.0,0.0,7604.22,MGR009,2022-09-28 15:00:00
TXN00001990,EMP0190,Engineering,Senior Dev,2022-09-28,7679.73,1.6,108.13,7787.86,MGR013,2022-09-28 13:00:00
TXN00001991,EMP0191,HR,HR Coord,2022-09-28,3730.25,3.9,125.02,3855.27,MGR014,2022-09-28 09:00:00
TXN00001992,EMP0192,Finance,Senior Analyst,2022-09-28,8043.48,3.3,229.76,8273.23,MGR017,2022-09-28 16:00:00
TXN00001993,EMP0193,Operations,Operations Lead,2022-09-28,10249.22,0.0,0.0,10249.22,MGR019,2022-09-28 11:00:00
TXN00001994,EMP0194,Finance,Senior Analyst,2022-09-28,6496.16,0.0,0.0,6496.16,MGR017,2022-09-28 08:00:00
TXN00001995,EMP0195,Operations,Operations Manager,2022-09-28,11904.32,0.0,0.0,11904.32,MGR019,2022-09-28 12:00:00
TXN00001996,EMP0196,Engineering,Engineering Manager,2022-09-28,12006.46,0.0,0.0,12006.46,MGR013,2022-09-28 14:00:00
TXN00001997,EMP0197,Sales,Regional Director,2022-09-28,13496.4,0.0,0.0,13496.4,MGR009,2022-09-28 17:00:00
TXN00001998,EMP0198,HR,HR Coord,2022-09-28,4323.24,0.0,0.0,4323.24,MGR014,2022-09-28 17:00:00
TXN00001999,EMP0199,Finance,Senior Analyst,2022-09-28,7877.94,0.7,44.41,7922.35,MGR017,2022-09-28 08:00:00
TXN00002000,EMP0200,Operations,Operations Manager,2022-09-28,11749.49,0.0,0.0,11749.49,MGR019,2022-09-28 09:00:00
TXN00002001,EMP0001,Operations,Operations Analyst,2022-10-28,5509.53,2.0,94.41,5603.95,MGR019,2022-10-28 11:00:00
TXN00002002,EMP0002,Operations,Operations Lead,2022-10-28,9841.05,0.0,0.0,9841.05,MGR019,2022-10-28 17:00:00
TXN00002003,EMP0003,Sales,Senior Sales,2022-10-28,6221.04,5.9,317.31,6538.34,MGR009,2022-10-28 16:00:00
TXN00002004,EMP0004,Operations,Operations Manager,2022-10-28,9555.93,0.0,0.0,9555.93,MGR019,2022-10-28 11:00:00
TXN00002005,EMP0005,Engineering,Engineering Manager,2022-10-28,11100.7,0.0,0.0,11100.7,MGR013,2022-10-28 15:00:00
TXN00002006,EMP0006,Engineering,Junior Dev,2022-10-28,4351.95,0.7,24.71,4376.66,MGR013,2022-10-28 11:00:00
TXN00002007,EMP0007,Sales,Sales Rep,2022-10-28,4859.16,0.0,0.0,4859.16,MGR009,2022-10-28 13:00:00
TXN00002008,EMP0008,Sales,Regional Director,2022-10-28,11731.85,2.5,255.45,11987.29,MGR009,2022-10-28 12:00:00
TXN00002009,EMP0009,Finance,Finance Manager,2022-10-28,9764.7,0.0,0.0,9764.7,MGR017,2022-10-28 08:00:00
TXN00002010,EMP0010,Sales,Regional Director,2022-10-28,12894.02,0.8,87.42,12981.44,MGR009,2022-10-28 11:00:00
TXN00002011,EMP0011,Marketing,Marketing Coord,2022-10-28,4135.09,1.4,49.97,4185.06,MGR019,2022-10-28 11:00:00
TXN00002012,EMP0012,Marketing,Marketing Coord,2022-10-28,3799.77,0.5,15.02,3814.79,MGR019,2022-10-28 09:00:00
TXN00002013,EMP0013,Finance,Analyst,2022-10-28,5381.41,0.6,28.63,5410.03,MGR017,2022-10-28 15:00:00
TXN00002014,EMP0014,Marketing,Marketing Manager,2022-10-28,9388.76,0.0,0.0,9388.76,MGR019,2022-10-28 11:00:00
TXN00002015,EMP0015,Engineering,Engineering Manager,2022-10-28,10337.47,0.0,0.0,10337.47,MGR013,2022-10-28 17:00:00
TXN00002016,EMP0016,Engineering,Engineering Manager,2022-10-28,10474.68,0.0,0.0,10474.68,MGR013,2022-10-28 11:00:00
TXN00002017,EMP0017,HR,HR Specialist,2022-10-28,5395.52,0.0,0.0,5395.52,MGR014,2022-10-28 14:00:00
TXN00002018,EMP0018,HR,HR Specialist,2022-10-28,6806.67,0.5,27.27,6833.94,MGR014,2022-10-28 11:00:00
TXN00002019,EMP0019,Sales,Sales Rep,2022-10-28,4156.24,4.8,172.45,4328.69,MGR009,2022-10-28 16:00:00
TXN00002020,EMP0020,Operations,Operations Analyst,2022-10-28,5491.77,0.3,12.98,5504.75,MGR019,2022-10-28 13:00:00
TXN00002021,EMP0021,Engineering,Senior Dev,2022-10-28,6337.25,5.6,306.86,6644.11,MGR013,2022-10-28 12:00:00
TXN00002022,EMP0022,Finance,Finance Manager,2022-10-28,9664.68,0.0,0.0,9664.68,MGR017,2022-10-28 14:00:00
TXN00002023,EMP0023,Operations,Operations Lead,2022-10-28,8677.93,3.4,251.67,8929.6,MGR019,2022-10-28 15:00:00
TXN00002024,EMP0024,Marketing,Marketing Specialist,2022-10-28,5327.61,0.7,34.05,5361.66,MGR019,2022-10-28 16:00:00
TXN00002025,EMP0025,Operations,Operations Lead,2022-10-28,8975.51,0.0,0.0,8975.51,MGR019,2022-10-28 13:00:00
TXN00002026,EMP0026,Operations,Operations Manager,2022-10-28,12600.78,0.0,0.0,12600.78,MGR019,2022-10-28 12:00:00
TXN00002027,EMP0027,HR,HR Manager,2022-10-28,13014.25,0.0,0.0,13014.25,MGR014,2022-10-28 12:00:00
TXN00002028,EMP0028,HR,HR Manager,2022-10-28,11875.28,0.0,0.0,11875.28,MGR014,2022-10-28 13:00:00
TXN00002029,EMP0029,Sales,Regional Director,2022-10-28,11348.67,4.2,408.76,11757.42,MGR009,2022-10-28 16:00:00
TXN00002030,EMP0030,Marketing,Marketing Manager,2022-10-28,8684.42,0.0,0.0,8684.42,MGR019,2022-10-28 15:00:00
TXN00002031,EMP0031,HR,HR Coord,2022-10-28,3891.72,0.3,9.95,3901.67,MGR014,2022-10-28 15:00:00
TXN00002032,EMP0032,Marketing,Marketing Coord,2022-10-28,4484.93,7.6,295.17,4780.09,MGR019,2022-10-28 09:00:00
TXN00002033,EMP0033,Engineering,Tech Lead,2022-10-28,8587.39,0.0,0.0,8587.39,MGR013,2022-10-28 15:00:00
TXN00002034,EMP0034,Marketing,Marketing Coord,2022-10-28,3850.71,1.0,34.44,3885.16,MGR019,2022-10-28 13:00:00
TXN00002035,EMP0035,HR,HR Manager,2022-10-28,13187.26857747574,0.0,0.0,13187.26857747574,MGR014,2022-10-28 11:00:00
TXN00002036,EMP0036,Sales,Regional Director,2022-10-28,14237.79,0.0,0.0,14237.79,MGR009,2022-10-28 13:00:00
TXN00002037,EMP0037,Operations,Operations Lead,2022-10-28,8275.66,1.9,134.91,8410.57,MGR019,2022-10-28 13:00:00
TXN00002038,EMP0038,Marketing,Marketing Coord,2022-10-28,4547.26,0.0,0.0,4547.26,MGR019,2022-10-28 14:00:00
TXN00002039,EMP0039,Operations,Operations Manager,2022-10-28,10954.57,0.0,0.0,21909.14,MGR019,2022-10-28 08:00:00
TXN00002040,EMP0040,Marketing,Marketing Manager,2022-10-28,9598.62,0.0,0.0,9598.62,MGR019,2022-10-28 17:00:00
TXN00002041,EMP0041,Finance,Controller,2022-10-28,13631.32,0.0,0.0,13631.32,MGR017,2022-10-28 11:00:00
TXN00002042,EMP0042,Sales,Senior Sales,2022-10-28,6548.4,0.0,0.0,6548.4,MGR009,2022-10-28 10:00:00
TXN00002043,EMP0043,Finance,Analyst,2022-10-28,4795.53,0.0,0.0,4795.53,MGR017,2022-10-28 08:00:00
TXN00002044,EMP0044,Engineering,Senior Dev,2022-10-28,7801.12,5.3,355.98,8157.09,MGR013,2022-10-28 12:00:00
TXN00002045,EMP0045,Sales,Regional Director,2022-10-28,15087.19,0.1,12.12,15099.31,MGR009,2022-10-28 16:00:00
TXN00002046,EMP0046,Engineering,Engineering Manager,2022-10-28,9386.42,0.0,0.0,9386.42,MGR013,2022-10-28 17:00:00
TXN00002047,EMP0047,HR,HR Specialist,2022-10-28,6140.56,2.9,152.22,6292.78,MGR014,2022-10-28 17:00:00
TXN00002048,EMP0048,Marketing,Marketing Manager,2022-10-28,11348.61,0.0,0.0,11348.61,MGR019,2022-10-28 14:00:00
TXN00002049,EMP0049,Operations,Operations Manager,2022-10-28,10413.0,0.0,0.0,10413.0,MGR019,2022-10-28 12:00:00
TXN00002050,EMP0050,Operations,Operations Manager,2022-10-28,8475.73,0.0,0.0,8475.73,MGR019,2022-10-28 10:00:00
TXN00002051,EMP0051,Operations,Operations Lead,2022-10-28,8038.62,1.7,120.33,8158.95,MGR019,2022-10-28 11:00:00
TXN00002052,EMP0052,Marketing,Marketing Specialist,2022-10-28,5324.96,0.0,0.0,5324.96,MGR019,2022-10-28 13:00:00
TXN00002053,EMP0053,Finance,Analyst,2022-10-28,5776.99,0.1,3.79,5780.78,MGR017,2022-10-28 11:00:00
TXN00002054,EMP0054,Operations,Operations Lead,2022-10-28,9246.61,0.8,65.09,9311.7,MGR019,2022-10-28 14:00:00
TXN00002055,EMP0055,Sales,Sales Rep,2022-10-28,4055.4,3.9,135.77,4191.16,MGR009,2022-10-28 17:00:00
TXN00002056,EMP0056,Marketing,Marketing Manager,2022-10-28,9397.26,0.0,0.0,9397.26,MGR019,2022-10-28 11:00:00
TXN00002057,EMP0057,HR,HR Coord,2022-10-28,4940.74,0.6,24.44,4965.19,MGR014,2022-10-28 15:00:00
TXN00002058,EMP0058,Marketing,Marketing Coord,2022-10-28,4632.85,4.9,194.45,4827.3,MGR019,2022-10-28 16:00:00
TXN00002059,EMP0059,HR,HR Coord,2022-10-28,4391.67,4.2,158.41,4550.08,MGR014,2022-10-28 13:00:00
TXN00002060,EMP0060,Marketing,Marketing Specialist,2022-10-28,6353.27,4.4,244.41,6597.68,MGR019,2022-10-28 12:00:00
TXN00002061,EMP0061,Engineering,Tech Lead,2022-10-28,10811.75,0.0,0.0,10811.75,MGR013,2022-10-28 15:00:00
TXN00002062,EMP0062,Sales,Sales Rep,2022-10-28,4176.52,3.4,122.67,4299.19,MGR009,2022-10-28 15:00:00
TXN00002063,EMP0063,HR,HR Coord,2022-10-28,3739.19,7.9,256.97,3996.16,MGR014,2022-10-28 15:00:00
TXN00002064,EMP0064,Operations,Operations Lead,2022-10-28,10674.03,0.2,18.97,10693.0,MGR019,2022-10-28 10:00:00
TXN00002065,EMP0065,HR,HR Coord,2022-10-28,3485.37,5.3,158.68,3644.05,MGR014,2022-10-28 13:00:00
TXN00002066,EMP0066,Operations,Operations Lead,2022-10-28,8672.28,4.5,336.08,9008.36,MGR019,2022-10-28 10:00:00
TXN00002067,EMP0067,Sales,Sales Manager,2022-10-28,8948.71,0.0,0.0,8948.71,MGR009,2022-10-28 10:00:00
TXN00002068,EMP0068,HR,HR Specialist,2022-10-28,6299.01,9.8,532.61,6831.62,MGR014,2022-10-28 16:00:00
TXN00002069,EMP0069,HR,HR Manager,2022-10-28,10795.65,0.0,0.0,10795.65,MGR014,2022-10-28 15:00:00
TXN00002070,EMP0070,Sales,Sales Manager,2022-10-28,10977.25,0.0,0.0,10977.25,MGR009,2022-10-28 10:00:00
TXN00002071,EMP0071,Operations,Operations Manager,2022-10-28,11742.36,0.0,0.0,11742.36,MGR019,2022-10-28 16:00:00
TXN00002072,EMP0072,Finance,Controller,2022-10-28,11907.85,0.0,0.0,11907.85,MGR017,2022-10-28 08:00:00
TXN00002073,EMP0073,Sales,Senior Sales,2022-10-28,6441.24,0.0,0.0,6441.24,MGR009,2022-10-28 16:00:00
TXN00002074,EMP0074,Marketing,Marketing Coord,2022-10-28,4266.93,0.0,0.0,4266.93,MGR019,2022-10-28 08:00:00
TXN00002075,EMP0075,HR,HR Coord,2022-10-28,3464.27,0.0,0.0,3464.27,MGR014,2022-10-28 09:00:00
TXN00002076,EMP0076,Sales,Sales Rep,2022-10-28,4965.61,0.0,0.0,4965.61,MGR009,2022-10-28 08:00:00
TXN00002077,EMP0077,Operations,Operations Manager,2022-10-28,9171.93,0.0,0.0,9171.93,MGR019,2022-10-28 08:00:00
TXN00002078,EMP0078,Sales,Sales Rep,2022-10-28,5064.91,0.0,0.0,5064.91,MGR009,2022-10-28 14:00:00
TXN00002079,EMP0079,Marketing,Marketing Coord,2022-10-28,4532.56,3.8,148.14,4680.71,MGR019,2022-10-28 10:00:00
TXN00002080,EMP0080,Sales,Sales Manager,2022-10-28,9838.75,0.0,0.0,9838.75,MGR009,2022-10-28 11:00:00
TXN00002081,EMP0081,Finance,Senior Analyst,2022-10-28,6995.72,13.8,838.38,7834.1,MGR017,2022-10-28 09:00:00
TXN00002082,EMP0082,Sales,Regional Director,2022-10-28,14093.38,1.2,152.02,14245.4,MGR009,2022-10-28 10:00:00
TXN00002083,EMP0083,Finance,Controller,2022-10-28,11415.72,0.0,0.0,11415.72,MGR017,2022-10-28 08:00:00
TXN00002084,EMP0084,Engineering,Junior Dev,2022-10-28,4337.7,1.8,65.86,4403.56,MGR013,2022-10-28 11:00:00
TXN00002085,EMP0085,Finance,Finance Manager,2022-10-28,8923.43,0.0,0.0,8923.43,MGR017,2022-10-28 16:00:00
TXN00002086,EMP0086,Finance,Controller,2022-10-28,12270.85,0.0,0.0,12270.85,MGR017,2022-10-28 15:00:00
TXN00002087,EMP0087,Engineering,Junior Dev,2022-10-28,4674.43,0.0,0.0,4674.43,MGR013,2022-10-28 13:00:00
TXN00002088,EMP0088,Finance,Finance Manager,2022-10-28,10604.43,0.0,0.0,10604.43,MGR017,2022-10-28 08:00:00
TXN00002089,EMP0089,Sales,Senior Sales,2022-10-28,7486.15,1.4,90.57,7576.73,MGR009,2022-10-28 17:00:00
TXN00002090,EMP0090,HR,HR Specialist,2022-10-28,6199.09,0.0,0.0,6199.09,MGR014,2022-10-28 17:00:00
TXN00002091,EMP0091,Finance,Senior Analyst,2022-10-28,6591.18,0.3,16.58,6607.76,MGR017,2022-10-28 15:00:00
TXN00002092,EMP0092,Finance,Senior Analyst,2022-10-28,8736.74,2.7,205.13,8941.87,MGR017,2022-10-28 15:00:00
TXN00002093,EMP0093,Finance,Analyst,2022-10-28,4894.09,10.3,437.64,5331.73,MGR017,2022-10-28 08:00:00
TXN00002094,EMP0094,Operations,Operations Manager,2022-10-28,11594.89,0.0,0.0,11594.89,MGR019,2022-10-28 08:00:00
TXN00002095,EMP0095,Engineering,Senior Dev,2022-10-28,7052.01,1.9,116.57,7168.58,MGR013,2022-10-28 16:00:00
TXN00002096,EMP0096,Finance,Controller,2022-10-28,11717.78,0.0,0.0,11717.78,MGR017,2022-10-28 16:00:00
TXN00002097,EMP0097,Sales,Regional Director,2022-10-28,15462.52,4.2,558.4,16020.91,MGR009,2022-10-28 14:00:00
TXN00002098,EMP0098,Sales,Regional Director,2022-10-28,12561.59,0.0,0.0,12561.59,MGR009,2022-10-28 08:00:00
TXN00002099,EMP0099,Finance,Finance Manager,2022-10-28,12220.41,0.0,0.0,12220.41,MGR017,2022-10-28 08:00:00
TXN00002100,EMP0100,Marketing,Marketing Specialist,2022-10-28,6612.31,0.0,0.0,6612.31,MGR019,2022-10-28 16:00:00
TXN00002101,EMP0101,Operations,Operations Manager,2022-10-28,10528.67,0.0,0.0,10528.67,MGR019,2022-10-28 12:00:00
TXN00002102,EMP0102,Operations,Operations Lead,2022-10-28,8989.25,0.0,1.61,8990.86,MGR019,2022-10-28 16:00:00
TXN00002103,EMP0103,Sales,Sales Manager,2022-10-28,10360.5,0.0,0.0,10360.5,MGR009,2022-10-28 12:00:00
TXN00002104,EMP0104,Engineering,Junior Dev,2022-10-28,4175.23,1.5,55.81,4231.04,MGR013,2022-10-28 08:00:00
TXN00002105,EMP0105,Engineering,Junior Dev,2022-10-28,3797.97,0.0,0.0,3797.97,MGR013,2022-10-28 16:00:00
TXN00002106,EMP0106,Finance,Senior Analyst,2022-10-28,7469.34,0.0,0.0,7469.34,MGR017,2022-10-28 14:00:00
TXN00002107,EMP0107,HR,HR Coord,2022-10-28,4211.49,0.0,0.0,4211.49,MGR014,2022-10-28 10:00:00
TXN00002108,EMP0108,Engineering,Junior Dev,2022-10-28,5017.19,3.5,153.0,5170.18,MGR013,2022-10-28 09:00:00
TXN00002109,EMP0109,Sales,Regional Director,2022-10-28,13192.84,0.6,72.43,13265.27,MGR009,2022-10-28 09:00:00
TXN00002110,EMP0110,HR,HR Coord,2022-10-28,4615.95,1.3,50.18,4666.12,MGR014,2022-10-28 16:00:00
TXN00002111,EMP0111,HR,HR Coord,2022-10-28,4364.79,5.3,201.43,4566.22,MGR014,2022-10-28 10:00:00
TXN00002112,EMP0112,Engineering,Engineering Manager,2022-10-28,8883.38,0.0,0.0,8883.38,MGR013,2022-10-28 11:00:00
TXN00002113,EMP0113,HR,HR Manager,2022-10-28,9372.03,0.0,0.0,9372.03,MGR014,2022-10-28 11:00:00
TXN00002114,EMP0114,Marketing,Marketing Specialist,2022-10-28,6390.94,1.1,59.17,6450.11,MGR019,2022-10-28 17:00:00
TXN00002115,EMP0115,Operations,Operations Manager,2022-10-28,11983.42,0.0,0.0,11983.42,MGR019,2022-10-28 16:00:00
TXN00002116,EMP0116,Sales,Sales Manager,2022-10-28,11442.95,0.0,0.0,11442.95,MGR009,2022-10-28 12:00:00
TXN00002117,EMP0117,Sales,Sales Manager,2022-10-28,10673.75,0.0,0.0,10673.75,MGR009,2022-10-28 13:00:00
TXN00002118,EMP0118,Marketing,Marketing Coord,2022-10-28,3852.51,4.0,132.07,3984.58,MGR019,2022-10-28 12:00:00
TXN00002119,EMP0119,Finance,Analyst,2022-10-28,4641.47,8.0,323.15,4964.61,MGR017,2022-10-28 14:00:00
TXN00002120,EMP0120,HR,HR Coord,2022-10-28,4188.6,0.0,0.0,4188.6,MGR014,2022-10-28 09:00:00
TXN00002121,EMP0121,Marketing,Marketing Coord,2022-10-28,5185.24,3.2,144.06,5329.3,MGR019,2022-10-28 13:00:00
TXN00002122,EMP0122,Engineering,Senior Dev,2022-10-28,7953.97,0.0,0.0,7953.97,MGR013,2022-10-28 14:00:00
TXN00002123,EMP0123,Marketing,Marketing Coord,2022-10-28,3855.55,1.2,39.61,3895.16,MGR019,2022-10-28 15:00:00
TXN00002124,EMP0124,HR,HR Manager,2022-10-28,11224.71,0.0,0.0,11224.71,MGR014,2022-10-28 17:00:00
TXN00002125,EMP0125,HR,HR Manager,2022-10-28,12873.62,0.0,0.0,12873.62,MGR014,2022-10-28 11:00:00
TXN00002126,EMP0126,Engineering,Tech Lead,2022-10-28,8476.43,0.0,0.0,8476.43,MGR013,2022-10-28 11:00:00
TXN00002127,EMP0127,Engineering,Senior Dev,2022-10-28,7780.49,2.6,173.72,7954.21,MGR013,2022-10-28 12:00:00
TXN00002128,EMP0128,Engineering,Junior Dev,2022-10-28,4229.37,0.4,13.88,4243.25,MGR013,2022-10-28 09:00:00
TXN00002129,EMP0129,Sales,Sales Manager,2022-10-28,12272.22,0.0,0.0,12272.22,MGR009,2022-10-28 08:00:00
TXN00002130,EMP0130,HR,HR Coord,2022-10-28,4070.73,0.2,7.36,4078.08,MGR014,2022-10-28 09:00:00
TXN00002131,EMP0131,Marketing,Marketing Coord,2022-10-28,4717.41,4.0,164.44,4881.85,MGR019,2022-10-28 14:00:00
TXN00002132,EMP0132,Operations,Operations Lead,2022-10-28,8194.28,3.2,228.7,8422.98,MGR019,2022-10-28 14:00:00
TXN00002133,EMP0133,Finance,Finance Manager,2022-10-28,12169.82,0.0,0.0,12169.82,MGR017,2022-10-28 14:00:00
TXN00002134,EMP0134,Engineering,Engineering Manager,2022-10-28,11431.86,0.0,0.0,11431.86,MGR013,2022-10-28 16:00:00
TXN00002135,EMP0135,Engineering,Junior Dev,2022-10-28,4439.85,8.4,321.1,4760.95,MGR013,2022-10-28 15:00:00
TXN00002136,EMP0136,Sales,Sales Manager,2022-10-28,12130.79,0.0,0.0,12130.79,MGR009,2022-10-28 08:00:00
TXN00002137,EMP0137,Operations,Operations Lead,2022-10-28,11085.71,0.0,0.0,11085.71,MGR019,2022-10-28 08:00:00
TXN00002138,EMP0138,Operations,Operations Lead,2022-10-28,9145.04,10.5,830.35,9975.38,MGR019,2022-10-28 10:00:00
TXN00002139,EMP0139,Engineering,Junior Dev,2022-10-28,5400.48,1.3,59.86,5460.34,MGR013,2022-10-28 09:00:00
TXN00002140,EMP0140,Operations,Operations Analyst,2022-10-28,5845.28,0.2,8.23,5853.51,MGR019,2022-10-28 15:00:00
TXN00002141,EMP0141,Engineering,Tech Lead,2022-10-28,9965.7,0.0,0.0,9965.7,MGR013,2022-10-28 14:00:00
TXN00002142,EMP0142,HR,HR Coord,2022-10-28,3825.33,1.8,60.81,3886.15,MGR014,2022-10-28 13:00:00
TXN00002143,EMP0143,Sales,Sales Rep,2022-10-28,4482.67,2.9,110.77,4593.45,MGR009,2022-10-28 17:00:00
TXN00002144,EMP0144,Marketing,Marketing Coord,2022-10-28,4099.11,2.6,91.72,4190.83,MGR019,2022-10-28 09:00:00
TXN00002145,EMP0145,Sales,Senior Sales,2022-10-28,6775.07,5.2,305.12,7080.2,MGR009,2022-10-28 16:00:00
TXN00002146,EMP0146,Engineering,Tech Lead,2022-10-28,7593.55,0.0,0.0,7593.55,MGR013,2022-10-28 08:00:00
TXN00002147,EMP0147,Finance,Senior Analyst,2022-10-28,7749.31,0.0,0.0,7749.31,MGR017,2022-10-28 11:00:00
TXN00002148,EMP0148,Sales,Senior Sales,2022-10-28,6368.3,1.3,71.43,6439.73,MGR009,2022-10-28 11:00:00
TXN00002149,EMP0149,Engineering,Senior Dev,2022-10-28,7545.98,4.9,320.98,7866.95,MGR013,2022-10-28 17:00:00
TXN00002150,EMP0150,Finance,Senior Analyst,2022-10-28,7169.19,0.7,43.65,7212.84,MGR017,2022-10-28 15:00:00
TXN00002151,EMP0151,Sales,Sales Rep,2022-10-28,3988.07,1.9,65.09,4053.16,MGR009,2022-10-28 12:00:00
TXN00002152,EMP0152,Engineering,Engineering Manager,2022-10-28,10752.42,0.0,0.0,10752.42,MGR013,2022-10-28 08:00:00
TXN00002153,EMP0153,Sales,Regional Director,2022-10-28,15937.52,1.4,198.46,16135.98,MGR009,2022-10-28 09:00:00
TXN00002154,EMP0154,Marketing,Marketing Coord,2022-10-28,4071.82,0.0,0.0,4071.82,MGR019,2022-10-28 12:00:00
TXN00002155,EMP0155,Engineering,Senior Dev,2022-10-28,7631.91,0.0,0.0,7631.91,MGR013,2022-10-28 16:00:00
TXN00002156,EMP0156,Marketing,Marketing Specialist,2022-10-28,5341.01,1.8,85.22,5426.22,MGR019,2022-10-28 17:00:00
TXN00002157,EMP0157,Marketing,Marketing Specialist,2022-10-28,5319.42,8.1,372.38,5691.8,MGR019,2022-10-28 08:00:00
TXN00002158,EMP0158,HR,HR Specialist,2022-10-28,6403.6,8.1,451.25,6854.84,MGR014,2022-10-28 10:00:00
TXN00002159,EMP0159,HR,HR Specialist,2022-10-28,5325.04,2.3,104.84,5429.88,MGR014,2022-10-28 13:00:00
TXN00002160,EMP0160,Engineering,Tech Lead,2022-10-28,8027.45,0.0,0.0,8027.45,MGR013,2022-10-28 08:00:00
TXN00002161,EMP0161,HR,HR Specialist,2022-10-28,5912.38,1.9,99.08,6011.46,MGR014,2022-10-28 11:00:00
TXN00002162,EMP0162,Engineering,Engineering Manager,2022-10-28,10741.56,0.0,0.0,10741.56,MGR013,2022-10-28 17:00:00
TXN00002163,EMP0163,Operations,Operations Lead,2022-10-28,10681.51,10.6,983.25,11664.75,MGR019,2022-10-28 10:00:00
TXN00002164,EMP0164,HR,HR Manager,2022-10-28,10759.08,0.0,0.0,10759.08,MGR014,2022-10-28 14:00:00
TXN00002165,EMP0165,Finance,Senior Analyst,2022-10-28,6822.06,1.6,95.77,6917.83,MGR017,2022-10-28 09:00:00
TXN00002166,EMP0166,Engineering,Engineering Manager,2022-10-28,10329.97,0.0,0.0,10329.97,MGR013,2022-10-28 12:00:00
TXN00002167,EMP0167,HR,HR Manager,2022-10-28,8443.36,0.0,0.0,8443.36,MGR014,2022-10-28 10:00:00
TXN00002168,EMP0168,Operations,Operations Manager,2022-10-28,8507.85,0.0,0.0,8507.85,MGR019,2022-10-28 17:00:00
TXN00002169,EMP0169,Sales,Sales Manager,2022-10-28,12001.08,0.0,0.0,12001.08,MGR009,2022-10-28 11:00:00
TXN00002170,EMP0170,Engineering,Tech Lead,2022-10-28,8739.09,0.0,0.0,8739.09,MGR013,2022-10-28 17:00:00
TXN00002171,EMP0171,Marketing,Marketing Manager,2022-10-28,10355.85,0.0,0.0,10355.85,MGR019,2022-10-28 14:00:00
TXN00002172,EMP0172,Operations,Operations Lead,2022-10-28,8203.79,0.0,0.0,8203.79,MGR019,2022-10-28 16:00:00
TXN00002173,EMP0173,Marketing,Marketing Manager,2022-10-28,10216.3,0.0,0.0,10216.3,MGR019,2022-10-28 13:00:00
TXN00002174,EMP0174,Marketing,Marketing Specialist,2022-10-28,5657.52,0.3,16.44,5673.95,MGR019,2022-10-28 14:00:00
TXN00002175,EMP0175,Marketing,Marketing Manager,2022-10-28,10147.26,0.0,0.0,10147.26,MGR019,2022-10-28 10:00:00
TXN00002176,EMP0176,Sales,Regional Director,2022-10-28,14435.8,3.2,402.29,14838.09,MGR009,2022-10-28 09:00:00
TXN00002177,EMP0177,Finance,Senior Analyst,2022-10-28,7282.5,1.5,95.09,7377.6,MGR017,2022-10-28 16:00:00
TXN00002178,EMP0178,HR,HR Specialist,2022-10-28,4991.01,0.5,22.1,5013.11,MGR014,2022-10-28 13:00:00
TXN00002179,EMP0179,HR,HR Coord,2022-10-28,3544.49,0.0,0.0,3544.49,MGR014,2022-10-28 08:00:00
TXN00002180,EMP0180,Marketing,Marketing Coord,2022-10-28,4740.4,1.6,66.87,4807.26,MGR019,2022-10-28 09:00:00
TXN00002181,EMP0181,HR,HR Manager,2022-10-28,10222.67,0.0,0.0,10222.67,MGR014,2022-10-28 14:00:00
TXN00002182,EMP0182,Marketing,Marketing Specialist,2022-10-28,5600.16,0.8,38.26,5638.42,MGR019,2022-10-28 11:00:00
TXN00002183,EMP0183,Finance,Senior Analyst,2022-10-28,8022.91,3.9,273.87,8296.78,MGR017,2022-10-28 09:00:00
TXN00002184,EMP0184,Finance,Senior Analyst,2022-10-28,8944.23,0.0,0.0,8944.23,MGR017,2022-10-28 13:00:00
TXN00002185,EMP0185,Engineering,Tech Lead,2022-10-28,8023.94,0.0,0.0,8023.94,MGR013,2022-10-28 17:00:00
TXN00002186,EMP0186,Operations,Operations Manager,2022-10-28,8678.83,0.0,0.0,8678.83,MGR019,2022-10-28 17:00:00
TXN00002187,EMP0187,Marketing,Marketing Coord,2022-10-28,3689.3,0.0,0.0,3689.3,MGR019,2022-10-28 17:00:00
TXN00002188,EMP0188,Operations,Operations Lead,2022-10-28,7854.94,0.0,0.0,7854.94,MGR019,2022-10-28 14:00:00
TXN00002189,EMP0189,Sales,Senior Sales,2022-10-28,7604.22,3.0,196.19,7800.41,MGR009,2022-10-28 13:00:00
TXN00002190,EMP0190,Engineering,Senior Dev,2022-10-28,7679.73,4.2,278.32,7958.05,MGR013,2022-10-28 08:00:00
TXN00002191,EMP0191,HR,HR Coord,2022-10-28,3730.25,3.4,109.57,3839.82,MGR014,2022-10-28 12:00:00
TXN00002192,EMP0192,Finance,Senior Analyst,2022-10-28,8043.48,3.9,274.58,8318.06,MGR017,2022-10-28 15:00:00
TXN00002193,EMP0193,Operations,Operations Lead,2022-10-28,10249.22,0.0,0.0,10249.22,MGR019,2022-10-28 15:00:00
TXN00002194,EMP0194,Finance,Senior Analyst,2022-10-28,6496.16,5.4,301.77,6797.93,MGR017,2022-10-28 11:00:00
TXN00002195,EMP0195,Operations,Operations Manager,2022-10-28,11904.32,0.0,0.0,11904.32,MGR019,2022-10-28 13:00:00
TXN00002196,EMP0196,Engineering,Engineering Manager,2022-10-28,12006.46,0.0,0.0,12006.46,MGR013,2022-10-28 16:00:00
TXN00002197,EMP0197,Sales,Regional Director,2022-10-28,13496.4,0.0,0.0,13496.4,MGR009,2022-10-28 14:00:00
TXN00002198,EMP0198,HR,HR Coord,2022-10-28,4323.24,5.6,208.68,4531.92,MGR014,2022-10-28 14:00:00
TXN00002199,EMP0199,Finance,Senior Analyst,2022-10-28,7877.94,2.2,147.61,8025.56,MGR017,2022-10-28 10:00:00
TXN00002200,EMP0200,Operations,Operations Manager,2022-10-28,11749.49,0.0,0.0,11749.49,MGR019,2022-10-28 17:00:00
TXN00002201,EMP0001,Operations,Operations Analyst,2022-11-27,5509.53,0.1,5.73,5515.27,MGR019,2022-11-27 14:00:00
TXN00002202,EMP0002,Operations,Operations Lead,2022-11-27,9841.05,0.0,1.63,9842.68,MGR019,2022-11-27 09:00:00
TXN00002203,EMP0003,Sales,Senior Sales,2022-11-27,6221.04,0.0,0.0,6221.04,MGR009,2022-11-27 17:00:00
TXN00002204,EMP0004,Operations,Operations Manager,2022-11-27,9555.93,0.0,0.0,9555.93,MGR019,2022-11-27 12:00:00
TXN00002205,EMP0005,Engineering,Engineering Manager,2022-11-27,11100.7,0.0,0.0,11100.7,MGR013,2022-11-27 11:00:00
TXN00002206,EMP0006,Engineering,Junior Dev,2022-11-27,4351.95,3.3,125.64,4477.59,MGR013,2022-11-27 09:00:00
TXN00002207,EMP0007,Sales,Sales Rep,2022-11-27,4859.16,0.0,0.0,4859.16,MGR009,2022-11-27 09:00:00
TXN00002208,EMP0008,Sales,Regional Director,2022-11-27,11731.85,0.0,0.0,11731.85,MGR009,2022-11-27 12:00:00
TXN00002209,EMP0009,Finance,Finance Manager,2022-11-27,9764.7,0.0,0.0,9764.7,MGR017,2022-11-27 10:00:00
TXN00002210,EMP0010,Sales,Regional Director,2022-11-27,12894.02,13.9,1552.89,14446.91,MGR009,2022-11-27 14:00:00
TXN00002211,EMP0011,Marketing,Marketing Coord,2022-11-27,4135.09,2.8,99.32,4234.41,MGR019,2022-11-27 10:00:00
TXN00002212,EMP0012,Marketing,Marketing Coord,2022-11-27,3799.77,3.5,114.91,3914.68,MGR019,2022-11-27 14:00:00
TXN00002213,EMP0013,Finance,Analyst,2022-11-27,5381.41,8.4,389.68,5771.09,MGR017,2022-11-27 13:00:00
TXN00002214,EMP0014,Marketing,Marketing Manager,2022-11-27,9388.76,0.0,0.0,9388.76,MGR019,2022-11-27 13:00:00
TXN00002215,EMP0015,Engineering,Engineering Manager,2022-11-27,10337.47,0.0,0.0,10337.47,MGR013,2022-11-27 09:00:00
TXN00002216,EMP0016,Engineering,Engineering Manager,2022-11-27,10474.68,0.0,0.0,10474.68,MGR013,2022-11-27 09:00:00
TXN00002217,EMP0017,HR,HR Specialist,2022-11-27,5395.52,0.6,26.26,5421.77,MGR014,2022-11-27 08:00:00
TXN00002218,EMP0018,HR,HR Specialist,2022-11-27,6806.67,4.2,250.2,7056.86,MGR014,2022-11-27 12:00:00
TXN00002219,EMP0019,Sales,Sales Rep,2022-11-27,4156.24,0.0,0.0,4156.24,MGR009,2022-11-27 15:00:00
TXN00002220,EMP0020,Operations,Operations Analyst,2022-11-27,5491.77,1.5,71.2,5562.97,MGR019,2022-11-27 13:00:00
TXN00002221,EMP0021,Engineering,Senior Dev,2022-11-27,6337.25,0.1,2.75,6340.0,MGR013,2022-11-27 12:00:00
TXN00002222,EMP0022,Finance,Finance Manager,2022-11-27,9664.68,0.0,0.0,9664.68,MGR017,2022-11-27 09:00:00
TXN00002223,EMP0023,Operations,Operations Lead,2022-11-27,8677.93,0.8,60.0,8737.93,MGR019,2022-11-27 10:00:00
TXN00002224,EMP0024,Marketing,Marketing Specialist,2022-11-27,5327.61,5.4,249.17,5576.78,MGR019,2022-11-27 09:00:00
TXN00002225,EMP0025,Operations,Operations Lead,2022-11-27,8975.51,0.0,0.0,8975.51,MGR019,2022-11-27 10:00:00
TXN00002226,EMP0026,Operations,Operations Manager,2022-11-27,12600.78,0.0,0.0,12600.78,MGR019,2022-11-27 14:00:00
TXN00002227,EMP0027,HR,HR Manager,2022-11-27,13014.25,0.0,0.0,13014.25,MGR014,2022-11-27 15:00:00
TXN00002228,EMP0028,HR,HR Manager,2022-11-27,11875.28,0.0,0.0,11875.28,MGR014,2022-11-27 16:00:00
TXN00002229,EMP0029,Sales,Regional Director,2022-11-27,11348.67,0.2,15.31,11363.97,MGR009,2022-11-27 16:00:00
TXN00002230,EMP0030,Marketing,Marketing Manager,2022-11-27,8684.42,0.0,0.0,8684.42,MGR019,2022-11-27 16:00:00
TXN00002231,EMP0031,HR,HR Coord,2022-11-27,3891.72,0.1,2.94,3894.66,MGR014,2022-11-27 14:00:00
TXN00002232,EMP0032,Marketing,Marketing Coord,2022-11-27,4484.93,0.0,1.32,4486.25,MGR019,2022-11-27 09:00:00
TXN00002233,EMP0033,Engineering,Tech Lead,2022-11-27,8587.39,0.0,0.0,8587.39,MGR013,2022-11-27 08:00:00
TXN00002234,EMP0034,Marketing,Marketing Coord,2022-11-27,3850.71,0.0,0.0,3850.71,MGR019,2022-11-27 09:00:00
TXN00002235,EMP0035,HR,HR Manager,2022-11-27,9869.11,0.0,0.0,9869.11,MGR014,2022-11-27 13:00:00
TXN00002236,EMP0036,Sales,Regional Director,2022-11-27,14237.79,1.5,187.4,14425.19,MGR009,2022-11-27 16:00:00
TXN00002237,EMP0037,Operations,Operations Lead,2022-11-27,8275.66,0.0,0.0,8275.66,MGR019,2022-11-27 09:00:00
TXN00002238,EMP0038,Marketing,Marketing Coord,2022-11-27,4547.26,1.0,38.0,4585.26,MGR019,2022-11-27 17:00:00
TXN00002239,EMP0039,Operations,Operations Manager,2022-11-27,10954.57,0.0,0.0,10954.57,MGR019,2022-11-27 17:00:00
TXN00002240,EMP0040,Marketing,Marketing Manager,2022-11-27,9598.62,0.0,0.0,9598.62,MGR019,2022-11-27 13:00:00
TXN00002241,EMP0041,Finance,Controller,2022-11-27,13631.32,0.0,0.0,13631.32,MGR017,2022-11-27 14:00:00
TXN00002242,EMP0042,Sales,Senior Sales,2022-11-27,6548.4,2.4,135.7,6684.11,MGR009,2022-11-27 08:00:00
TXN00002243,EMP0043,Finance,Analyst,2022-11-27,4795.53,1.7,69.14,4864.67,MGR017,2022-11-27 12:00:00
TXN00002244,EMP0044,Engineering,Senior Dev,2022-11-27,7801.12,0.0,0.0,7801.12,MGR013,2022-11-27 14:00:00
TXN00002245,EMP0045,Sales,Regional Director,2022-11-27,15087.19,0.0,0.0,15087.19,MGR009,2022-11-27 14:00:00
TXN00002246,EMP0046,Engineering,Engineering Manager,2022-11-27,9386.42,0.0,0.0,9386.42,MGR013,2022-11-27 09:00:00
TXN00002247,EMP0047,HR,HR Specialist,2022-11-27,6140.56,0.0,0.0,6140.56,MGR014,2022-11-27 16:00:00
TXN00002248,EMP0048,Marketing,Marketing Manager,2022-11-27,11348.61,0.0,0.0,11348.61,MGR019,2022-11-27 11:00:00
TXN00002249,EMP0049,Operations,Operations Manager,2022-11-27,10413.0,0.0,0.0,10413.0,MGR019,2022-11-27 17:00:00
TXN00002250,EMP0050,Operations,Operations Manager,2022-11-27,8475.73,0.0,0.0,8475.73,MGR019,2022-11-27 16:00:00
TXN00002251,EMP0051,Operations,Operations Lead,2022-11-27,8038.62,0.7,49.49,8088.11,MGR019,2022-11-27 10:00:00
TXN00002252,EMP0052,Marketing,Marketing Specialist,2022-11-27,5324.96,0.0,0.0,5324.96,MGR019,2022-11-27 14:00:00
TXN00002253,EMP0053,Finance,Analyst,2022-11-27,5776.99,2.0,101.74,5878.72,MGR017,2022-11-27 10:00:00
TXN00002254,EMP0054,Operations,Operations Lead,2022-11-27,9246.61,1.2,97.72,9344.33,MGR019,2022-11-27 10:00:00
TXN00002255,EMP0055,Sales,Sales Rep,2022-11-27,4055.4,2.3,79.48,4134.87,MGR009,2022-11-27 12:00:00
TXN00002256,EMP0056,Marketing,Marketing Manager,2022-11-27,9397.26,0.0,0.0,9397.26,MGR019,2022-11-27 12:00:00
TXN00002257,EMP0057,HR,HR Coord,2022-11-27,4940.74,0.0,0.0,4940.74,MGR014,2022-11-27 12:00:00
TXN00002258,EMP0058,Marketing,Marketing Coord,2022-11-27,4632.85,0.0,0.0,4632.85,MGR019,2022-11-27 15:00:00
TXN00002259,EMP0059,HR,HR Coord,2022-11-27,4391.67,0.5,18.43,4410.1,MGR014,2022-11-27 10:00:00
TXN00002260,EMP0060,Marketing,Marketing Specialist,2022-11-27,6353.27,1.3,73.89,6427.15,MGR019,2022-11-27 09:00:00
TXN00002261,EMP0061,Engineering,Tech Lead,2022-11-27,10811.75,0.0,0.0,10811.75,MGR013,2022-11-27 10:00:00
TXN00002262,EMP0062,Sales,Sales Rep,2022-11-27,4176.52,3.4,123.44,4299.96,MGR009,2022-11-27 14:00:00
TXN00002263,EMP0063,HR,HR Coord,2022-11-27,3739.19,0.1,3.43,3742.61,MGR014,2022-11-27 12:00:00
TXN00002264,EMP0064,Operations,Operations Lead,2022-11-27,10674.03,95.46937567783618,8818.641173652351,19492.67117365235,MGR019,2022-11-27 14:00:00
TXN00002265,EMP0065,HR,HR Coord,2022-11-27,3485.37,3.1,92.82,3578.2,MGR014,2022-11-27 12:00:00
TXN00002266,EMP0066,Operations,Operations Lead,2022-11-27,8672.28,6.5,489.09,9161.37,MGR019,2022-11-27 15:00:00
TXN00002267,EMP0067,Sales,Sales Manager,2022-11-27,8948.71,0.0,0.0,8948.71,MGR009,2022-11-27 09:00:00
TXN00002268,EMP0068,HR,HR Specialist,2022-11-27,6299.01,0.8,42.74,6341.76,MGR014,2022-11-27 13:00:00
TXN00002269,EMP0069,HR,HR Manager,2022-11-27,10795.65,0.0,0.0,10795.65,MGR014,2022-11-27 12:00:00
TXN00002270,EMP0070,Sales,Sales Manager,2022-11-27,10977.25,0.0,0.0,10977.25,MGR009,2022-11-27 11:00:00
TXN00002271,EMP0071,Operations,Operations Manager,2022-11-27,11742.36,0.0,0.0,11742.36,MGR019,2022-11-27 15:00:00
TXN00002272,EMP0072,Finance,Controller,2022-11-27,11907.85,0.0,0.0,11907.85,MGR017,2022-11-27 17:00:00
TXN00002273,EMP0073,Sales,Senior Sales,2022-11-27,6441.24,0.5,28.42,6469.67,MGR009,2022-11-27 17:00:00
TXN00002274,EMP0074,Marketing,Marketing Coord,2022-11-27,4266.93,0.0,0.0,4266.93,MGR019,2022-11-27 11:00:00
TXN00002275,EMP0075,HR,HR Coord,2022-11-27,3464.27,3.3,100.06,3564.33,MGR014,2022-11-27 15:00:00
TXN00002276,EMP0076,Sales,Sales Rep,2022-11-27,4965.61,0.3,10.92,4976.53,MGR009,2022-11-27 09:00:00
TXN00002277,EMP0077,Operations,Operations Manager,2022-11-27,9171.93,0.0,0.0,9171.93,MGR019,2022-11-27 10:00:00
TXN00002278,EMP0078,Sales,Sales Rep,2022-11-27,5064.91,13.4,586.27,5651.18,MGR009,2022-11-27 12:00:00
TXN00002279,EMP0079,Marketing,Marketing Coord,2022-11-27,4532.56,0.0,0.0,4532.56,MGR019,2022-11-27 08:00:00
TXN00002280,EMP0080,Sales,Sales Manager,2022-11-27,9838.75,0.0,0.0,9838.75,MGR009,2022-11-27 14:00:00
TXN00002281,EMP0081,Finance,Senior Analyst,2022-11-27,6995.72,2.6,156.61,7152.33,MGR017,2022-11-27 13:00:00
TXN00002282,EMP0082,Sales,Regional Director,2022-11-27,14093.38,0.0,0.0,14093.38,MGR009,2022-11-27 17:00:00
TXN00002283,EMP0083,Finance,Controller,2022-11-27,11415.72,0.0,0.0,11415.72,MGR017,2022-11-27 14:00:00
TXN00002284,EMP0084,Engineering,Junior Dev,2022-11-27,4337.7,1.9,71.0,4408.71,MGR013,2022-11-27 13:00:00
TXN00002285,EMP0085,Finance,Finance Manager,2022-11-27,8923.43,0.0,0.0,8923.43,MGR017,2022-11-27 15:00:00
TXN00002286,EMP0086,Finance,Controller,2022-11-27,12270.85,0.0,0.0,12270.85,MGR017,2022-11-27 13:00:00
TXN00002287,EMP0087,Engineering,Junior Dev,2022-11-27,4674.43,1.2,48.65,4723.08,MGR013,2022-11-27 14:00:00
TXN00002288,EMP0088,Finance,Finance Manager,2022-11-27,10604.43,0.0,0.0,10604.43,MGR017,2022-11-27 17:00:00
TXN00002289,EMP0089,Sales,Senior Sales,2022-11-27,7486.15,8.2,529.55,8015.7,MGR009,2022-11-27 10:00:00
TXN00002290,EMP0090,HR,HR Specialist,2022-11-27,6199.09,5.2,278.93,6478.02,MGR014,2022-11-27 12:00:00
TXN00002291,EMP0091,Finance,Senior Analyst,2022-11-27,6591.18,4.5,258.72,6849.9,MGR017,2022-11-27 13:00:00
TXN00002292,EMP0092,Finance,Senior Analyst,2022-11-27,8736.74,5.1,386.92,9123.65,MGR017,2022-11-27 17:00:00
TXN00002293,EMP0093,Finance,Analyst,2022-11-27,4894.09,6.6,280.35,5174.44,MGR017,2022-11-27 11:00:00
TXN00002294,EMP0094,Operations,Operations Manager,2022-11-27,11594.89,0.0,0.0,11594.89,MGR019,2022-11-27 15:00:00
TXN00002295,EMP0095,Engineering,Senior Dev,2022-11-27,7052.01,0.7,43.23,7095.24,MGR013,2022-11-27 13:00:00
TXN00002296,EMP0096,Finance,Controller,2022-11-27,11717.78,0.0,0.0,11717.78,MGR017,2022-11-27 10:00:00
TXN00002297,EMP0097,Sales,Regional Director,2022-11-27,15462.52,0.0,0.0,15462.52,MGR009,2022-11-27 14:00:00
TXN00002298,EMP0098,Sales,Regional Director,2022-11-27,12561.59,6.0,654.41,13215.99,MGR009,2022-11-27 13:00:00
TXN00002299,EMP0099,Finance,Finance Manager,2022-11-27,12220.41,0.0,0.0,12220.41,MGR017,2022-11-27 12:00:00
TXN00002300,EMP0100,Marketing,Marketing Specialist,2022-11-27,6612.31,0.0,0.0,6612.31,MGR019,2022-11-27 15:00:00
TXN00002301,EMP0101,Operations,Operations Manager,2022-11-27,10528.67,0.0,0.0,10528.67,MGR019,2022-11-27 17:00:00
TXN00002302,EMP0102,Operations,Operations Lead,2022-11-27,8989.25,3.4,263.36,9252.62,MGR019,2022-11-27 11:00:00
TXN00002303,EMP0103,Sales,Sales Manager,2022-11-27,10360.5,0.0,0.0,10360.5,MGR009,2022-11-27 13:00:00
TXN00002304,EMP0104,Engineering,Junior Dev,2022-11-27,4175.23,2.6,92.84,4268.07,MGR013,2022-11-27 14:00:00
TXN00002305,EMP0105,Engineering,Junior Dev,2022-11-27,3797.97,1.0,31.83,3829.8,MGR013,2022-11-27 12:00:00
TXN00002306,EMP0106,Finance,Senior Analyst,2022-11-27,7469.34,0.0,0.0,7469.34,MGR017,2022-11-27 14:00:00
TXN00002307,EMP0107,HR,HR Coord,2022-11-27,4211.49,3.5,128.89,4340.38,MGR014,2022-11-27 13:00:00
TXN00002308,EMP0108,Engineering,Junior Dev,2022-11-27,5017.19,2.9,127.87,5145.06,MGR013,2022-11-27 09:00:00
TXN00002309,EMP0109,Sales,Regional Director,2022-11-27,13192.84,0.0,0.0,13192.84,MGR009,2022-11-27 17:00:00
TXN00002310,EMP0110,HR,HR Coord,2022-11-27,4615.95,0.2,7.41,4623.35,MGR014,2022-11-27 11:00:00
TXN00002311,EMP0111,HR,HR Coord,2022-11-27,4364.79,2.8,105.54,4470.33,MGR014,2022-11-27 17:00:00
TXN00002312,EMP0112,Engineering,Engineering Manager,2022-11-27,8883.38,0.0,0.0,8883.38,MGR013,2022-11-27 16:00:00
TXN00002313,EMP0113,HR,HR Manager,2022-11-27,9372.03,0.0,0.0,9372.03,MGR014,2022-11-27 10:00:00
TXN00002314,EMP0114,Marketing,Marketing Specialist,2022-11-27,6390.94,2.0,108.03,6498.97,MGR019,2022-11-27 16:00:00
TXN00002315,EMP0115,Operations,Operations Manager,2022-11-27,11983.42,0.0,0.0,11983.42,MGR019,2022-11-27 08:00:00
TXN00002316,EMP0116,Sales,Sales Manager,2022-11-27,11442.95,0.0,0.0,11442.95,MGR009,2022-11-27 15:00:00
TXN00002317,EMP0117,Sales,Sales Manager,2022-11-27,10673.75,0.0,0.0,10673.75,MGR009,2022-11-27 11:00:00
TXN00002318,EMP0118,Marketing,Marketing Coord,2022-11-27,3852.51,0.1,2.83,3855.33,MGR019,2022-11-27 15:00:00
TXN00002319,EMP0119,Finance,Analyst,2022-11-27,4641.47,1.7,66.98,4708.44,MGR017,2022-11-27 12:00:00
TXN00002320,EMP0120,HR,HR Coord,2022-11-27,4188.6,0.6,20.87,4209.47,MGR014,2022-11-27 09:00:00
TXN00002321,EMP0121,Marketing,Marketing Coord,2022-11-27,5185.24,3.3,146.75,5331.99,MGR019,2022-11-27 14:00:00
TXN00002322,EMP0122,Engineering,Senior Dev,2022-11-27,7953.97,0.0,0.0,7953.97,MGR013,2022-11-27 15:00:00
TXN00002323,EMP0123,Marketing,Marketing Coord,2022-11-27,3855.55,6.6,221.29,4076.84,MGR019,2022-11-27 10:00:00
TXN00002324,EMP0124,HR,HR Manager,2022-11-27,11224.71,0.0,0.0,11224.71,MGR014,2022-11-27 12:00:00
TXN00002325,EMP0125,HR,HR Manager,2022-11-27,12873.62,0.0,0.0,12873.62,MGR014,2022-11-27 11:00:00
TXN00002326,EMP0126,Engineering,Tech Lead,2022-11-27,8476.43,0.0,0.0,8476.43,MGR013,2022-11-27 12:00:00
TXN00002327,EMP0127,Engineering,Senior Dev,2022-11-27,7780.49,2.8,185.55,7966.03,MGR013,2022-11-27 10:00:00
TXN00002328,EMP0128,Engineering,Junior Dev,2022-11-27,4229.37,7.5,273.64,4503.01,MGR013,2022-11-27 14:00:00
TXN00002329,EMP0129,Sales,Sales Manager,2022-11-27,12272.22,0.0,0.0,12272.22,MGR009,2022-11-27 14:00:00
TXN00002330,EMP0130,HR,HR Coord,2022-11-27,4070.73,0.0,0.0,4070.73,MGR014,2022-11-27 09:00:00
TXN00002331,EMP0131,Marketing,Marketing Coord,2022-11-27,4717.41,2.2,91.29,4808.7,MGR019,2022-11-27 15:00:00
TXN00002332,EMP0132,Operations,Operations Lead,2022-11-27,8194.28,6.9,490.41,8684.69,MGR019,2022-11-27 17:00:00
TXN00002333,EMP0133,Finance,Finance Manager,2022-11-27,12169.82,0.0,0.0,12169.82,MGR017,2022-11-27 15:00:00
TXN00002334,EMP0134,Engineering,Engineering Manager,2022-11-27,11431.86,0.0,0.0,11431.86,MGR013,2022-11-27 17:00:00
TXN00002335,EMP0135,Engineering,Junior Dev,2022-11-27,4439.85,0.0,0.0,4439.85,MGR013,2022-11-27 14:00:00
TXN00002336,EMP0136,Sales,Sales Manager,2022-11-27,12130.79,0.0,0.0,12130.79,MGR009,2022-11-27 16:00:00
TXN00002337,EMP0137,Operations,Operations Lead,2022-11-27,11085.71,0.7,70.73,11156.44,MGR019,2022-11-27 16:00:00
TXN00002338,EMP0138,Operations,Operations Lead,2022-11-27,9145.04,3.0,238.45,9383.49,MGR019,2022-11-27 14:00:00
TXN00002339,EMP0139,Engineering,Junior Dev,2022-11-27,5400.48,0.0,2.3,5402.77,MGR013,2022-11-27 16:00:00
TXN00002340,EMP0140,Operations,Operations Analyst,2022-11-27,5845.28,0.0,0.0,5845.28,MGR019,2022-11-27 08:00:00
TXN00002341,EMP0141,Engineering,Tech Lead,2022-11-27,9965.7,0.0,0.0,9965.7,MGR013,2022-11-27 13:00:00
TXN00002342,EMP0142,HR,HR Coord,2022-11-27,3825.33,3.3,108.63,3933.96,MGR014,2022-11-27 16:00:00
TXN00002343,EMP0143,Sales,Sales Rep,2022-11-27,4482.67,1.3,48.84,4531.51,MGR009,2022-11-27 17:00:00
TXN00002344,EMP0144,Marketing,Marketing Coord,2022-11-27,4099.11,0.3,10.55,4109.66,MGR019,2022-11-27 09:00:00
TXN00002345,EMP0145,Sales,Senior Sales,2022-11-27,6775.07,0.0,0.0,6775.07,MGR009,2022-11-27 09:00:00
TXN00002346,EMP0146,Engineering,Tech Lead,2022-11-27,7593.55,0.0,0.0,7593.55,MGR013,2022-11-27 11:00:00
TXN00002347,EMP0147,Finance,Senior Analyst,2022-11-27,7749.31,0.0,0.0,7749.31,MGR017,2022-11-27 13:00:00
TXN00002348,EMP0148,Sales,Senior Sales,2022-11-27,6368.3,0.3,18.05,6386.35,MGR009,2022-11-27 10:00:00
TXN00002349,EMP0149,Engineering,Senior Dev,2022-11-27,7545.98,3.9,255.74,7801.71,MGR013,2022-11-27 17:00:00
TXN00002350,EMP0150,Finance,Senior Analyst,2022-11-27,7169.19,0.0,0.0,7169.19,MGR017,2022-11-27 08:00:00
TXN00002351,EMP0151,Sales,Sales Rep,2022-11-27,3988.07,0.0,0.0,3988.07,MGR009,2022-11-27 17:00:00
TXN00002352,EMP0152,Engineering,Engineering Manager,2022-11-27,10752.42,0.0,0.0,10752.42,MGR013,2022-11-27 14:00:00
TXN00002353,EMP0153,Sales,Regional Director,2022-11-27,15937.52,0.9,121.51,16059.03,MGR009,2022-11-27 13:00:00
TXN00002354,EMP0154,Marketing,Marketing Coord,2022-11-27,4071.82,2.3,82.16,4153.97,MGR019,2022-11-27 14:00:00
TXN00002355,EMP0155,Engineering,Senior Dev,2022-11-27,7631.91,0.0,0.0,7631.91,MGR013,2022-11-27 09:00:00
TXN00002356,EMP0156,Marketing,Marketing Specialist,2022-11-27,5341.01,0.0,0.0,5341.01,MGR019,2022-11-27 08:00:00
TXN00002357,EMP0157,Marketing,Marketing Specialist,2022-11-27,5319.42,2.2,99.78,5419.2,MGR019,2022-11-27 09:00:00
TXN00002358,EMP0158,HR,HR Specialist,2022-11-27,6403.6,2.4,132.33,6535.93,MGR014,2022-11-27 12:00:00
TXN00002359,EMP0159,HR,HR Specialist,2022-11-27,5325.04,2.8,129.16,5454.2,MGR014,2022-11-27 11:00:00
TXN00002360,EMP0160,Engineering,Tech Lead,2022-11-27,8027.45,0.0,0.0,8027.45,MGR013,2022-11-27 16:00:00
TXN00002361,EMP0161,HR,HR Specialist,2022-11-27,5912.38,0.8,42.18,5954.57,MGR014,2022-11-27 16:00:00
TXN00002362,EMP0162,Engineering,Engineering Manager,2022-11-27,15696.030727905834,0.0,0.0,15696.030727905834,MGR013,2022-11-27 16:00:00
TXN00002363,EMP0163,Operations,Operations Lead,2022-11-27,10681.51,0.6,53.98,10735.49,MGR019,2022-11-27 17:00:00
TXN00002364,EMP0164,HR,HR Manager,2022-11-27,10759.08,0.0,0.0,10759.08,MGR014,2022-11-27 17:00:00
TXN00002365,EMP0165,Finance,Senior Analyst,2022-11-27,6822.06,2.3,134.43,6956.49,MGR017,2022-11-27 11:00:00
TXN00002366,EMP0166,Engineering,Engineering Manager,2022-11-27,10329.97,0.0,0.0,10329.97,MGR013,2022-11-27 15:00:00
TXN00002367,EMP0167,HR,HR Manager,2022-11-27,8443.36,0.0,0.0,8443.36,MGR014,2022-11-27 13:00:00
TXN00002368,EMP0168,Operations,Operations Manager,2022-11-27,8507.85,0.0,0.0,8507.85,MGR019,2022-11-27 14:00:00
TXN00002369,EMP0169,Sales,Sales Manager,2022-11-27,12001.08,0.0,0.0,12001.08,MGR009,2022-11-27 15:00:00
TXN00002370,EMP0170,Engineering,Tech Lead,2022-11-27,8739.09,0.0,0.0,8739.09,MGR013,2022-11-27 17:00:00
TXN00002371,EMP0171,Marketing,Marketing Manager,2022-11-27,10355.85,0.0,0.0,10355.85,MGR019,2022-11-27 16:00:00
TXN00002372,EMP0172,Operations,Operations Lead,2022-11-27,8203.79,1.1,80.65,8284.44,MGR019,2022-11-27 10:00:00
TXN00002373,EMP0173,Marketing,Marketing Manager,2022-11-27,10216.3,0.0,0.0,10216.3,MGR019,2022-11-27 13:00:00
TXN00002374,EMP0174,Marketing,Marketing Specialist,2022-11-27,5657.52,2.6,126.89,5784.41,MGR019,2022-11-27 08:00:00
TXN00002375,EMP0175,Marketing,Marketing Manager,2022-11-27,10147.26,0.0,0.0,10147.26,MGR019,2022-11-27 15:00:00
TXN00002376,EMP0176,Sales,Regional Director,2022-11-27,14435.8,0.0,0.0,14435.8,MGR009,2022-11-27 09:00:00
TXN00002377,EMP0177,Finance,Senior Analyst,2022-11-27,7282.5,0.0,0.0,7282.5,MGR017,2022-11-27 12:00:00
TXN00002378,EMP0178,HR,HR Specialist,2022-11-27,4991.01,3.9,169.78,5160.79,MGR014,2022-11-27 14:00:00
TXN00002379,EMP0179,HR,HR Coord,2022-11-27,3544.49,0.6,19.01,3563.5,MGR014,2022-11-27 09:00:00
TXN00002380,EMP0180,Marketing,Marketing Coord,2022-11-27,4740.4,1.0,41.21,4781.6,MGR019,2022-11-27 09:00:00
TXN00002381,EMP0181,HR,HR Manager,2022-11-27,10222.67,0.0,0.0,10222.67,MGR014,2022-11-27 10:00:00
TXN00002382,EMP0182,Marketing,Marketing Specialist,2022-11-27,5600.16,0.0,0.0,5600.16,MGR019,2022-11-27 13:00:00
TXN00002383,EMP0183,Finance,Senior Analyst,2022-11-27,8022.91,0.4,27.94,8050.86,MGR017,2022-11-27 12:00:00
TXN00002384,EMP0184,Finance,Senior Analyst,2022-11-27,8944.23,0.0,0.0,8944.23,MGR017,2022-11-27 13:00:00
TXN00002385,EMP0185,Engineering,Tech Lead,2022-11-27,8023.94,0.0,0.0,8023.94,MGR013,2022-11-27 15:00:00
TXN00002386,EMP0186,Operations,Operations Manager,2022-11-27,9694.82879068185,0.0,0.0,9694.82879068185,MGR019,2022-11-27 11:00:00
TXN00002387,EMP0187,Marketing,Marketing Coord,2022-11-27,3689.3,2.3,74.66,3763.96,MGR019,2022-11-27 16:00:00
TXN00002388,EMP0188,Operations,Operations Lead,2022-11-27,7854.94,0.2,11.97,7866.92,MGR019,2022-11-27 15:00:00
TXN00002389,EMP0189,Sales,Senior Sales,2022-11-27,7604.22,2.6,173.9,7778.12,MGR009,2022-11-27 13:00:00
TXN00002390,EMP0190,Engineering,Senior Dev,2022-11-27,7679.73,0.8,53.08,7732.81,MGR013,2022-11-27 15:00:00
TXN00002391,EMP0191,HR,HR Coord,2022-11-27,3730.25,5.1,166.1,3896.35,MGR014,2022-11-27 09:00:00
TXN00002392,EMP0192,Finance,Senior Analyst,2022-11-27,8043.48,2.1,143.96,8187.44,MGR017,2022-11-27 15:00:00
TXN00002393,EMP0193,Operations,Operations Lead,2022-11-27,10249.22,0.9,77.37,10326.59,MGR019,2022-11-27 15:00:00
TXN00002394,EMP0194,Finance,Senior Analyst,2022-11-27,6496.16,78.80995942639905,4430.441302160162,10926.601302160161,MGR017,2022-11-27 13:00:00
TXN00002395,EMP0195,Operations,Operations Manager,2022-11-27,11904.32,0.0,0.0,11904.32,MGR019,2022-11-27 09:00:00
TXN00002396,EMP0196,Engineering,Engineering Manager,2022-11-27,12006.46,0.0,0.0,12006.46,MGR013,2022-11-27 12:00:00
TXN00002397,EMP0197,Sales,Regional Director,2022-11-27,13496.4,3.9,459.06,13955.46,MGR009,2022-11-27 08:00:00
TXN00002398,EMP0198,HR,HR Coord,2022-11-27,4323.24,3.1,114.97,4438.21,MGR014,2022-11-27 09:00:00
TXN00002399,EMP0199,Finance,Senior Analyst,2022-11-27,7877.94,0.6,43.08,7921.03,MGR017,2022-11-27 08:00:00
TXN00002400,EMP0200,Operations,Operations Manager,2022-11-27,11749.49,0.0,0.0,11749.49,MGR019,2022-11-27 13:00:00
TXN00002401,EMP0001,Operations,Operations Analyst,2022-12-27,5711.7,7.3,359.28,6070.99,MGR019,2022-12-27 09:00:00
TXN00002402,EMP0002,Operations,Operations Lead,2022-12-27,10044.05,0.2,15.27,10059.32,MGR019,2022-12-27 10:00:00
TXN00002403,EMP0003,Sales,Senior Sales,2022-12-27,6488.52,0.0,0.0,6488.52,MGR009,2022-12-27 11:00:00
TXN00002404,EMP0004,Operations,Operations Manager,2022-12-27,9842.03,0.0,0.0,9842.03,MGR019,2022-12-27 16:00:00
TXN00002405,EMP0005,Engineering,Engineering Manager,2022-12-27,11574.56,0.0,0.0,11574.56,MGR013,2022-12-27 10:00:00
TXN00002406,EMP0006,Engineering,Junior Dev,2022-12-27,4561.03,0.4,15.2,4576.23,MGR013,2022-12-27 16:00:00
TXN00002407,EMP0007,Sales,Sales Rep,2022-12-27,5041.55,0.0,0.0,5041.55,MGR009,2022-12-27 10:00:00
TXN00002408,EMP0008,Sales,Regional Director,2022-12-27,12099.46,1.2,130.19,12229.66,MGR009,2022-12-27 13:00:00
TXN00002409,EMP0009,Finance,Finance Manager,2022-12-27,10108.21,0.0,0.0,10108.21,MGR017,2022-12-27 16:00:00
TXN00002410,EMP0010,Sales,Regional Director,2022-12-27,13537.85,1.3,153.97,13691.82,MGR009,2022-12-27 14:00:00
TXN00002411,EMP0011,Marketing,Marketing Coord,2022-12-27,4267.5,6.4,237.97,9010.94,MGR019,2022-12-27 15:00:00
TXN00002412,EMP0012,Marketing,Marketing Coord,2022-12-27,3923.05,3.2,109.78,4032.83,MGR019,2022-12-27 11:00:00
TXN00002413,EMP0013,Finance,Analyst,2022-12-27,5560.4,0.2,9.15,5569.55,MGR017,2022-12-27 14:00:00
TXN00002414,EMP0014,Marketing,Marketing Manager,2022-12-27,9805.73,0.0,0.0,9805.73,MGR019,2022-12-27 10:00:00
TXN00002415,EMP0015,Engineering,Engineering Manager,2022-12-27,10745.41,0.0,0.0,10745.41,MGR013,2022-12-27 10:00:00
TXN00002416,EMP0016,Engineering,Engineering Manager,2022-12-27,10731.76,0.0,0.0,10731.76,MGR013,2022-12-27 14:00:00
TXN00002417,EMP0017,HR,HR Specialist,2022-12-27,5597.59,1.2,59.96,5657.55,MGR014,2022-12-27 14:00:00
TXN00002418,EMP0018,HR,HR Specialist,2022-12-27,6968.7,0.5,32.12,7000.81,MGR014,2022-12-27 08:00:00
TXN00002419,EMP0019,Sales,Sales Rep,2022-12-27,4330.93,0.2,6.79,4337.72,MGR009,2022-12-27 17:00:00
TXN00002420,EMP0020,Operations,Operations Analyst,2022-12-27,5692.61,6.2,303.71,5996.32,MGR019,2022-12-27 11:00:00
TXN00002421,EMP0021,Engineering,Senior Dev,2022-12-27,6573.69,4.9,277.26,6850.95,MGR013,2022-12-27 15:00:00
TXN00002422,EMP0022,Finance,Finance Manager,2022-12-27,10014.62,0.0,0.0,10014.62,MGR017,2022-12-27 17:00:00
TXN00002423,EMP0023,Operations,Operations Lead,2022-12-27,9087.88,1.1,82.92,9170.8,MGR019,2022-12-27 14:00:00
TXN00002424,EMP0024,Marketing,Marketing Specialist,2022-12-27,5457.1,1.7,80.33,5537.43,MGR019,2022-12-27 14:00:00
TXN00002425,EMP0025,Operations,Operations Lead,2022-12-27,9315.42,8.4,678.67,9994.09,MGR019,2022-12-27 08:00:00
TXN00002426,EMP0026,Operations,Operations Manager,2022-12-27,13138.25,0.0,0.0,13138.25,MGR019,2022-12-27 11:00:00
TXN00002427,EMP0027,HR,HR Manager,2022-12-27,13305.84,0.0,0.0,13305.84,MGR014,2022-12-27 11:00:00
TXN00002428,EMP0028,HR,HR Manager,2022-12-27,12408.0,0.0,0.0,12408.0,MGR014,2022-12-27 12:00:00
TXN00002429,EMP0029,Sales,Regional Director,2022-12-27,11669.97,0.0,0.0,11669.97,MGR009,2022-12-27 09:00:00
TXN00002430,EMP0030,Marketing,Marketing Manager,2022-12-27,8890.5,0.0,0.0,8890.5,MGR019,2022-12-27 17:00:00
TXN00002431,EMP0031,HR,HR Coord,2022-12-27,4082.91,3.8,135.72,4218.63,MGR014,2022-12-27 09:00:00
TXN00002432,EMP0032,Marketing,Marketing Coord,2022-12-27,4580.04,2.2,86.36,4666.4,MGR019,2022-12-27 16:00:00
TXN00002433,EMP0033,Engineering,Tech Lead,2022-12-27,8908.72,0.0,0.0,8908.72,MGR013,2022-12-27 10:00:00
TXN00002434,EMP0034,Marketing,Marketing Coord,2022-12-27,4035.85,2.0,68.77,4104.62,MGR019,2022-12-27 13:00:00
TXN00002435,EMP0035,HR,HR Manager,2022-12-27,10306.22,0.0,0.0,10306.22,MGR014,2022-12-27 13:00:00
TXN00002436,EMP0036,Sales,Regional Director,2022-12-27,14531.97,0.0,0.0,14531.97,MGR009,2022-12-27 11:00:00
TXN00002437,EMP0037,Operations,Operations Lead,2022-12-27,8462.56,0.0,0.0,8462.56,MGR019,2022-12-27 15:00:00
TXN00002438,EMP0038,Marketing,Marketing Coord,2022-12-27,4676.44,1.7,70.36,4746.81,MGR019,2022-12-27 09:00:00
TXN00002439,EMP0039,Operations,Operations Manager,2022-12-27,11385.29,0.0,0.0,11385.29,MGR019,2022-12-27 12:00:00
TXN00002440,EMP0040,Marketing,Marketing Manager,2022-12-27,9963.22,0.0,0.0,9963.22,MGR019,2022-12-27 15:00:00
TXN00002441,EMP0041,Finance,Controller,2022-12-27,14060.66,0.0,0.0,14060.66,MGR017,2022-12-27 16:00:00
TXN00002442,EMP0042,Sales,Senior Sales,2022-12-27,6721.87,0.1,8.65,6730.52,MGR009,2022-12-27 13:00:00
TXN00002443,EMP0043,Finance,Analyst,2022-12-27,5009.48,0.0,0.0,5009.48,MGR017,2022-12-27 17:00:00
TXN00002444,EMP0044,Engineering,Senior Dev,2022-12-27,8094.75,4.8,338.0,8432.75,MGR013,2022-12-27 14:00:00
TXN00002445,EMP0045,Sales,Regional Director,2022-12-27,15640.0,0.0,0.0,15640.0,MGR009,2022-12-27 17:00:00
TXN00002446,EMP0046,Engineering,Engineering Manager,2022-12-27,9751.96,0.0,0.0,9751.96,MGR013,2022-12-27 14:00:00
TXN00002447,EMP0047,HR,HR Specialist,2022-12-27,6373.63,9.5,524.34,6897.97,MGR014,2022-12-27 17:00:00
TXN00002448,EMP0048,Marketing,Marketing Manager,2022-12-27,11759.81,0.0,0.0,11759.81,MGR019,2022-12-27 09:00:00
TXN00002449,EMP0049,Operations,Operations Manager,2022-12-27,10816.71,0.0,0.0,10816.71,MGR019,2022-12-27 13:00:00
TXN00002450,EMP0050,Operations,Operations Manager,2022-12-27,8660.39,0.0,0.0,8660.39,MGR019,2022-12-27 13:00:00
TXN00002451,EMP0051,Operations,Operations Lead,2022-12-27,8325.62,3.3,237.37,8562.98,MGR019,2022-12-27 15:00:00
TXN00002452,EMP0052,Marketing,Marketing Specialist,2022-12-27,5444.26,0.5,25.21,5469.47,MGR019,2022-12-27 17:00:00
TXN00002453,EMP0053,Finance,Analyst,2022-12-27,5924.49,1.5,75.2,5999.69,MGR017,2022-12-27 10:00:00
TXN00002454,EMP0054,Operations,Operations Lead,2022-12-27,9445.73,2.2,175.79,9621.52,MGR019,2022-12-27 12:00:00
TXN00002455,EMP0055,Sales,Sales Rep,2022-12-27,4195.3,5.5,199.02,4394.32,MGR009,2022-12-27 17:00:00
TXN00002456,EMP0056,Marketing,Marketing Manager,2022-12-27,9626.18,0.0,0.0,9626.18,MGR019,2022-12-27 17:00:00
TXN00002457,EMP0057,HR,HR Coord,2022-12-27,5050.11,2.5,109.44,5159.55,MGR014,2022-12-27 09:00:00
TXN00002458,EMP0058,Marketing,Marketing Coord,2022-12-27,4847.54,9.6,404.44,5251.98,MGR019,2022-12-27 10:00:00
TXN00002459,EMP0059,HR,HR Coord,2022-12-27,4485.92,0.1,5.25,4491.17,MGR014,2022-12-27 13:00:00
TXN00002460,EMP0060,Marketing,Marketing Specialist,2022-12-27,6515.65,3.1,175.46,6691.1,MGR019,2022-12-27 09:00:00
TXN00002461,EMP0061,Engineering,Tech Lead,2022-12-27,11042.77,0.0,0.0,11042.77,MGR013,2022-12-27 11:00:00
TXN00002462,EMP0062,Sales,Sales Rep,2022-12-27,4378.57,0.0,0.0,4378.57,MGR009,2022-12-27 12:00:00
TXN00002463,EMP0063,HR,HR Coord,2022-12-27,3847.24,0.6,18.6,3865.84,MGR014,2022-12-27 09:00:00
TXN00002464,EMP0064,Operations,Operations Lead,2022-12-27,10928.16,2.2,207.39,11135.55,MGR019,2022-12-27 10:00:00
TXN00002465,EMP0065,HR,HR Coord,2022-12-27,3580.79,13.7,423.62,4004.41,MGR014,2022-12-27 13:00:00
TXN00002466,EMP0066,Operations,Operations Lead,2022-12-27,9023.76,0.0,0.0,9023.76,MGR019,2022-12-27 10:00:00
TXN00002467,EMP0067,Sales,Sales Manager,2022-12-27,9165.96,0.0,0.0,9165.96,MGR009,2022-12-27 16:00:00
TXN00002468,EMP0068,HR,HR Specialist,2022-12-27,6439.5,3.3,185.57,6625.07,MGR014,2022-12-27 14:00:00
TXN00002469,EMP0069,HR,HR Manager,2022-12-27,11219.43,0.0,0.0,11219.43,MGR014,2022-12-27 14:00:00
TXN00002470,EMP0070,Sales,Sales Manager,2022-12-27,11333.6,0.0,0.0,11333.6,MGR009,2022-12-27 17:00:00
TXN00002471,EMP0071,Operations,Operations Manager,2022-12-27,12039.58,0.0,0.0,12039.58,MGR019,2022-12-27 10:00:00
TXN00002472,EMP0072,Finance,Controller,2022-12-27,12360.12,0.0,0.0,12360.12,MGR017,2022-12-27 17:00:00
TXN00002473,EMP0073,Sales,Senior Sales,2022-12-27,6710.87,1.5,87.02,6797.89,MGR009,2022-12-27 14:00:00
TXN00002474,EMP0074,Marketing,Marketing Coord,2022-12-27,4382.59,0.6,22.45,4405.04,MGR019,2022-12-27 14:00:00
TXN00002475,EMP0075,HR,HR Coord,2022-12-27,3616.44,2.4,74.33,3690.77,MGR014,2022-12-27 10:00:00
TXN00002476,EMP0076,Sales,Sales Rep,2022-12-27,5135.69,0.0,0.0,5135.69,MGR009,2022-12-27 15:00:00
TXN00002477,EMP0077,Operations,Operations Manager,2022-12-27,9375.39,0.0,0.0,9375.39,MGR019,2022-12-27 16:00:00
TXN00002478,EMP0078,Sales,Sales Rep,2022-12-27,5285.09,0.0,0.0,5285.09,MGR009,2022-12-27 10:00:00
TXN00002479,EMP0079,Marketing,Marketing Coord,2022-12-27,4655.94,0.0,0.0,4655.94,MGR019,2022-12-27 16:00:00
TXN00002480,EMP0080,Sales,Sales Manager,2022-12-27,10280.69,0.0,0.0,10280.69,MGR009,2022-12-27 10:00:00
TXN00002481,EMP0081,Finance,Senior Analyst,2022-12-27,7221.61,0.0,0.0,7221.61,MGR017,2022-12-27 15:00:00
TXN00002482,EMP0082,Sales,Regional Director,2022-12-27,14451.73,0.0,0.0,14451.73,MGR009,2022-12-27 12:00:00
TXN00002483,EMP0083,Finance,Controller,2022-12-27,11758.49,0.0,0.0,11758.49,MGR017,2022-12-27 10:00:00
TXN00002484,EMP0084,Engineering,Junior Dev,2022-12-27,4519.57,2.6,101.33,4620.9,MGR013,2022-12-27 10:00:00
TXN00002485,EMP0085,Finance,Finance Manager,2022-12-27,9324.79,0.0,0.0,9324.79,MGR017,2022-12-27 13:00:00
TXN00002486,EMP0086,Finance,Controller,2022-12-27,12835.22,0.0,0.0,12835.22,MGR017,2022-12-27 15:00:00
TXN00002487,EMP0087,Engineering,Junior Dev,2022-12-27,4776.27,0.5,18.7,4794.97,MGR013,2022-12-27 17:00:00
TXN00002488,EMP0088,Finance,Finance Manager,2022-12-27,10948.81,0.0,0.0,10948.81,MGR017,2022-12-27 08:00:00
TXN00002489,EMP0089,Sales,Senior Sales,2022-12-27,7752.57,0.0,0.0,7752.57,MGR009,2022-12-27 13:00:00
TXN00002490,EMP0090,HR,HR Specialist,2022-12-27,6348.22,1.5,83.09,6431.32,MGR014,2022-12-27 08:00:00
TXN00002491,EMP0091,Finance,Senior Analyst,2022-12-27,6749.3,8.9,522.39,7271.69,MGR017,2022-12-27 15:00:00
TXN00002492,EMP0092,Finance,Senior Analyst,2022-12-27,9142.02,0.0,0.0,9142.02,MGR017,2022-12-27 10:00:00
TXN00002493,EMP0093,Finance,Analyst,2022-12-27,5137.55,1.3,58.58,5196.13,MGR017,2022-12-27 11:00:00
TXN00002494,EMP0094,Operations,Operations Manager,2022-12-27,12059.57,0.0,0.0,12059.57,MGR019,2022-12-27 14:00:00
TXN00002495,EMP0095,Engineering,Senior Dev,2022-12-27,7268.75,2.6,161.73,7430.48,MGR013,2022-12-27 16:00:00
TXN00002496,EMP0096,Finance,Controller,2022-12-27,12008.89,0.0,0.0,12008.89,MGR017,2022-12-27 16:00:00
TXN00002497,EMP0097,Sales,Regional Director,2022-12-27,15990.59,2.5,350.64,16341.24,MGR009,2022-12-27 15:00:00
TXN00002498,EMP0098,Sales,Regional Director,2022-12-27,12892.0,0.0,0.0,12892.0,MGR009,2022-12-27 14:00:00
TXN00002499,EMP0099,Finance,Finance Manager,2022-12-27,12474.06,0.0,0.0,12474.06,MGR017,2022-12-27 15:00:00
TXN00002500,EMP0100,Marketing,Marketing Specialist,2022-12-27,6856.41,3.6,211.34,7067.75,MGR019,2022-12-27 14:00:00
TXN00002501,EMP0101,Operations,Operations Manager,2022-12-27,10918.46,0.0,0.0,10918.46,MGR019,2022-12-27 15:00:00
TXN00002502,EMP0102,Operations,Operations Lead,2022-12-27,9367.26,2.0,162.88,9530.14,MGR019,2022-12-27 15:00:00
TXN00002503,EMP0103,Sales,Sales Manager,2022-12-27,10609.11,0.0,0.0,10609.11,MGR009,2022-12-27 10:00:00
TXN00002504,EMP0104,Engineering,Junior Dev,2022-12-27,4333.8,1.0,38.25,4372.05,MGR013,2022-12-27 09:00:00
TXN00002505,EMP0105,Engineering,Junior Dev,2022-12-27,3874.67,1.0,33.83,3908.5,MGR013,2022-12-27 17:00:00
TXN00002506,EMP0106,Finance,Senior Analyst,2022-12-27,7783.34,2.6,177.63,7960.97,MGR017,2022-12-27 08:00:00
TXN00002507,EMP0107,HR,HR Coord,2022-12-27,4414.67,1.9,73.12,4487.79,MGR014,2022-12-27 11:00:00
TXN00002508,EMP0108,Engineering,Junior Dev,2022-12-27,5131.29,2.4,106.53,5237.82,MGR013,2022-12-27 12:00:00
TXN00002509,EMP0109,Sales,Regional Director,2022-12-27,13617.93,6.8,802.15,14420.08,MGR009,2022-12-27 08:00:00
TXN00002510,EMP0110,HR,HR Coord,2022-12-27,4735.45,5.9,243.18,4978.63,MGR014,2022-12-27 12:00:00
TXN00002511,EMP0111,HR,HR Coord,2022-12-27,4527.66,0.0,0.0,4527.66,MGR014,2022-12-27 11:00:00
TXN00002512,EMP0112,Engineering,Engineering Manager,2022-12-27,9220.13,0.0,0.0,9220.13,MGR013,2022-12-27 16:00:00
TXN00002513,EMP0113,HR,HR Manager,2022-12-27,9680.27,0.0,0.0,9680.27,MGR014,2022-12-27 12:00:00
TXN00002514,EMP0114,Marketing,Marketing Specialist,2022-12-27,6693.81,0.6,34.65,6728.47,MGR019,2022-12-27 10:00:00
TXN00002515,EMP0115,Operations,Operations Manager,2022-12-27,12319.72,0.0,0.0,12319.72,MGR019,2022-12-27 15:00:00
TXN00002516,EMP0116,Sales,Sales Manager,2022-12-27,11776.99,0.0,0.0,11776.99,MGR009,2022-12-27 17:00:00
TXN00002517,EMP0117,Sales,Sales Manager,2022-12-27,11023.8,0.0,0.0,11023.8,MGR009,2022-12-27 15:00:00
TXN00002518,EMP0118,Marketing,Marketing Coord,2022-12-27,3939.7,2.2,74.66,4014.37,MGR019,2022-12-27 16:00:00
TXN00002519,EMP0119,Finance,Analyst,2022-12-27,4764.09,1.5,63.25,4827.34,MGR017,2022-12-27 16:00:00
TXN00002520,EMP0120,HR,HR Coord,2022-12-27,4374.39,3.1,119.02,4493.41,MGR014,2022-12-27 09:00:00
TXN00002521,EMP0121,Marketing,Marketing Coord,2022-12-27,5393.0,0.0,0.0,5393.0,MGR019,2022-12-27 17:00:00
TXN00002522,EMP0122,Engineering,Senior Dev,2022-12-27,8335.62,0.5,36.14,8371.75,MGR013,2022-12-27 09:00:00
TXN00002523,EMP0123,Marketing,Marketing Coord,2022-12-27,4035.16,2.5,87.1,4122.27,MGR019,2022-12-27 12:00:00
TXN00002524,EMP0124,HR,HR Manager,2022-12-27,11672.47,0.0,0.0,11672.47,MGR014,2022-12-27 16:00:00
TXN00002525,EMP0125,HR,HR Manager,2022-12-27,13516.12,0.0,0.0,13516.12,MGR014,2022-12-27 13:00:00
TXN00002526,EMP0126,Engineering,Tech Lead,2022-12-27,8719.0,0.0,0.0,8719.0,MGR013,2022-12-27 16:00:00
TXN00002527,EMP0127,Engineering,Senior Dev,2022-12-27,8141.44,0.8,55.54,8196.98,MGR013,2022-12-27 08:00:00
TXN00002528,EMP0128,Engineering,Junior Dev,2022-12-27,4427.82,0.7,28.66,4456.48,MGR013,2022-12-27 15:00:00
TXN00002529,EMP0129,Sales,Sales Manager,2022-12-27,12568.52,0.0,0.0,12568.52,MGR009,2022-12-27 16:00:00
TXN00002530,EMP0130,HR,HR Coord,2022-12-27,4213.21,0.8,29.88,4243.09,MGR014,2022-12-27 11:00:00
TXN00002531,EMP0131,Marketing,Marketing Coord,2022-12-27,4919.03,0.0,0.0,4919.03,MGR019,2022-12-27 14:00:00
TXN00002532,EMP0132,Operations,Operations Lead,2022-12-27,8435.01,0.7,51.53,8486.55,MGR019,2022-12-27 09:00:00
TXN00002533,EMP0133,Finance,Finance Manager,2022-12-27,12769.76,0.0,0.0,12769.76,MGR017,2022-12-27 11:00:00
TXN00002534,EMP0134,Engineering,Engineering Manager,2022-12-27,11764.55,0.0,0.0,11764.55,MGR013,2022-12-27 12:00:00
TXN00002535,EMP0135,Engineering,Junior Dev,2022-12-27,4630.65,10.1,405.24,5035.89,MGR013,2022-12-27 08:00:00
TXN00002536,EMP0136,Sales,Sales Manager,2022-12-27,12516.63,0.0,0.0,12516.63,MGR009,2022-12-27 15:00:00
TXN00002537,EMP0137,Operations,Operations Lead,2022-12-27,11549.97,0.7,69.48,11619.45,MGR019,2022-12-27 12:00:00
TXN00002538,EMP0138,Operations,Operations Lead,2022-12-27,9466.34,1.7,137.06,9603.39,MGR019,2022-12-27 13:00:00
TXN00002539,EMP0139,Engineering,Junior Dev,2022-12-27,5613.02,0.0,0.0,5613.02,MGR013,2022-12-27 09:00:00
TXN00002540,EMP0140,Operations,Operations Analyst,2022-12-27,6002.91,0.9,48.87,6051.78,MGR019,2022-12-27 15:00:00
TXN00002541,EMP0141,Engineering,Tech Lead,2022-12-27,10224.4,0.0,0.0,10224.4,MGR013,2022-12-27 09:00:00
TXN00002542,EMP0142,HR,HR Coord,2022-12-27,3991.74,0.0,0.0,3991.74,MGR014,2022-12-27 11:00:00
TXN00002543,EMP0143,Sales,Sales Rep,2022-12-27,4622.12,0.0,0.0,4622.12,MGR009,2022-12-27 11:00:00
TXN00002544,EMP0144,Marketing,Marketing Coord,2022-12-27,4291.4,0.0,0.0,4291.4,MGR019,2022-12-27 17:00:00
TXN00002545,EMP0145,Sales,Senior Sales,2022-12-27,6947.73,0.0,0.0,6947.73,MGR009,2022-12-27 13:00:00
TXN00002546,EMP0146,Engineering,Tech Lead,2022-12-27,7831.23,0.0,0.0,7831.23,MGR013,2022-12-27 17:00:00
TXN00002547,EMP0147,Finance,Senior Analyst,2022-12-27,7983.16,2.0,138.0,8121.17,MGR017,2022-12-27 14:00:00
TXN00002548,EMP0148,Sales,Senior Sales,2022-12-27,6516.5,1.1,64.49,6580.98,MGR009,2022-12-27 10:00:00
TXN00002549,EMP0149,Engineering,Senior Dev,2022-12-27,7880.0,0.0,0.0,7880.0,MGR013,2022-12-27 17:00:00
TXN00002550,EMP0150,Finance,Senior Analyst,2022-12-27,7377.63,0.0,0.0,7377.63,MGR017,2022-12-27 10:00:00
TXN00002551,EMP0151,Sales,Sales Rep,2022-12-27,4170.39,0.0,0.0,4170.39,MGR009,2022-12-27 11:00:00
TXN00002552,EMP0152,Engineering,Engineering Manager,2022-12-27,11014.79,0.0,0.0,11014.79,MGR013,2022-12-27 11:00:00
TXN00002553,EMP0153,Sales,Regional Director,2022-12-27,16582.61,2.1,298.91,16881.52,MGR009,2022-12-27 08:00:00
TXN00002554,EMP0154,Marketing,Marketing Coord,2022-12-27,4232.13,0.4,14.04,4246.17,MGR019,2022-12-27 17:00:00
TXN00002555,EMP0155,Engineering,Senior Dev,2022-12-27,7856.0,0.0,0.0,7856.0,MGR013,2022-12-27 13:00:00
TXN00002556,EMP0156,Marketing,Marketing Specialist,2022-12-27,5585.85,9.1,441.53,6027.38,MGR019,2022-12-27 16:00:00
TXN00002557,EMP0157,Marketing,Marketing Specialist,2022-12-27,5478.29,4.2,198.21,5676.49,MGR019,2022-12-27 12:00:00
TXN00002558,EMP0158,HR,HR Specialist,2022-12-27,6687.65,0.0,0.0,6687.65,MGR014,2022-12-27 17:00:00
TXN00002559,EMP0159,HR,HR Specialist,2022-12-27,5481.53,0.0,0.0,5481.53,MGR014,2022-12-27 16:00:00
TXN00002560,EMP0160,Engineering,Tech Lead,2022-12-27,8219.72,0.0,0.0,8219.72,MGR013,2022-12-27 10:00:00
TXN00002561,EMP0161,HR,HR Specialist,2022-12-27,6155.69,0.0,0.0,6155.69,MGR014,2022-12-27 13:00:00
TXN00002562,EMP0162,Engineering,Engineering Manager,2022-12-27,11174.79,0.0,0.0,11174.79,MGR013,2022-12-27 12:00:00
TXN00002563,EMP0163,Operations,Operations Lead,2022-12-27,10949.25,3.8,359.29,11308.54,MGR019,2022-12-27 12:00:00
TXN00002564,EMP0164,HR,HR Manager,2022-12-27,11127.73,0.0,0.0,11127.73,MGR014,2022-12-27 17:00:00
TXN00002565,EMP0165,Finance,Senior Analyst,2022-12-27,7036.97,5.4,330.78,7367.75,MGR017,2022-12-27 12:00:00
TXN00002566,EMP0166,Engineering,Engineering Manager,2022-12-27,10706.67,0.0,0.0,10706.67,MGR013,2022-12-27 16:00:00
TXN00002567,EMP0167,HR,HR Manager,2022-12-27,8741.69,0.0,0.0,8741.69,MGR014,2022-12-27 09:00:00
TXN00002568,EMP0168,Operations,Operations Manager,2022-12-27,8889.52,0.0,0.0,8889.52,MGR019,2022-12-27 10:00:00
TXN00002569,EMP0169,Sales,Sales Manager,2022-12-27,12496.5,0.0,0.0,12496.5,MGR009,2022-12-27 14:00:00
TXN00002570,EMP0170,Engineering,Tech Lead,2022-12-27,9089.79,0.0,0.0,9089.79,MGR013,2022-12-27 08:00:00
TXN00002571,EMP0171,Marketing,Marketing Manager,2022-12-27,10779.51,0.0,0.0,10779.51,MGR019,2022-12-27 12:00:00
TXN00002572,EMP0172,Operations,Operations Lead,2022-12-27,8546.39,1.6,116.24,8662.62,MGR019,2022-12-27 10:00:00
TXN00002573,EMP0173,Marketing,Marketing Manager,2022-12-27,10692.29,28.597127382224244,2646.0759733068676,13338.365973306869,MGR019,2022-12-27 10:00:00
TXN00002574,EMP0174,Marketing,Marketing Specialist,2022-12-27,5885.94,0.9,48.21,5934.15,MGR019,2022-12-27 11:00:00
TXN00002575,EMP0175,Marketing,Marketing Manager,2022-12-27,10425.94,0.0,0.0,10425.94,MGR019,2022-12-27 10:00:00
TXN00002576,EMP0176,Sales,Regional Director,2022-12-27,14853.69,0.0,0.0,14853.69,MGR009,2022-12-27 13:00:00
TXN00002577,EMP0177,Finance,Senior Analyst,2022-12-27,7514.04,0.0,2.1,7516.14,MGR017,2022-12-27 11:00:00
TXN00002578,EMP0178,HR,HR Specialist,2022-12-27,5172.33,0.0,0.0,5172.33,MGR014,2022-12-27 14:00:00
TXN00002579,EMP0179,HR,HR Coord,2022-12-27,3654.64,1.3,40.01,3694.65,MGR014,2022-12-27 15:00:00
TXN00002580,EMP0180,Marketing,Marketing Coord,2022-12-27,4909.23,6.4,270.14,5179.37,MGR019,2022-12-27 10:00:00
TXN00002581,EMP0181,HR,HR Manager,2022-12-27,10582.16,0.0,0.0,10582.16,MGR014,2022-12-27 17:00:00
TXN00002582,EMP0182,Marketing,Marketing Specialist,2022-12-27,5877.27,0.2,11.63,5888.89,MGR019,2022-12-27 12:00:00
TXN00002583,EMP0183,Finance,Senior Analyst,2022-12-27,8342.98,1.6,116.18,8459.16,MGR017,2022-12-27 14:00:00
TXN00002584,EMP0184,Finance,Senior Analyst,2022-12-27,9236.39,0.0,0.0,9236.39,MGR017,2022-12-27 14:00:00
TXN00002585,EMP0185,Engineering,Tech Lead,2022-12-27,8231.53,0.0,0.0,8231.53,MGR013,2022-12-27 15:00:00
TXN00002586,EMP0186,Operations,Operations Manager,2022-12-27,9065.97,0.0,0.0,9065.97,MGR019,2022-12-27 09:00:00
TXN00002587,EMP0187,Marketing,Marketing Coord,2022-12-27,3813.78,4.2,138.1,3951.88,MGR019,2022-12-27 09:00:00
TXN00002588,EMP0188,Operations,Operations Lead,2022-12-27,8132.9,2.7,191.39,8324.29,MGR019,2022-12-27 14:00:00
TXN00002589,EMP0189,Sales,Senior Sales,2022-12-27,10966.72705936903,7.6,525.29,11492.01705936903,MGR009,2022-12-27 16:00:00
TXN00002590,EMP0190,Engineering,Senior Dev,2022-12-27,7912.81,0.7,46.93,7959.75,MGR013,2022-12-27 12:00:00
TXN00002591,EMP0191,HR,HR Coord,2022-12-27,3851.7,0.0,0.02,3851.73,MGR014,2022-12-27 13:00:00
TXN00002592,EMP0192,Finance,Senior Analyst,2022-12-27,8425.14,0.0,0.0,8425.14,MGR017,2022-12-27 15:00:00
TXN00002593,EMP0193,Operations,Operations Lead,2022-12-27,10682.44,0.4,35.57,10718.01,MGR019,2022-12-27 15:00:00
TXN00002594,EMP0194,Finance,Senior Analyst,2022-12-27,6639.26,0.0,0.0,6639.26,MGR017,2022-12-27 13:00:00
TXN00002595,EMP0195,Operations,Operations Manager,2022-12-27,12474.11,0.0,0.0,12474.11,MGR019,2022-12-27 17:00:00
TXN00002596,EMP0196,Engineering,Engineering Manager,2022-12-27,12431.15,0.0,0.0,12431.15,MGR013,2022-12-27 08:00:00
TXN00002597,EMP0197,Sales,Regional Director,2022-12-27,14017.9,0.0,0.0,14017.9,MGR009,2022-12-27 09:00:00
TXN00002598,EMP0198,HR,HR Coord,2022-12-27,4424.05,15.5,594.1,5018.15,MGR014,2022-12-27 15:00:00
TXN00002599,EMP0199,Finance,Senior Analyst,2022-12-27,8090.51,0.6,44.23,8134.73,MGR017,2022-12-27 13:00:00
TXN00002600,EMP0200,Operations,Operations Manager,2022-12-27,11998.22,0.0,0.0,11998.22,MGR019,2022-12-27 09:00:00
TXN00002601,EMP0001,Operations,Operations Analyst,2023-01-26,5509.53,31.394092640708198,1496.8271702315858,7006.357170231586,MGR019,2023-01-26 16:00:00
TXN00002602,EMP0002,Operations,Operations Lead,2023-01-26,9841.05,2.1,181.68,10022.73,MGR019,2023-01-26 14:00:00
TXN00002603,EMP0003,Sales,Senior Sales,2023-01-26,6221.04,0.0,0.0,6221.04,MGR009,2023-01-26 11:00:00
TXN00002604,EMP0004,Operations,Operations Manager,2023-01-26,9555.93,0.0,0.0,9555.93,MGR019,2023-01-26 14:00:00
TXN00002605,EMP0005,Engineering,Engineering Manager,2023-01-26,11100.7,0.0,0.0,11100.7,MGR013,2023-01-26 11:00:00
TXN00002606,EMP0006,Engineering,Junior Dev,2023-01-26,4351.95,13.5,507.91,4859.87,MGR013,2023-01-26 15:00:00
TXN00002607,EMP0007,Sales,Sales Rep,2023-01-26,4859.16,13.0,546.84,5406.0,MGR009,2023-01-26 12:00:00
TXN00002608,EMP0008,Sales,Regional Director,2023-01-26,11731.85,0.0,0.0,11731.85,MGR009,2023-01-26 13:00:00
TXN00002609,EMP0009,Finance,Finance Manager,2023-01-26,9764.7,29.535904478007666,2495.8492481803974,12260.549248180398,MGR017,2023-01-26 12:00:00
TXN00002610,EMP0010,Sales,Regional Director,2023-01-26,12894.02,0.0,0.0,12894.02,MGR009,2023-01-26 13:00:00
TXN00002611,EMP0011,Marketing,Marketing Coord,2023-01-26,4135.09,0.0,0.0,4135.09,MGR019,2023-01-26 16:00:00
TXN00002612,EMP0012,Marketing,Marketing Coord,2023-01-26,3799.77,3.7,120.89,3920.65,MGR019,2023-01-26 17:00:00
TXN00002613,EMP0013,Finance,Analyst,2023-01-26,5381.41,0.0,0.98,5382.39,MGR017,2023-01-26 10:00:00
TXN00002614,EMP0014,Marketing,Marketing Manager,2023-01-26,9388.76,0.0,0.0,9388.76,MGR019,2023-01-26 17:00:00
TXN00002615,EMP0015,Engineering,Engineering Manager,2023-01-26,10337.47,0.0,0.0,10337.47,MGR013,2023-01-26 15:00:00
TXN00002616,EMP0016,Engineering,Engineering Manager,2023-01-26,10474.68,0.0,0.0,10474.68,MGR013,2023-01-26 13:00:00
TXN00002617,EMP0017,HR,HR Specialist,2023-01-26,5395.52,1.1,51.54,5447.05,MGR014,2023-01-26 08:00:00
TXN00002618,EMP0018,HR,HR Specialist,2023-01-26,6806.67,0.8,47.01,6853.67,MGR014,2023-01-26 08:00:00
TXN00002619,EMP0019,Sales,Sales Rep,2023-01-26,4156.24,0.6,22.35,4178.59,MGR009,2023-01-26 09:00:00
TXN00002620,EMP0020,Operations,Operations Analyst,2023-01-26,5491.77,1.0,49.1,5540.87,MGR019,2023-01-26 15:00:00
TXN00002621,EMP0021,Engineering,Senior Dev,2023-01-26,6337.25,1.4,77.82,6415.07,MGR013,2023-01-26 08:00:00
TXN00002622,EMP0022,Finance,Finance Manager,2023-01-26,9664.68,0.0,0.0,9664.68,MGR017,2023-01-26 09:00:00
TXN00002623,EMP0023,Operations,Operations Lead,2023-01-26,8677.93,0.0,0.0,8677.93,MGR019,2023-01-26 10:00:00
TXN00002624,EMP0024,Marketing,Marketing Specialist,2023-01-26,5327.61,1.2,55.42,5383.04,MGR019,2023-01-26 15:00:00
TXN00002625,EMP0025,Operations,Operations Lead,2023-01-26,8975.51,9.2,714.48,9690.0,MGR019,2023-01-26 15:00:00
TXN00002626,EMP0026,Operations,Operations Manager,2023-01-26,12600.78,0.0,0.0,12600.78,MGR019,2023-01-26 08:00:00
TXN00002627,EMP0027,HR,HR Manager,2023-01-26,13014.25,0.0,0.0,13014.25,MGR014,2023-01-26 14:00:00
TXN00002628,EMP0028,HR,HR Manager,2023-01-26,11875.28,0.0,0.0,11875.28,MGR014,2023-01-26 11:00:00
TXN00002629,EMP0029,Sales,Regional Director,2023-01-26,11348.67,3.0,296.87,11645.53,MGR009,2023-01-26 10:00:00
TXN00002630,EMP0030,Marketing,Marketing Manager,2023-01-26,8684.42,0.0,0.0,8684.42,MGR019,2023-01-26 12:00:00
TXN00002631,EMP0031,HR,HR Coord,2023-01-26,3891.72,0.0,0.0,3891.72,MGR014,2023-01-26 10:00:00
TXN00002632,EMP0032,Marketing,Marketing Coord,2023-01-26,4484.93,5.2,200.48,4685.4,MGR019,2023-01-26 12:00:00
TXN00002633,EMP0033,Engineering,Tech Lead,2023-01-26,8587.39,0.0,0.0,8587.39,MGR013,2023-01-26 09:00:00
TXN00002634,EMP0034,Marketing,Marketing Coord,2023-01-26,3850.71,0.2,8.1,3858.82,MGR019,2023-01-26 13:00:00
TXN00002635,EMP0035,HR,HR Manager,2023-01-26,9869.11,0.0,0.0,9869.11,MGR014,2023-01-26 12:00:00
TXN00002636,EMP0036,Sales,Regional Director,2023-01-26,14237.79,5.9,725.81,14963.6,MGR009,2023-01-26 09:00:00
TXN00002637,EMP0037,Operations,Operations Lead,2023-01-26,8275.66,5.8,413.32,8688.98,MGR019,2023-01-26 13:00:00
TXN00002638,EMP0038,Marketing,Marketing Coord,2023-01-26,4547.26,2.2,84.64,4631.9,MGR019,2023-01-26 10:00:00
TXN00002639,EMP0039,Operations,Operations Manager,2023-01-26,10954.57,0.0,0.0,10954.57,MGR019,2023-01-26 08:00:00
TXN00002640,EMP0040,Marketing,Marketing Manager,2023-01-26,9598.62,0.0,0.0,9598.62,MGR019,2023-01-26 14:00:00
TXN00002641,EMP0041,Finance,Controller,2023-01-26,13631.32,0.0,0.0,13631.32,MGR017,2023-01-26 12:00:00
TXN00002642,EMP0042,Sales,Senior Sales,2023-01-26,6548.4,0.0,0.0,6548.4,MGR009,2023-01-26 11:00:00
TXN00002643,EMP0043,Finance,Analyst,2023-01-26,4795.53,0.0,0.0,4795.53,MGR017,2023-01-26 14:00:00
TXN00002644,EMP0044,Engineering,Senior Dev,2023-01-26,7801.12,0.0,0.0,7801.12,MGR013,2023-01-26 09:00:00
TXN00002645,EMP0045,Sales,Regional Director,2023-01-26,15087.19,1.0,130.95,15218.15,MGR009,2023-01-26 09:00:00
TXN00002646,EMP0046,Engineering,Engineering Manager,2023-01-26,9386.42,0.0,0.0,9386.42,MGR013,2023-01-26 08:00:00
TXN00002647,EMP0047,HR,HR Specialist,2023-01-26,6140.56,2.4,125.38,6265.94,MGR014,2023-01-26 11:00:00
TXN00002648,EMP0048,Marketing,Marketing Manager,2023-01-26,11348.61,0.0,0.0,11348.61,MGR019,2023-01-26 15:00:00
TXN00002649,EMP0049,Operations,Operations Manager,2023-01-26,10413.0,0.0,0.0,10413.0,MGR019,2023-01-26 09:00:00
TXN00002650,EMP0050,Operations,Operations Manager,2023-01-26,8475.73,0.0,0.0,8475.73,MGR019,2023-01-26 10:00:00
TXN00002651,EMP0051,Operations,Operations Lead,2023-01-26,8038.62,0.0,0.0,8038.62,MGR019,2023-01-26 17:00:00
TXN00002652,EMP0052,Marketing,Marketing Specialist,2023-01-26,5324.96,0.5,23.41,5348.37,MGR019,2023-01-26 11:00:00
TXN00002653,EMP0053,Finance,Analyst,2023-01-26,5776.99,0.3,13.72,5790.71,MGR017,2023-01-26 16:00:00
TXN00002654,EMP0054,Operations,Operations Lead,2023-01-26,9246.61,1.6,128.1,9374.71,MGR019,2023-01-26 15:00:00
TXN00002655,EMP0055,Sales,Sales Rep,2023-01-26,4055.4,1.0,33.71,4089.11,MGR009,2023-01-26 08:00:00
TXN00002656,EMP0056,Marketing,Marketing Manager,2023-01-26,9397.26,0.0,0.0,9397.26,MGR019,2023-01-26 08:00:00
TXN00002657,EMP0057,HR,HR Coord,2023-01-26,4940.74,0.0,0.0,4940.74,MGR014,2023-01-26 13:00:00
TXN00002658,EMP0058,Marketing,Marketing Coord,2023-01-26,4632.85,0.1,5.3,4638.15,MGR019,2023-01-26 09:00:00
TXN00002659,EMP0059,HR,HR Coord,2023-01-26,4391.67,1.5,56.77,4448.44,MGR014,2023-01-26 14:00:00
TXN00002660,EMP0060,Marketing,Marketing Specialist,2023-01-26,6353.27,0.0,0.0,6353.27,MGR019,2023-01-26 10:00:00
TXN00002661,EMP0061,Engineering,Tech Lead,2023-01-26,10811.75,0.0,0.0,10811.75,MGR013,2023-01-26 15:00:00
TXN00002662,EMP0062,Sales,Sales Rep,2023-01-26,4176.52,4.3,156.34,4332.86,MGR009,2023-01-26 09:00:00
TXN00002663,EMP0063,HR,HR Coord,2023-01-26,3739.19,11.9,386.06,4125.25,MGR014,2023-01-26 11:00:00
TXN00002664,EMP0064,Operations,Operations Lead,2023-01-26,10674.03,4.5,413.65,11087.68,MGR019,2023-01-26 14:00:00
TXN00002665,EMP0065,HR,HR Coord,2023-01-26,3485.37,3.0,89.4,3574.77,MGR014,2023-01-26 09:00:00
TXN00002666,EMP0066,Operations,Operations Lead,2023-01-26,8672.28,0.5,35.54,8707.82,MGR019,2023-01-26 09:00:00
TXN00002667,EMP0067,Sales,Sales Manager,2023-01-26,8948.71,0.0,0.0,8948.71,MGR009,2023-01-26 09:00:00
TXN00002668,EMP0068,HR,HR Specialist,2023-01-26,6299.01,0.0,0.0,6299.01,MGR014,2023-01-26 13:00:00
TXN00002669,EMP0069,HR,HR Manager,2023-01-26,10795.65,0.0,0.0,10795.65,MGR014,2023-01-26 13:00:00
TXN00002670,EMP0070,Sales,Sales Manager,2023-01-26,10977.25,0.0,0.0,10977.25,MGR009,2023-01-26 12:00:00
TXN00002671,EMP0071,Operations,Operations Manager,2023-01-26,11742.36,0.0,0.0,11742.36,MGR019,2023-01-26 10:00:00
TXN00002672,EMP0072,Finance,Controller,2023-01-26,11907.85,0.0,0.0,11907.85,MGR017,2023-01-26 14:00:00
TXN00002673,EMP0073,Sales,Senior Sales,2023-01-26,6441.24,3.0,168.83,6610.08,MGR009,2023-01-26 10:00:00
TXN00002674,EMP0074,Marketing,Marketing Coord,2023-01-26,4266.93,0.5,17.81,4284.74,MGR019,2023-01-26 10:00:00
TXN00002675,EMP0075,HR,HR Coord,2023-01-26,3464.27,5.1,151.46,3615.73,MGR014,2023-01-26 09:00:00
TXN00002676,EMP0076,Sales,Sales Rep,2023-01-26,4965.61,0.4,18.29,4983.9,MGR009,2023-01-26 16:00:00
TXN00002677,EMP0077,Operations,Operations Manager,2023-01-26,9171.93,0.0,0.0,9171.93,MGR019,2023-01-26 17:00:00
TXN00002678,EMP0078,Sales,Sales Rep,2023-01-26,5064.91,3.1,135.36,5200.27,MGR009,2023-01-26 08:00:00
TXN00002679,EMP0079,Marketing,Marketing Coord,2023-01-26,4532.56,3.6,140.15,4672.71,MGR019,2023-01-26 17:00:00
TXN00002680,EMP0080,Sales,Sales Manager,2023-01-26,9838.75,0.0,0.0,9838.75,MGR009,2023-01-26 10:00:00
TXN00002681,EMP0081,Finance,Senior Analyst,2023-01-26,6995.72,1.9,114.98,7110.7,MGR017,2023-01-26 15:00:00
TXN00002682,EMP0082,Sales,Regional Director,2023-01-26,14093.38,0.0,0.0,14093.38,MGR009,2023-01-26 13:00:00
TXN00002683,EMP0083,Finance,Controller,2023-01-26,11415.72,0.0,0.0,11415.72,MGR017,2023-01-26 11:00:00
TXN00002684,EMP0084,Engineering,Junior Dev,2023-01-26,4337.7,0.3,13.11,4350.81,MGR013,2023-01-26 10:00:00
TXN00002685,EMP0085,Finance,Finance Manager,2023-01-26,8923.43,0.0,0.0,8923.43,MGR017,2023-01-26 14:00:00
TXN00002686,EMP0086,Finance,Controller,2023-01-26,12270.85,0.0,0.0,12270.85,MGR017,2023-01-26 17:00:00
TXN00002687,EMP0087,Engineering,Junior Dev,2023-01-26,4674.43,3.5,139.75,4814.18,MGR013,2023-01-26 15:00:00
TXN00002688,EMP0088,Finance,Finance Manager,2023-01-26,10604.43,0.0,0.0,10604.43,MGR017,2023-01-26 11:00:00
TXN00002689,EMP0089,Sales,Senior Sales,2023-01-26,7486.15,0.2,11.15,7497.3,MGR009,2023-01-26 09:00:00
TXN00002690,EMP0090,HR,HR Specialist,2023-01-26,6199.09,0.8,44.34,6243.43,MGR014,2023-01-26 09:00:00
TXN00002691,EMP0091,Finance,Senior Analyst,2023-01-26,6591.18,0.3,14.38,6605.55,MGR017,2023-01-26 10:00:00
TXN00002692,EMP0092,Finance,Senior Analyst,2023-01-26,8736.74,1.1,80.25,8816.98,MGR017,2023-01-26 09:00:00
TXN00002693,EMP0093,Finance,Analyst,2023-01-26,4894.09,7.3,307.12,5201.21,MGR017,2023-01-26 17:00:00
TXN00002694,EMP0094,Operations,Operations Manager,2023-01-26,11594.89,0.0,0.0,11594.89,MGR019,2023-01-26 14:00:00
TXN00002695,EMP0095,Engineering,Senior Dev,2023-01-26,7052.01,1.1,67.32,7119.33,MGR013,2023-01-26 13:00:00
TXN00002696,EMP0096,Finance,Controller,2023-01-26,11717.78,0.0,0.0,11717.78,MGR017,2023-01-26 14:00:00
TXN00002697,EMP0097,Sales,Regional Director,2023-01-26,15462.52,0.0,0.0,15462.52,MGR009,2023-01-26 13:00:00
TXN00002698,EMP0098,Sales,Regional Director,2023-01-26,12561.59,10.1,1101.13,13662.72,MGR009,2023-01-26 10:00:00
TXN00002699,EMP0099,Finance,Finance Manager,2023-01-26,12220.41,0.0,0.0,12220.41,MGR017,2023-01-26 11:00:00
TXN00002700,EMP0100,Marketing,Marketing Specialist,2023-01-26,6612.31,6.5,370.51,6982.81,MGR019,2023-01-26 12:00:00
TXN00002701,EMP0101,Operations,Operations Manager,2023-01-26,10528.67,0.0,0.0,10528.67,MGR019,2023-01-26 09:00:00
TXN00002702,EMP0102,Operations,Operations Lead,2023-01-26,8989.25,0.5,42.43,9031.68,MGR019,2023-01-26 11:00:00
TXN00002703,EMP0103,Sales,Sales Manager,2023-01-26,10360.5,0.0,0.0,10360.5,MGR009,2023-01-26 16:00:00
TXN00002704,EMP0104,Engineering,Junior Dev,2023-01-26,4175.23,1.4,50.44,4225.67,MGR013,2023-01-26 17:00:00
TXN00002705,EMP0105,Engineering,Junior Dev,2023-01-26,3797.97,0.0,0.0,7595.94,MGR013,2023-01-26 17:00:00
TXN00002706,EMP0106,Finance,Senior Analyst,2023-01-26,7469.34,9.1,589.09,8058.43,MGR017,2023-01-26 17:00:00
TXN00002707,EMP0107,HR,HR Coord,2023-01-26,4211.49,0.0,0.0,4211.49,MGR014,2023-01-26 12:00:00
TXN00002708,EMP0108,Engineering,Junior Dev,2023-01-26,5017.19,6.4,277.15,5294.34,MGR013,2023-01-26 08:00:00
TXN00002709,EMP0109,Sales,Regional Director,2023-01-26,13192.84,0.9,101.77,13294.61,MGR009,2023-01-26 12:00:00
TXN00002710,EMP0110,HR,HR Coord,2023-01-26,4615.95,0.8,30.85,4646.8,MGR014,2023-01-26 11:00:00
TXN00002711,EMP0111,HR,HR Coord,2023-01-26,4364.79,0.0,0.0,4364.79,MGR014,2023-01-26 16:00:00
TXN00002712,EMP0112,Engineering,Engineering Manager,2023-01-26,8883.38,0.0,0.0,8883.38,MGR013,2023-01-26 17:00:00
TXN00002713,EMP0113,HR,HR Manager,2023-01-26,9372.03,0.0,0.0,9372.03,MGR014,2023-01-26 16:00:00
TXN00002714,EMP0114,Marketing,Marketing Specialist,2023-01-26,6390.94,0.0,0.0,6390.94,MGR019,2023-01-26 11:00:00
TXN00002715,EMP0115,Operations,Operations Manager,2023-01-26,11983.42,0.0,0.0,11983.42,MGR019,2023-01-26 14:00:00
TXN00002716,EMP0116,Sales,Sales Manager,2023-01-26,11442.95,0.0,0.0,11442.95,MGR009,2023-01-26 12:00:00
TXN00002717,EMP0117,Sales,Sales Manager,2023-01-26,10673.75,0.0,0.0,10673.75,MGR009,2023-01-26 08:00:00
TXN00002718,EMP0118,Marketing,Marketing Coord,2023-01-26,3852.51,0.0,0.0,3852.51,MGR019,2023-01-26 11:00:00
TXN00002719,EMP0119,Finance,Analyst,2023-01-26,4641.47,1.7,68.52,4709.98,MGR017,2023-01-26 15:00:00
TXN00002720,EMP0120,HR,HR Coord,2023-01-26,4188.6,0.0,0.0,4188.6,MGR014,2023-01-26 14:00:00
TXN00002721,EMP0121,Marketing,Marketing Coord,2023-01-26,5185.24,4.7,212.64,5397.88,MGR019,2023-01-26 09:00:00
TXN00002722,EMP0122,Engineering,Senior Dev,2023-01-26,7953.97,0.0,0.0,7953.97,MGR013,2023-01-26 11:00:00
TXN00002723,EMP0123,Marketing,Marketing Coord,2023-01-26,3855.55,4.1,135.47,3991.02,MGR019,2023-01-26 15:00:00
TXN00002724,EMP0124,HR,HR Manager,2023-01-26,11224.71,0.0,0.0,11224.71,MGR014,2023-01-26 17:00:00
TXN00002725,EMP0125,HR,HR Manager,2023-01-26,12873.62,0.0,0.0,12873.62,MGR014,2023-01-26 09:00:00
TXN00002726,EMP0126,Engineering,Tech Lead,2023-01-26,8476.43,0.0,0.0,8476.43,MGR013,2023-01-26 16:00:00
TXN00002727,EMP0127,Engineering,Senior Dev,2023-01-26,7780.49,0.2,10.63,7791.12,MGR013,2023-01-26 08:00:00
TXN00002728,EMP0128,Engineering,Junior Dev,2023-01-26,4229.37,3.4,122.99,4352.36,MGR013,2023-01-26 13:00:00
TXN00002729,EMP0129,Sales,Sales Manager,2023-01-26,12272.22,0.0,0.0,12272.22,MGR009,2023-01-26 13:00:00
TXN00002730,EMP0130,HR,HR Coord,2023-01-26,4070.73,3.0,106.44,4177.16,MGR014,2023-01-26 10:00:00
TXN00002731,EMP0131,Marketing,Marketing Coord,2023-01-26,4717.41,4.2,169.47,4886.88,MGR019,2023-01-26 14:00:00
TXN00002732,EMP0132,Operations,Operations Lead,2023-01-26,8194.28,0.7,48.55,8242.84,MGR019,2023-01-26 17:00:00
TXN00002733,EMP0133,Finance,Finance Manager,2023-01-26,12169.82,0.0,0.0,12169.82,MGR017,2023-01-26 14:00:00
TXN00002734,EMP0134,Engineering,Engineering Manager,2023-01-26,11431.86,0.0,0.0,11431.86,MGR013,2023-01-26 13:00:00
TXN00002735,EMP0135,Engineering,Junior Dev,2023-01-26,4439.85,0.0,0.0,4439.85,MGR013,2023-01-26 16:00:00
TXN00002736,EMP0136,Sales,Sales Manager,2023-01-26,12130.79,0.0,0.0,12130.79,MGR009,2023-01-26 10:00:00
TXN00002737,EMP0137,Operations,Operations Lead,2023-01-26,11085.71,0.0,0.0,11085.71,MGR019,2023-01-26 15:00:00
TXN00002738,EMP0138,Operations,Operations Lead,2023-01-26,9145.04,1.9,153.03,9298.07,MGR019,2023-01-26 09:00:00
TXN00002739,EMP0139,Engineering,Junior Dev,2023-01-26,5400.48,0.0,0.0,5400.48,MGR013,2023-01-26 08:00:00
TXN00002740,EMP0140,Operations,Operations Analyst,2023-01-26,5845.28,3.7,186.43,6031.72,MGR019,2023-01-26 17:00:00
TXN00002741,EMP0141,Engineering,Tech Lead,2023-01-26,9965.7,0.0,0.0,9965.7,MGR013,2023-01-26 09:00:00
TXN00002742,EMP0142,HR,HR Coord,2023-01-26,3825.33,1.8,58.78,3884.11,MGR014,2023-01-26 08:00:00
TXN00002743,EMP0143,Sales,Sales Rep,2023-01-26,4482.67,0.7,26.84,4509.52,MGR009,2023-01-26 12:00:00
TXN00002744,EMP0144,Marketing,Marketing Coord,2023-01-26,4099.11,0.1,4.26,4103.37,MGR019,2023-01-26 11:00:00
TXN00002745,EMP0145,Sales,Senior Sales,2023-01-26,6775.07,0.0,0.0,6775.07,MGR009,2023-01-26 08:00:00
TXN00002746,EMP0146,Engineering,Tech Lead,2023-01-26,7593.55,0.0,0.0,7593.55,MGR013,2023-01-26 08:00:00
TXN00002747,EMP0147,Finance,Senior Analyst,2023-01-26,7749.31,3.3,219.01,7968.32,MGR017,2023-01-26 14:00:00
TXN00002748,EMP0148,Sales,Senior Sales,2023-01-26,6368.3,0.0,0.0,6368.3,MGR009,2023-01-26 16:00:00
TXN00002749,EMP0149,Engineering,Senior Dev,2023-01-26,7545.98,0.5,32.56,7578.54,MGR013,2023-01-26 12:00:00
TXN00002750,EMP0150,Finance,Senior Analyst,2023-01-26,7169.19,0.0,0.0,7169.19,MGR017,2023-01-26 16:00:00
TXN00002751,EMP0151,Sales,Sales Rep,2023-01-26,3988.07,3.9,136.04,4124.11,MGR009,2023-01-26 14:00:00
TXN00002752,EMP0152,Engineering,Engineering Manager,2023-01-26,10752.42,0.0,0.0,10752.42,MGR013,2023-01-26 14:00:00
TXN00002753,EMP0153,Sales,Regional Director,2023-01-26,15937.52,0.0,0.0,15937.52,MGR009,2023-01-26 14:00:00
TXN00002754,EMP0154,Marketing,Marketing Coord,2023-01-26,4071.82,1.3,44.19,4116.0,MGR019,2023-01-26 09:00:00
TXN00002755,EMP0155,Engineering,Senior Dev,2023-01-26,7631.91,0.2,14.05,7645.96,MGR013,2023-01-26 16:00:00
TXN00002756,EMP0156,Marketing,Marketing Specialist,2023-01-26,5341.01,0.0,0.0,5341.01,MGR019,2023-01-26 16:00:00
TXN00002757,EMP0157,Marketing,Marketing Specialist,2023-01-26,5319.42,1.2,54.86,5374.28,MGR019,2023-01-26 17:00:00
TXN00002758,EMP0158,HR,HR Specialist,2023-01-26,6403.6,0.0,0.0,6403.6,MGR014,2023-01-26 10:00:00
TXN00002759,EMP0159,HR,HR Specialist,2023-01-26,5325.04,1.5,69.16,5394.2,MGR014,2023-01-26 12:00:00
TXN00002760,EMP0160,Engineering,Tech Lead,2023-01-26,8027.45,0.0,0.0,8027.45,MGR013,2023-01-26 09:00:00
TXN00002761,EMP0161,HR,HR Specialist,2023-01-26,5912.38,5.8,295.92,6208.31,MGR014,2023-01-26 12:00:00
TXN00002762,EMP0162,Engineering,Engineering Manager,2023-01-26,10741.56,0.0,0.0,10741.56,MGR013,2023-01-26 09:00:00
TXN00002763,EMP0163,Operations,Operations Lead,2023-01-26,10681.51,4.5,415.87,11097.38,MGR019,2023-01-26 16:00:00
TXN00002764,EMP0164,HR,HR Manager,2023-01-26,10759.08,0.0,0.0,10759.08,MGR014,2023-01-26 11:00:00
TXN00002765,EMP0165,Finance,Senior Analyst,2023-01-26,6822.06,1.7,99.67,6921.73,MGR017,2023-01-26 10:00:00
TXN00002766,EMP0166,Engineering,Engineering Manager,2023-01-26,10329.97,0.0,0.0,10329.97,MGR013,2023-01-26 16:00:00
TXN00002767,EMP0167,HR,HR Manager,2023-01-26,8443.36,0.0,0.0,8443.36,MGR014,2023-01-26 13:00:00
TXN00002768,EMP0168,Operations,Operations Manager,2023-01-26,8507.85,0.0,0.0,8507.85,MGR019,2023-01-26 14:00:00
TXN00002769,EMP0169,Sales,Sales Manager,2023-01-26,12001.08,0.0,0.0,12001.08,MGR009,2023-01-26 17:00:00
TXN00002770,EMP0170,Engineering,Tech Lead,2023-01-26,8739.09,0.0,0.0,8739.09,MGR013,2023-01-26 09:00:00
TXN00002771,EMP0171,Marketing,Marketing Manager,2023-01-26,10355.85,0.0,0.0,10355.85,MGR019,2023-01-26 12:00:00
TXN00002772,EMP0172,Operations,Operations Lead,2023-01-26,8708.147752501316,1.7,121.75,8829.897752501316,MGR019,2023-01-26 14:00:00
TXN00002773,EMP0173,Marketing,Marketing Manager,2023-01-26,10216.3,0.0,0.0,10216.3,MGR019,2023-01-26 11:00:00
TXN00002774,EMP0174,Marketing,Marketing Specialist,2023-01-26,5657.52,0.0,0.0,5657.52,MGR019,2023-01-26 08:00:00
TXN00002775,EMP0175,Marketing,Marketing Manager,2023-01-26,10147.26,0.0,0.0,10147.26,MGR019,2023-01-26 11:00:00
TXN00002776,EMP0176,Sales,Regional Director,2023-01-26,14435.8,0.9,112.29,14548.09,MGR009,2023-01-26 09:00:00
TXN00002777,EMP0177,Finance,Senior Analyst,2023-01-26,7282.5,3.9,244.83,7527.33,MGR017,2023-01-26 14:00:00
TXN00002778,EMP0178,HR,HR Specialist,2023-01-26,4991.01,1.1,46.73,5037.74,MGR014,2023-01-26 09:00:00
TXN00002779,EMP0179,HR,HR Coord,2023-01-26,3544.49,2.5,76.48,3620.97,MGR014,2023-01-26 15:00:00
TXN00002780,EMP0180,Marketing,Marketing Coord,2023-01-26,4740.4,0.5,22.38,4762.77,MGR019,2023-01-26 17:00:00
TXN00002781,EMP0181,HR,HR Manager,2023-01-26,10222.67,0.0,0.0,10222.67,MGR014,2023-01-26 17:00:00
TXN00002782,EMP0182,Marketing,Marketing Specialist,2023-01-26,5600.16,0.0,0.0,5600.16,MGR019,2023-01-26 08:00:00
TXN00002783,EMP0183,Finance,Senior Analyst,2023-01-26,8022.91,0.0,0.0,8022.91,MGR017,2023-01-26 12:00:00
TXN00002784,EMP0184,Finance,Senior Analyst,2023-01-26,8944.23,0.0,0.0,8944.23,MGR017,2023-01-26 10:00:00
TXN00002785,EMP0185,Engineering,Tech Lead,2023-01-26,8023.94,0.0,0.0,8023.94,MGR013,2023-01-26 09:00:00
TXN00002786,EMP0186,Operations,Operations Manager,2023-01-26,8678.83,0.0,0.0,8678.83,MGR019,2023-01-26 08:00:00
TXN00002787,EMP0187,Marketing,Marketing Coord,2023-01-26,3689.3,0.6,20.42,3709.72,MGR019,2023-01-26 10:00:00
TXN00002788,EMP0188,Operations,Operations Lead,2023-01-26,7854.94,2.9,199.14,8054.08,MGR019,2023-01-26 08:00:00
TXN00002789,EMP0189,Sales,Senior Sales,2023-01-26,7604.22,2.0,132.85,7737.07,MGR009,2023-01-26 10:00:00
TXN00002790,EMP0190,Engineering,Senior Dev,2023-01-26,7679.73,1.2,81.17,7760.9,MGR013,2023-01-26 15:00:00
TXN00002791,EMP0191,HR,HR Coord,2023-01-26,4287.852630256039,0.7,21.31,4309.16263025604,MGR014,2023-01-26 13:00:00
TXN00002792,EMP0192,Finance,Senior Analyst,2023-01-26,8043.48,0.0,0.0,8043.48,MGR017,2023-01-26 16:00:00
TXN00002793,EMP0193,Operations,Operations Lead,2023-01-26,10249.22,0.3,23.63,10272.85,MGR019,2023-01-26 16:00:00
TXN00002794,EMP0194,Finance,Senior Analyst,2023-01-26,6496.16,3.2,181.1,6677.26,MGR017,2023-01-26 12:00:00
TXN00002795,EMP0195,Operations,Operations Manager,2023-01-26,11904.32,0.0,0.0,11904.32,MGR019,2023-01-26 10:00:00
TXN00002796,EMP0196,Engineering,Engineering Manager,2023-01-26,12006.46,0.0,0.0,12006.46,MGR013,2023-01-26 13:00:00
TXN00002797,EMP0197,Sales,Regional Director,2023-01-26,13496.4,0.0,0.0,13496.4,MGR009,2023-01-26 10:00:00
TXN00002798,EMP0198,HR,HR Coord,2023-01-26,4323.24,0.0,0.0,4323.24,MGR014,2023-01-26 12:00:00
TXN00002799,EMP0199,Finance,Senior Analyst,2023-01-26,7877.94,1.2,81.26,7959.21,MGR017,2023-01-26 09:00:00
TXN00002800,EMP0200,Operations,Operations Manager,2023-01-26,11749.49,0.0,0.0,11749.49,MGR019,2023-01-26 08:00:00
TXN00002801,EMP0001,Operations,Operations Analyst,2023-02-25,5509.53,1.9,92.1,5601.64,MGR019,2023-02-25 13:00:00
TXN00002802,EMP0002,Operations,Operations Lead,2023-02-25,9841.05,7.6,647.01,10488.06,MGR019,2023-02-25 14:00:00
TXN00002803,EMP0003,Sales,Senior Sales,2023-02-25,6221.04,2.4,129.98,6351.02,MGR009,2023-02-25 12:00:00
TXN00002804,EMP0004,Operations,Operations Manager,2023-02-25,10790.763551364022,0.0,0.0,10790.763551364022,MGR019,2023-02-25 16:00:00
TXN00002805,EMP0005,Engineering,Engineering Manager,2023-02-25,11100.7,0.0,0.0,11100.7,MGR013,2023-02-25 09:00:00
TXN00002806,EMP0006,Engineering,Junior Dev,2023-02-25,4351.95,0.0,0.0,4351.95,MGR013,2023-02-25 12:00:00
TXN00002807,EMP0007,Sales,Sales Rep,2023-02-25,4859.16,2.9,120.15,4979.31,MGR009,2023-02-25 17:00:00
TXN00002808,EMP0008,Sales,Regional Director,2023-02-25,11731.85,2.0,201.23,11933.07,MGR009,2023-02-25 09:00:00
TXN00002809,EMP0009,Finance,Finance Manager,2023-02-25,9764.7,0.0,0.0,9764.7,MGR017,2023-02-25 15:00:00
TXN00002810,EMP0010,Sales,Regional Director,2023-02-25,12894.02,5.5,608.21,13502.23,MGR009,2023-02-25 15:00:00
TXN00002811,EMP0011,Marketing,Marketing Coord,2023-02-25,4135.09,0.7,23.28,4158.37,MGR019,2023-02-25 16:00:00
TXN00002812,EMP0012,Marketing,Marketing Coord,2023-02-25,3799.77,4.4,144.44,3944.21,MGR019,2023-02-25 13:00:00
TXN00002813,EMP0013,Finance,Analyst,2023-02-25,5381.41,2.6,120.14,5501.55,MGR017,2023-02-25 08:00:00
TXN00002814,EMP0014,Marketing,Marketing Manager,2023-02-25,9388.76,0.0,0.0,9388.76,MGR019,2023-02-25 15:00:00
TXN00002815,EMP0015,Engineering,Engineering Manager,2023-02-25,10337.47,0.0,0.0,10337.47,MGR013,2023-02-25 17:00:00
TXN00002816,EMP0016,Engineering,Engineering Manager,2023-02-25,10474.68,0.0,0.0,10474.68,MGR013,2023-02-25 10:00:00
TXN00002817,EMP0017,HR,HR Specialist,2023-02-25,5395.52,5.6,260.24,5655.76,MGR014,2023-02-25 13:00:00
TXN00002818,EMP0018,HR,HR Specialist,2023-02-25,6806.67,1.6,96.78,6903.45,MGR014,2023-02-25 10:00:00
TXN00002819,EMP0019,Sales,Sales Rep,2023-02-25,4156.24,1.8,64.33,4220.57,MGR009,2023-02-25 12:00:00
TXN00002820,EMP0020,Operations,Operations Analyst,2023-02-25,5491.77,2.5,120.63,5612.4,MGR019,2023-02-25 09:00:00
TXN00002821,EMP0021,Engineering,Senior Dev,2023-02-25,6337.25,1.1,62.37,6399.62,MGR013,2023-02-25 17:00:00
TXN00002822,EMP0022,Finance,Finance Manager,2023-02-25,9664.68,0.0,0.0,9664.68,MGR017,2023-02-25 09:00:00
TXN00002823,EMP0023,Operations,Operations Lead,2023-02-25,8677.93,4.4,327.8,9005.73,MGR019,2023-02-25 11:00:00
TXN00002824,EMP0024,Marketing,Marketing Specialist,2023-02-25,5327.61,0.0,0.0,5327.61,MGR019,2023-02-25 16:00:00
TXN00002825,EMP0025,Operations,Operations Lead,2023-02-25,8975.51,0.0,0.0,8975.51,MGR019,2023-02-25 08:00:00
TXN00002826,EMP0026,Operations,Operations Manager,2023-02-25,12600.78,0.0,0.0,12600.78,MGR019,2023-02-25 08:00:00
TXN00002827,EMP0027,HR,HR Manager,2023-02-25,13014.25,62.52134609999046,7041.361400323276,20055.611400323276,MGR014,2023-02-25 08:00:00
TXN00002828,EMP0028,HR,HR Manager,2023-02-25,11875.28,0.0,0.0,11875.28,MGR014,2023-02-25 11:00:00
TXN00002829,EMP0029,Sales,Regional Director,2023-02-25,11348.67,2.0,193.81,11542.48,MGR009,2023-02-25 08:00:00
TXN00002830,EMP0030,Marketing,Marketing Manager,2023-02-25,8684.42,0.0,0.0,8684.42,MGR019,2023-02-25 15:00:00
TXN00002831,EMP0031,HR,HR Coord,2023-02-25,3891.72,1.1,38.67,3930.39,MGR014,2023-02-25 13:00:00
TXN00002832,EMP0032,Marketing,Marketing Coord,2023-02-25,4484.93,0.0,0.0,4484.93,MGR019,2023-02-25 14:00:00
TXN00002833,EMP0033,Engineering,Tech Lead,2023-02-25,8587.39,0.0,0.0,8587.39,MGR013,2023-02-25 10:00:00
TXN00002834,EMP0034,Marketing,Marketing Coord,2023-02-25,3850.71,2.0,66.46,3917.17,MGR019,2023-02-25 10:00:00
TXN00002835,EMP0035,HR,HR Manager,2023-02-25,9869.11,0.0,0.0,9869.11,MGR014,2023-02-25 08:00:00
TXN00002836,EMP0036,Sales,Regional Director,2023-02-25,14237.79,2.4,292.22,14530.01,MGR009,2023-02-25 16:00:00
TXN00002837,EMP0037,Operations,Operations Lead,2023-02-25,8275.66,1.3,90.34,8366.0,MGR019,2023-02-25 14:00:00
TXN00002838,EMP0038,Marketing,Marketing Coord,2023-02-25,4547.26,0.0,0.0,4547.26,MGR019,2023-02-25 11:00:00
TXN00002839,EMP0039,Operations,Operations Manager,2023-02-25,10954.57,0.0,0.0,10954.57,MGR019,2023-02-25 13:00:00
TXN00002840,EMP0040,Marketing,Marketing Manager,2023-02-25,9598.62,0.0,0.0,9598.62,MGR019,2023-02-25 11:00:00
TXN00002841,EMP0041,Finance,Controller,2023-02-25,13631.32,0.0,0.0,13631.32,MGR017,2023-02-25 14:00:00
TXN00002842,EMP0042,Sales,Senior Sales,2023-02-25,6548.4,0.0,0.0,6548.4,MGR009,2023-02-25 13:00:00
TXN00002843,EMP0043,Finance,Analyst,2023-02-25,4795.53,2.8,115.08,4910.61,MGR017,2023-02-25 12:00:00
TXN00002844,EMP0044,Engineering,Senior Dev,2023-02-25,7801.12,3.4,232.75,8033.86,MGR013,2023-02-25 09:00:00
TXN00002845,EMP0045,Sales,Regional Director,2023-02-25,15087.19,0.0,0.0,15087.19,MGR009,2023-02-25 17:00:00
TXN00002846,EMP0046,Engineering,Engineering Manager,2023-02-25,9386.42,0.0,0.0,9386.42,MGR013,2023-02-25 13:00:00
TXN00002847,EMP0047,HR,HR Specialist,2023-02-25,6140.56,4.4,231.78,6372.34,MGR014,2023-02-25 09:00:00
TXN00002848,EMP0048,Marketing,Marketing Manager,2023-02-25,11348.61,0.0,0.0,11348.61,MGR019,2023-02-25 16:00:00
TXN00002849,EMP0049,Operations,Operations Manager,2023-02-25,10413.0,0.0,0.0,10413.0,MGR019,2023-02-25 08:00:00
TXN00002850,EMP0050,Operations,Operations Manager,2023-02-25,8475.73,0.0,0.0,8475.73,MGR019,2023-02-25 10:00:00
TXN00002851,EMP0051,Operations,Operations Lead,2023-02-25,8038.62,0.7,47.04,8085.66,MGR019,2023-02-25 11:00:00
TXN00002852,EMP0052,Marketing,Marketing Specialist,2023-02-25,5324.96,0.0,0.0,5324.96,MGR019,2023-02-25 16:00:00
TXN00002853,EMP0053,Finance,Analyst,2023-02-25,5776.99,0.0,0.0,5776.99,MGR017,2023-02-25 08:00:00
TXN00002854,EMP0054,Operations,Operations Lead,2023-02-25,9246.61,1.1,85.95,9332.57,MGR019,2023-02-25 14:00:00
TXN00002855,EMP0055,Sales,Sales Rep,2023-02-25,4055.4,4.2,148.71,4204.1,MGR009,2023-02-25 09:00:00
TXN00002856,EMP0056,Marketing,Marketing Manager,2023-02-25,9397.26,0.0,0.0,9397.26,MGR019,2023-02-25 15:00:00
TXN00002857,EMP0057,HR,HR Coord,2023-02-25,4940.74,0.1,5.28,4946.03,MGR014,2023-02-25 12:00:00
TXN00002858,EMP0058,Marketing,Marketing Coord,2023-02-25,4632.85,1.9,76.03,4708.88,MGR019,2023-02-25 12:00:00
TXN00002859,EMP0059,HR,HR Coord,2023-02-25,4391.67,12.5,476.23,4867.9,MGR014,2023-02-25 13:00:00
TXN00002860,EMP0060,Marketing,Marketing Specialist,2023-02-25,6353.27,0.4,23.04,6376.3,MGR019,2023-02-25 09:00:00
TXN00002861,EMP0061,Engineering,Tech Lead,2023-02-25,10811.75,0.0,0.0,10811.75,MGR013,2023-02-25 16:00:00
TXN00002862,EMP0062,Sales,Sales Rep,2023-02-25,4176.52,4.4,158.91,4335.43,MGR009,2023-02-25 15:00:00
TXN00002863,EMP0063,HR,HR Coord,2023-02-25,3739.19,2.5,80.9,3820.09,MGR014,2023-02-25 08:00:00
TXN00002864,EMP0064,Operations,Operations Lead,2023-02-25,10674.03,0.1,9.71,10683.74,MGR019,2023-02-25 13:00:00
TXN00002865,EMP0065,HR,HR Coord,2023-02-25,3485.37,5.1,153.5,3638.87,MGR014,2023-02-25 11:00:00
TXN00002866,EMP0066,Operations,Operations Lead,2023-02-25,8672.28,0.0,0.0,8672.28,MGR019,2023-02-25 12:00:00
TXN00002867,EMP0067,Sales,Sales Manager,2023-02-25,8948.71,0.0,0.0,8948.71,MGR009,2023-02-25 17:00:00
TXN00002868,EMP0068,HR,HR Specialist,2023-02-25,6299.01,0.0,0.0,6299.01,MGR014,2023-02-25 12:00:00
TXN00002869,EMP0069,HR,HR Manager,2023-02-25,10795.65,0.0,0.0,10795.65,MGR014,2023-02-25 17:00:00
TXN00002870,EMP0070,Sales,Sales Manager,2023-02-25,10977.25,0.0,0.0,10977.25,MGR009,2023-02-25 11:00:00
TXN00002871,EMP0071,Operations,Operations Manager,2023-02-25,11742.36,0.0,0.0,11742.36,MGR019,2023-02-25 15:00:00
TXN00002872,EMP0072,Finance,Controller,2023-02-25,11907.85,0.0,0.0,11907.85,MGR017,2023-02-25 13:00:00
TXN00002873,EMP0073,Sales,Senior Sales,2023-02-25,6441.24,0.0,0.0,6441.24,MGR009,2023-02-25 17:00:00
TXN00002874,EMP0074,Marketing,Marketing Coord,2023-02-25,4266.93,1.4,50.03,4316.96,MGR019,2023-02-25 15:00:00
TXN00002875,EMP0075,HR,HR Coord,2023-02-25,3464.27,0.0,0.0,3464.27,MGR014,2023-02-25 11:00:00
TXN00002876,EMP0076,Sales,Sales Rep,2023-02-25,4965.61,1.2,52.05,5017.65,MGR009,2023-02-25 16:00:00
TXN00002877,EMP0077,Operations,Operations Manager,2023-02-25,9171.93,0.0,0.0,9171.93,MGR019,2023-02-25 11:00:00
TXN00002878,EMP0078,Sales,Sales Rep,2023-02-25,5064.91,0.0,0.0,5064.91,MGR009,2023-02-25 10:00:00
TXN00002879,EMP0079,Marketing,Marketing Coord,2023-02-25,4532.56,0.0,0.0,4532.56,MGR019,2023-02-25 08:00:00
TXN00002880,EMP0080,Sales,Sales Manager,2023-02-25,9838.75,0.0,0.0,9838.75,MGR009,2023-02-25 14:00:00
TXN00002881,EMP0081,Finance,Senior Analyst,2023-02-25,6995.72,0.0,0.0,6995.72,MGR017,2023-02-25 08:00:00
TXN00002882,EMP0082,Sales,Regional Director,2023-02-25,14093.38,1.5,179.19,14272.58,MGR009,2023-02-25 11:00:00
TXN00002883,EMP0083,Finance,Controller,2023-02-25,11415.72,0.0,0.0,11415.72,MGR017,2023-02-25 16:00:00
TXN00002884,EMP0084,Engineering,Junior Dev,2023-02-25,4337.7,1.1,40.89,4378.59,MGR013,2023-02-25 13:00:00
TXN00002885,EMP0085,Finance,Finance Manager,2023-02-25,8923.43,0.0,0.0,8923.43,MGR017,2023-02-25 08:00:00
TXN00002886,EMP0086,Finance,Controller,2023-02-25,12270.85,0.0,0.0,12270.85,MGR017,2023-02-25 13:00:00
TXN00002887,EMP0087,Engineering,Junior Dev,2023-02-25,4674.43,3.8,153.48,4827.9,MGR013,2023-02-25 08:00:00
TXN00002888,EMP0088,Finance,Finance Manager,2023-02-25,10604.43,0.0,0.0,10604.43,MGR017,2023-02-25 14:00:00
TXN00002889,EMP0089,Sales,Senior Sales,2023-02-25,7486.15,4.9,314.59,7800.75,MGR009,2023-02-25 12:00:00
TXN00002890,EMP0090,HR,HR Specialist,2023-02-25,6199.09,6.1,327.77,6526.87,MGR014,2023-02-25 09:00:00
TXN00002891,EMP0091,Finance,Senior Analyst,2023-02-25,6591.18,8.9,504.88,7096.06,MGR017,2023-02-25 11:00:00
TXN00002892,EMP0092,Finance,Senior Analyst,2023-02-25,8736.74,1.2,89.56,8826.3,MGR017,2023-02-25 16:00:00
TXN00002893,EMP0093,Finance,Analyst,2023-02-25,4894.09,0.0,0.0,4894.09,MGR017,2023-02-25 11:00:00
TXN00002894,EMP0094,Operations,Operations Manager,2023-02-25,11594.89,0.0,0.0,11594.89,MGR019,2023-02-25 14:00:00
TXN00002895,EMP0095,Engineering,Senior Dev,2023-02-25,7052.01,4.1,248.3,7300.31,MGR013,2023-02-25 15:00:00
TXN00002896,EMP0096,Finance,Controller,2023-02-25,11717.78,0.0,0.0,11717.78,MGR017,2023-02-25 08:00:00
TXN00002897,EMP0097,Sales,Regional Director,2023-02-25,15462.52,0.2,24.18,15486.7,MGR009,2023-02-25 10:00:00
TXN00002898,EMP0098,Sales,Regional Director,2023-02-25,12561.59,1.9,209.71,12771.29,MGR009,2023-02-25 12:00:00
TXN00002899,EMP0099,Finance,Finance Manager,2023-02-25,12220.41,0.0,0.0,12220.41,MGR017,2023-02-25 09:00:00
TXN00002900,EMP0100,Marketing,Marketing Specialist,2023-02-25,6612.31,0.2,10.15,6622.45,MGR019,2023-02-25 08:00:00
TXN00002901,EMP0101,Operations,Operations Manager,2023-02-25,10528.67,0.0,0.0,10528.67,MGR019,2023-02-25 11:00:00
TXN00002902,EMP0102,Operations,Operations Lead,2023-02-25,8989.25,2.7,212.56,9201.82,MGR019,2023-02-25 16:00:00
TXN00002903,EMP0103,Sales,Sales Manager,2023-02-25,10360.5,0.0,0.0,10360.5,MGR009,2023-02-25 14:00:00
TXN00002904,EMP0104,Engineering,Junior Dev,2023-02-25,4175.23,0.0,0.0,4175.23,MGR013,2023-02-25 13:00:00
TXN00002905,EMP0105,Engineering,Junior Dev,2023-02-25,3797.97,2.1,69.26,3867.23,MGR013,2023-02-25 15:00:00
TXN00002906,EMP0106,Finance,Senior Analyst,2023-02-25,7469.34,3.5,228.19,7697.53,MGR017,2023-02-25 09:00:00
TXN00002907,EMP0107,HR,HR Coord,2023-02-25,4211.49,0.1,4.28,4215.77,MGR014,2023-02-25 17:00:00
TXN00002908,EMP0108,Engineering,Junior Dev,2023-02-25,5017.19,11.6,503.4,5520.59,MGR013,2023-02-25 09:00:00
TXN00002909,EMP0109,Sales,Regional Director,2023-02-25,13192.84,2.1,238.74,13431.58,MGR009,2023-02-25 16:00:00
TXN00002910,EMP0110,HR,HR Coord,2023-02-25,4615.95,0.0,0.0,4615.95,MGR014,2023-02-25 10:00:00
TXN00002911,EMP0111,HR,HR Coord,2023-02-25,4364.79,0.0,0.0,4364.79,MGR014,2023-02-25 14:00:00
TXN00002912,EMP0112,Engineering,Engineering Manager,2023-02-25,8883.38,0.0,0.0,8883.38,MGR013,2023-02-25 09:00:00
TXN00002913,EMP0113,HR,HR Manager,2023-02-25,9372.03,0.0,0.0,9372.03,MGR014,2023-02-25 17:00:00
TXN00002914,EMP0114,Marketing,Marketing Specialist,2023-02-25,6390.94,1.9,106.95,6497.89,MGR019,2023-02-25 17:00:00
TXN00002915,EMP0115,Operations,Operations Manager,2023-02-25,11983.42,0.0,0.0,11983.42,MGR019,2023-02-25 08:00:00
TXN00002916,EMP0116,Sales,Sales Manager,2023-02-25,11442.95,0.0,0.0,11442.95,MGR009,2023-02-25 14:00:00
TXN00002917,EMP0117,Sales,Sales Manager,2023-02-25,10673.75,0.0,0.0,10673.75,MGR009,2023-02-25 10:00:00
TXN00002918,EMP0118,Marketing,Marketing Coord,2023-02-25,3852.51,0.2,7.12,3859.63,MGR019,2023-02-25 11:00:00
TXN00002919,EMP0119,Finance,Analyst,2023-02-25,4641.47,1.6,65.05,4706.52,MGR017,2023-02-25 12:00:00
TXN00002920,EMP0120,HR,HR Coord,2023-02-25,4188.6,0.0,0.0,4188.6,MGR014,2023-02-25 12:00:00
TXN00002921,EMP0121,Marketing,Marketing Coord,2023-02-25,5185.24,5.3,235.76,5421.01,MGR019,2023-02-25 13:00:00
TXN00002922,EMP0122,Engineering,Senior Dev,2023-02-25,7953.97,0.2,11.6,7965.56,MGR013,2023-02-25 14:00:00
TXN00002923,EMP0123,Marketing,Marketing Coord,2023-02-25,3855.55,0.0,0.0,3855.55,MGR019,2023-02-25 13:00:00
TXN00002924,EMP0124,HR,HR Manager,2023-02-25,11224.71,0.0,0.0,11224.71,MGR014,2023-02-25 13:00:00
TXN00002925,EMP0125,HR,HR Manager,2023-02-25,12873.62,0.0,0.0,12873.62,MGR014,2023-02-25 15:00:00
TXN00002926,EMP0126,Engineering,Tech Lead,2023-02-25,8476.43,0.0,0.0,8476.43,MGR013,2023-02-25 12:00:00
TXN00002927,EMP0127,Engineering,Senior Dev,2023-02-25,7780.49,0.6,43.23,7823.72,MGR013,2023-02-25 11:00:00
TXN00002928,EMP0128,Engineering,Junior Dev,2023-02-25,4229.37,1.1,38.83,4268.2,MGR013,2023-02-25 09:00:00
TXN00002929,EMP0129,Sales,Sales Manager,2023-02-25,12272.22,0.0,0.0,12272.22,MGR009,2023-02-25 11:00:00
TXN00002930,EMP0130,HR,HR Coord,2023-02-25,4070.73,0.8,27.28,4098.0,MGR014,2023-02-25 10:00:00
TXN00002931,EMP0131,Marketing,Marketing Coord,2023-02-25,4717.41,1.2,49.55,4766.95,MGR019,2023-02-25 17:00:00
TXN00002932,EMP0132,Operations,Operations Lead,2023-02-25,8194.28,0.0,0.0,8194.28,MGR019,2023-02-25 09:00:00
TXN00002933,EMP0133,Finance,Finance Manager,2023-02-25,12169.82,0.0,0.0,12169.82,MGR017,2023-02-25 10:00:00
TXN00002934,EMP0134,Engineering,Engineering Manager,2023-02-25,11431.86,0.0,0.0,11431.86,MGR013,2023-02-25 09:00:00
TXN00002935,EMP0135,Engineering,Junior Dev,2023-02-25,4439.85,0.0,0.0,4439.85,MGR013,2023-02-25 10:00:00
TXN00002936,EMP0136,Sales,Sales Manager,2023-02-25,12130.79,0.0,0.0,12130.79,MGR009,2023-02-25 15:00:00
TXN00002937,EMP0137,Operations,Operations Lead,2023-02-25,11085.71,0.0,0.0,11085.71,MGR019,2023-02-25 15:00:00
TXN00002938,EMP0138,Operations,Operations Lead,2023-02-25,9145.04,0.3,24.14,9169.18,MGR019,2023-02-25 13:00:00
TXN00002939,EMP0139,Engineering,Junior Dev,2023-02-25,5400.48,61.20768061348755,2860.5362451882165,8261.016245188217,MGR013,2023-02-25 14:00:00
TXN00002940,EMP0140,Operations,Operations Analyst,2023-02-25,5845.28,0.6,30.91,5876.2,MGR019,2023-02-25 09:00:00
TXN00002941,EMP0141,Engineering,Tech Lead,2023-02-25,9965.7,0.0,0.0,9965.7,MGR013,2023-02-25 16:00:00
TXN00002942,EMP0142,HR,HR Coord,2023-02-25,3825.33,0.1,2.19,3827.53,MGR014,2023-02-25 13:00:00
TXN00002943,EMP0143,Sales,Sales Rep,2023-02-25,4482.67,0.0,0.0,4482.67,MGR009,2023-02-25 11:00:00
TXN00002944,EMP0144,Marketing,Marketing Coord,2023-02-25,4099.11,1.9,67.11,4166.21,MGR019,2023-02-25 15:00:00
TXN00002945,EMP0145,Sales,Senior Sales,2023-02-25,6775.07,1.7,98.36,6873.44,MGR009,2023-02-25 12:00:00
TXN00002946,EMP0146,Engineering,Tech Lead,2023-02-25,7593.55,0.0,0.0,7593.55,MGR013,2023-02-25 15:00:00
TXN00002947,EMP0147,Finance,Senior Analyst,2023-02-25,7749.31,4.6,307.85,8057.16,MGR017,2023-02-25 12:00:00
TXN00002948,EMP0148,Sales,Senior Sales,2023-02-25,6368.3,4.3,237.25,6605.56,MGR009,2023-02-25 09:00:00
TXN00002949,EMP0149,Engineering,Senior Dev,2023-02-25,7545.98,0.0,0.0,7545.98,MGR013,2023-02-25 09:00:00
TXN00002950,EMP0150,Finance,Senior Analyst,2023-02-25,7169.19,2.3,142.74,7311.93,MGR017,2023-02-25 10:00:00
TXN00002951,EMP0151,Sales,Sales Rep,2023-02-25,3988.07,1.5,51.04,4039.11,MGR009,2023-02-25 12:00:00
TXN00002952,EMP0152,Engineering,Engineering Manager,2023-02-25,10752.42,0.0,0.0,10752.42,MGR013,2023-02-25 17:00:00
TXN00002953,EMP0153,Sales,Regional Director,2023-02-25,15937.52,0.0,0.0,15937.52,MGR009,2023-02-25 08:00:00
TXN00002954,EMP0154,Marketing,Marketing Coord,2023-02-25,4071.82,2.9,100.92,8345.48,MGR019,2023-02-25 11:00:00
TXN00002955,EMP0155,Engineering,Senior Dev,2023-02-25,7631.91,0.0,0.0,7631.91,MGR013,2023-02-25 13:00:00
TXN00002956,EMP0156,Marketing,Marketing Specialist,2023-02-25,5341.01,0.0,0.0,5341.01,MGR019,2023-02-25 10:00:00
TXN00002957,EMP0157,Marketing,Marketing Specialist,2023-02-25,5319.42,1.8,83.27,5402.7,MGR019,2023-02-25 09:00:00
TXN00002958,EMP0158,HR,HR Specialist,2023-02-25,6403.6,9.6,530.51,6934.1,MGR014,2023-02-25 11:00:00
TXN00002959,EMP0159,HR,HR Specialist,2023-02-25,5325.04,2.6,119.87,5444.91,MGR014,2023-02-25 13:00:00
TXN00002960,EMP0160,Engineering,Tech Lead,2023-02-25,8027.45,0.0,0.0,8027.45,MGR013,2023-02-25 14:00:00
TXN00002961,EMP0161,HR,HR Specialist,2023-02-25,6441.583136469865,1.0,50.21,6491.793136469865,MGR014,2023-02-25 16:00:00
TXN00002962,EMP0162,Engineering,Engineering Manager,2023-02-25,10741.56,0.0,0.0,10741.56,MGR013,2023-02-25 08:00:00
TXN00002963,EMP0163,Operations,Operations Lead,2023-02-25,10681.51,2.6,239.6,10921.11,MGR019,2023-02-25 12:00:00
TXN00002964,EMP0164,HR,HR Manager,2023-02-25,10759.08,0.0,0.0,10759.08,MGR014,2023-02-25 12:00:00
TXN00002965,EMP0165,Finance,Senior Analyst,2023-02-25,6822.06,2.1,126.51,6948.57,MGR017,2023-02-25 10:00:00
TXN00002966,EMP0166,Engineering,Engineering Manager,2023-02-25,10329.97,0.0,0.0,10329.97,MGR013,2023-02-25 08:00:00
TXN00002967,EMP0167,HR,HR Manager,2023-02-25,8443.36,0.0,0.0,8443.36,MGR014,2023-02-25 14:00:00
TXN00002968,EMP0168,Operations,Operations Manager,2023-02-25,8507.85,0.0,0.0,8507.85,MGR019,2023-02-25 15:00:00
TXN00002969,EMP0169,Sales,Sales Manager,2023-02-25,12001.08,0.0,0.0,12001.08,MGR009,2023-02-25 16:00:00
TXN00002970,EMP0170,Engineering,Tech Lead,2023-02-25,8739.09,0.0,0.0,8739.09,MGR013,2023-02-25 16:00:00
TXN00002971,EMP0171,Marketing,Marketing Manager,2023-02-25,10355.85,0.0,0.0,10355.85,MGR019,2023-02-25 11:00:00
TXN00002972,EMP0172,Operations,Operations Lead,2023-02-25,8203.79,0.0,0.0,8203.79,MGR019,2023-02-25 09:00:00
TXN00002973,EMP0173,Marketing,Marketing Manager,2023-02-25,10216.3,0.0,0.0,10216.3,MGR019,2023-02-25 15:00:00
TXN00002974,EMP0174,Marketing,Marketing Specialist,2023-02-25,5657.52,0.0,0.0,5657.52,MGR019,2023-02-25 09:00:00
TXN00002975,EMP0175,Marketing,Marketing Manager,2023-02-25,10147.26,0.0,0.0,10147.26,MGR019,2023-02-25 10:00:00
TXN00002976,EMP0176,Sales,Regional Director,2023-02-25,14435.8,0.0,0.0,14435.8,MGR009,2023-02-25 09:00:00
TXN00002977,EMP0177,Finance,Senior Analyst,2023-02-25,7282.5,0.0,2.7,7285.21,MGR017,2023-02-25 08:00:00
TXN00002978,EMP0178,HR,HR Specialist,2023-02-25,4991.01,1.8,77.45,5068.46,MGR014,2023-02-25 08:00:00
TXN00002979,EMP0179,HR,HR Coord,2023-02-25,3544.49,4.0,121.57,3666.06,MGR014,2023-02-25 11:00:00
TXN00002980,EMP0180,Marketing,Marketing Coord,2023-02-25,4740.4,0.0,0.0,4740.4,MGR019,2023-02-25 10:00:00
TXN00002981,EMP0181,HR,HR Manager,2023-02-25,10222.67,0.0,0.0,10222.67,MGR014,2023-02-25 11:00:00
TXN00002982,EMP0182,Marketing,Marketing Specialist,2023-02-25,5600.16,1.6,75.64,5675.8,MGR019,2023-02-25 14:00:00
TXN00002983,EMP0183,Finance,Senior Analyst,2023-02-25,8022.91,11.4,789.89,8812.8,MGR017,2023-02-25 13:00:00
TXN00002984,EMP0184,Finance,Senior Analyst,2023-02-25,8944.23,0.0,0.0,8944.23,MGR017,2023-02-25 09:00:00
TXN00002985,EMP0185,Engineering,Tech Lead,2023-02-25,8023.94,0.0,0.0,8023.94,MGR013,2023-02-25 17:00:00
TXN00002986,EMP0186,Operations,Operations Manager,2023-02-25,8678.83,0.0,0.0,8678.83,MGR019,2023-02-25 17:00:00
TXN00002987,EMP0187,Marketing,Marketing Coord,2023-02-25,3689.3,2.4,75.17,3764.47,MGR019,2023-02-25 12:00:00
TXN00002988,EMP0188,Operations,Operations Lead,2023-02-25,7854.94,2.2,147.63,8002.58,MGR019,2023-02-25 09:00:00
TXN00002989,EMP0189,Sales,Senior Sales,2023-02-25,7604.22,0.0,0.0,7604.22,MGR009,2023-02-25 08:00:00
TXN00002990,EMP0190,Engineering,Senior Dev,2023-02-25,7679.73,1.4,92.43,7772.16,MGR013,2023-02-25 09:00:00
TXN00002991,EMP0191,HR,HR Coord,2023-02-25,3730.25,0.0,0.0,3730.25,MGR014,2023-02-25 11:00:00
TXN00002992,EMP0192,Finance,Senior Analyst,2023-02-25,8043.48,1.5,101.35,8144.83,MGR017,2023-02-25 15:00:00
TXN00002993,EMP0193,Operations,Operations Lead,2023-02-25,10249.22,1.7,150.42,10399.64,MGR019,2023-02-25 10:00:00
TXN00002994,EMP0194,Finance,Senior Analyst,2023-02-25,6496.16,0.0,0.0,6496.16,MGR017,2023-02-25 09:00:00
TXN00002995,EMP0195,Operations,Operations Manager,2023-02-25,11904.32,0.0,0.0,11904.32,MGR019,2023-02-25 13:00:00
TXN00002996,EMP0196,Engineering,Engineering Manager,2023-02-25,12006.46,0.0,0.0,12006.46,MGR013,2023-02-25 09:00:00
TXN00002997,EMP0197,Sales,Regional Director,2023-02-25,13496.4,61.68601667851737,7204.665768749495,20701.065768749497,MGR009,2023-02-25 08:00:00
TXN00002998,EMP0198,HR,HR Coord,2023-02-25,4323.24,0.8,28.52,4351.76,MGR014,2023-02-25 15:00:00
TXN00002999,EMP0199,Finance,Senior Analyst,2023-02-25,7877.94,0.9,61.82,7939.76,MGR017,2023-02-25 08:00:00
TXN00003000,EMP0200,Operations,Operations Manager,2023-02-25,11749.49,0.0,0.0,11749.49,MGR019,2023-02-25 10:00:00
TXN00003001,EMP0001,Operations,Operations Analyst,2023-03-27,5509.53,1.8,84.35,5593.89,MGR019,2023-03-27 17:00:00
TXN00003002,EMP0002,Operations,Operations Lead,2023-03-27,9841.05,0.0,0.0,9841.05,MGR019,2023-03-27 14:00:00
TXN00003003,EMP0003,Sales,Senior Sales,2023-03-27,6221.04,6.0,321.55,6542.59,MGR009,2023-03-27 14:00:00
TXN00003004,EMP0004,Operations,Operations Manager,2023-03-27,9555.93,0.0,0.0,9555.93,MGR019,2023-03-27 15:00:00
TXN00003005,EMP0005,Engineering,Engineering Manager,2023-03-27,11100.7,0.0,0.0,11100.7,MGR013,2023-03-27 08:00:00
TXN00003006,EMP0006,Engineering,Junior Dev,2023-03-27,4351.95,3.8,143.03,4494.98,MGR013,2023-03-27 14:00:00
TXN00003007,EMP0007,Sales,Sales Rep,2023-03-27,4859.16,0.3,12.24,4871.4,MGR009,2023-03-27 14:00:00
TXN00003008,EMP0008,Sales,Regional Director,2023-03-27,11731.85,1.5,152.8,11884.64,MGR009,2023-03-27 10:00:00
TXN00003009,EMP0009,Finance,Finance Manager,2023-03-27,9764.7,0.0,0.0,9764.7,MGR017,2023-03-27 13:00:00
TXN00003010,EMP0010,Sales,Regional Director,2023-03-27,12894.02,10.2,1139.23,14033.25,MGR009,2023-03-27 11:00:00
TXN00003011,EMP0011,Marketing,Marketing Coord,2023-03-27,4135.09,0.0,0.0,4135.09,MGR019,2023-03-27 10:00:00
TXN00003012,EMP0012,Marketing,Marketing Coord,2023-03-27,3799.77,1.3,42.2,3841.97,MGR019,2023-03-27 12:00:00
TXN00003013,EMP0013,Finance,Analyst,2023-03-27,5381.41,0.0,0.0,5381.41,MGR017,2023-03-27 12:00:00
TXN00003014,EMP0014,Marketing,Marketing Manager,2023-03-27,9388.76,0.0,0.0,9388.76,MGR019,2023-03-27 15:00:00
TXN00003015,EMP0015,Engineering,Engineering Manager,2023-03-27,10337.47,0.0,0.0,10337.47,MGR013,2023-03-27 10:00:00
TXN00003016,EMP0016,Engineering,Engineering Manager,2023-03-27,10474.68,0.0,0.0,10474.68,MGR013,2023-03-27 08:00:00
TXN00003017,EMP0017,HR,HR Specialist,2023-03-27,5395.52,4.0,186.81,5582.32,MGR014,2023-03-27 17:00:00
TXN00003018,EMP0018,HR,HR Specialist,2023-03-27,6806.67,0.2,8.93,6815.6,MGR014,2023-03-27 17:00:00
TXN00003019,EMP0019,Sales,Sales Rep,2023-03-27,4156.24,1.3,47.06,4203.3,MGR009,2023-03-27 17:00:00
TXN00003020,EMP0020,Operations,Operations Analyst,2023-03-27,5491.77,2.0,96.29,5588.06,MGR019,2023-03-27 11:00:00
TXN00003021,EMP0021,Engineering,Senior Dev,2023-03-27,6337.25,0.6,35.13,6372.38,MGR013,2023-03-27 12:00:00
TXN00003022,EMP0022,Finance,Finance Manager,2023-03-27,9664.68,0.0,0.0,9664.68,MGR017,2023-03-27 15:00:00
TXN00003023,EMP0023,Operations,Operations Lead,2023-03-27,8677.93,1.8,132.53,8810.46,MGR019,2023-03-27 14:00:00
TXN00003024,EMP0024,Marketing,Marketing Specialist,2023-03-27,5327.61,12.3,566.36,5893.98,MGR019,2023-03-27 16:00:00
TXN00003025,EMP0025,Operations,Operations Lead,2023-03-27,8975.51,3.4,266.44,9241.96,MGR019,2023-03-27 15:00:00
TXN00003026,EMP0026,Operations,Operations Manager,2023-03-27,12600.78,0.0,0.0,12600.78,MGR019,2023-03-27 08:00:00
TXN00003027,EMP0027,HR,HR Manager,2023-03-27,13014.25,0.0,0.0,13014.25,MGR014,2023-03-27 09:00:00
TXN00003028,EMP0028,HR,HR Manager,2023-03-27,11875.28,0.0,0.0,11875.28,MGR014,2023-03-27 12:00:00
TXN00003029,EMP0029,Sales,Regional Director,2023-03-27,11348.67,4.0,396.41,11745.08,MGR009,2023-03-27 14:00:00
TXN00003030,EMP0030,Marketing,Marketing Manager,2023-03-27,8684.42,0.0,0.0,8684.42,MGR019,2023-03-27 10:00:00
TXN00003031,EMP0031,HR,HR Coord,2023-03-27,3891.72,5.6,187.59,4079.31,MGR014,2023-03-27 14:00:00
TXN00003032,EMP0032,Marketing,Marketing Coord,2023-03-27,4484.93,0.7,28.57,4513.5,MGR019,2023-03-27 11:00:00
TXN00003033,EMP0033,Engineering,Tech Lead,2023-03-27,8587.39,0.0,0.0,8587.39,MGR013,2023-03-27 16:00:00
TXN00003034,EMP0034,Marketing,Marketing Coord,2023-03-27,3850.71,9.2,306.33,4157.04,MGR019,2023-03-27 11:00:00
TXN00003035,EMP0035,HR,HR Manager,2023-03-27,9869.11,0.0,0.0,9869.11,MGR014,2023-03-27 16:00:00
TXN00003036,EMP0036,Sales,Regional Director,2023-03-27,14237.79,2.9,357.88,14595.67,MGR009,2023-03-27 08:00:00
TXN00003037,EMP0037,Operations,Operations Lead,2023-03-27,8275.66,0.4,28.85,8304.51,MGR019,2023-03-27 14:00:00
TXN00003038,EMP0038,Marketing,Marketing Coord,2023-03-27,4547.26,0.8,32.2,4579.46,MGR019,2023-03-27 13:00:00
TXN00003039,EMP0039,Operations,Operations Manager,2023-03-27,10954.57,0.0,0.0,10954.57,MGR019,2023-03-27 15:00:00
TXN00003040,EMP0040,Marketing,Marketing Manager,2023-03-27,9598.62,0.0,0.0,9598.62,MGR019,2023-03-27 16:00:00
TXN00003041,EMP0041,Finance,Controller,2023-03-27,13631.32,0.0,0.0,13631.32,MGR017,2023-03-27 15:00:00
TXN00003042,EMP0042,Sales,Senior Sales,2023-03-27,6548.4,1.4,77.66,6626.06,MGR009,2023-03-27 13:00:00
TXN00003043,EMP0043,Finance,Analyst,2023-03-27,4795.53,11.2,466.74,5262.27,MGR017,2023-03-27 17:00:00
TXN00003044,EMP0044,Engineering,Senior Dev,2023-03-27,7801.12,0.0,0.0,7801.12,MGR013,2023-03-27 16:00:00
TXN00003045,EMP0045,Sales,Regional Director,2023-03-27,15087.19,0.0,0.0,15087.19,MGR009,2023-03-27 13:00:00
TXN00003046,EMP0046,Engineering,Engineering Manager,2023-03-27,9386.42,0.0,0.0,9386.42,MGR013,2023-03-27 14:00:00
TXN00003047,EMP0047,HR,HR Specialist,2023-03-27,6140.56,0.9,49.47,6190.03,MGR014,2023-03-27 12:00:00
TXN00003048,EMP0048,Marketing,Marketing Manager,2023-03-27,11348.61,0.0,0.0,11348.61,MGR019,2023-03-27 10:00:00
TXN00003049,EMP0049,Operations,Operations Manager,2023-03-27,10413.0,0.0,0.0,10413.0,MGR019,2023-03-27 08:00:00
TXN00003050,EMP0050,Operations,Operations Manager,2023-03-27,8475.73,0.0,0.0,8475.73,MGR019,2023-03-27 13:00:00
TXN00003051,EMP0051,Operations,Operations Lead,2023-03-27,8038.62,3.5,242.57,8281.19,MGR019,2023-03-27 17:00:00
TXN00003052,EMP0052,Marketing,Marketing Specialist,2023-03-27,5324.96,0.2,8.69,5333.65,MGR019,2023-03-27 11:00:00
TXN00003053,EMP0053,Finance,Analyst,2023-03-27,5776.99,0.0,0.0,5776.99,MGR017,2023-03-27 08:00:00
TXN00003054,EMP0054,Operations,Operations Lead,2023-03-27,9246.61,1.6,126.33,9372.94,MGR019,2023-03-27 12:00:00
TXN00003055,EMP0055,Sales,Sales Rep,2023-03-27,4055.4,3.5,124.46,4179.86,MGR009,2023-03-27 08:00:00
TXN00003056,EMP0056,Marketing,Marketing Manager,2023-03-27,9397.26,0.0,0.0,9397.26,MGR019,2023-03-27 15:00:00
TXN00003057,EMP0057,HR,HR Coord,2023-03-27,4940.74,5.0,214.12,5154.87,MGR014,2023-03-27 16:00:00
TXN00003058,EMP0058,Marketing,Marketing Coord,2023-03-27,4632.85,1.8,71.1,4703.95,MGR019,2023-03-27 13:00:00
TXN00003059,EMP0059,HR,HR Coord,2023-03-27,4391.67,0.0,0.0,4391.67,MGR014,2023-03-27 17:00:00
TXN00003060,EMP0060,Marketing,Marketing Specialist,2023-03-27,6353.27,13.1,721.05,7074.31,MGR019,2023-03-27 11:00:00
TXN00003061,EMP0061,Engineering,Tech Lead,2023-03-27,10811.75,0.0,0.0,10811.75,MGR013,2023-03-27 10:00:00
TXN00003062,EMP0062,Sales,Sales Rep,2023-03-27,4176.52,3.3,117.72,4294.23,MGR009,2023-03-27 09:00:00
TXN00003063,EMP0063,HR,HR Coord,2023-03-27,3739.19,7.4,239.41,3978.6,MGR014,2023-03-27 11:00:00
TXN00003064,EMP0064,Operations,Operations Lead,2023-03-27,10674.03,4.2,386.16,11060.19,MGR019,2023-03-27 11:00:00
TXN00003065,EMP0065,HR,HR Coord,2023-03-27,3485.37,1.0,29.06,3514.43,MGR014,2023-03-27 12:00:00
TXN00003066,EMP0066,Operations,Operations Lead,2023-03-27,8672.28,1.2,91.44,8763.72,MGR019,2023-03-27 16:00:00
TXN00003067,EMP0067,Sales,Sales Manager,2023-03-27,8948.71,0.0,0.0,8948.71,MGR009,2023-03-27 08:00:00
TXN00003068,EMP0068,HR,HR Specialist,2023-03-27,6299.01,3.0,163.36,6462.37,MGR014,2023-03-27 11:00:00
TXN00003069,EMP0069,HR,HR Manager,2023-03-27,10795.65,0.0,0.0,10795.65,MGR014,2023-03-27 17:00:00
TXN00003070,EMP0070,Sales,Sales Manager,2023-03-27,10977.25,0.0,0.0,10977.25,MGR009,2023-03-27 14:00:00
TXN00003071,EMP0071,Operations,Operations Manager,2023-03-27,11742.36,0.0,0.0,11742.36,MGR019,2023-03-27 13:00:00
TXN00003072,EMP0072,Finance,Controller,2023-03-27,11907.85,0.0,0.0,11907.85,MGR017,2023-03-27 10:00:00
TXN00003073,EMP0073,Sales,Senior Sales,2023-03-27,6441.24,1.2,65.18,6506.43,MGR009,2023-03-27 10:00:00
TXN00003074,EMP0074,Marketing,Marketing Coord,2023-03-27,4266.93,1.9,69.08,4336.01,MGR019,2023-03-27 11:00:00
TXN00003075,EMP0075,HR,HR Coord,2023-03-27,3464.27,7.9,236.32,3700.59,MGR014,2023-03-27 17:00:00
TXN00003076,EMP0076,Sales,Sales Rep,2023-03-27,4965.61,0.0,0.0,4965.61,MGR009,2023-03-27 13:00:00
TXN00003077,EMP0077,Operations,Operations Manager,2023-03-27,9171.93,0.0,0.0,9171.93,MGR019,2023-03-27 13:00:00
TXN00003078,EMP0078,Sales,Sales Rep,2023-03-27,5064.91,4.5,196.66,5261.56,MGR009,2023-03-27 17:00:00
TXN00003079,EMP0079,Marketing,Marketing Coord,2023-03-27,4532.56,0.0,0.0,4532.56,MGR019,2023-03-27 08:00:00
TXN00003080,EMP0080,Sales,Sales Manager,2023-03-27,9838.75,0.0,0.0,9838.75,MGR009,2023-03-27 13:00:00
TXN00003081,EMP0081,Finance,Senior Analyst,2023-03-27,6995.72,3.1,187.53,7183.26,MGR017,2023-03-27 17:00:00
TXN00003082,EMP0082,Sales,Regional Director,2023-03-27,14093.38,0.0,0.0,14093.38,MGR009,2023-03-27 17:00:00
TXN00003083,EMP0083,Finance,Controller,2023-03-27,11415.72,0.0,0.0,11415.72,MGR017,2023-03-27 10:00:00
TXN00003084,EMP0084,Engineering,Junior Dev,2023-03-27,4337.7,3.1,117.07,4454.78,MGR013,2023-03-27 17:00:00
TXN00003085,EMP0085,Finance,Finance Manager,2023-03-27,8923.43,0.0,0.0,8923.43,MGR017,2023-03-27 11:00:00
TXN00003086,EMP0086,Finance,Controller,2023-03-27,12270.85,0.0,0.0,12270.85,MGR017,2023-03-27 15:00:00
TXN00003087,EMP0087,Engineering,Junior Dev,2023-03-27,4674.43,3.1,123.63,4798.06,MGR013,2023-03-27 16:00:00
TXN00003088,EMP0088,Finance,Finance Manager,2023-03-27,10604.43,0.0,0.0,10604.43,MGR017,2023-03-27 12:00:00
TXN00003089,EMP0089,Sales,Senior Sales,2023-03-27,7486.15,2.4,153.23,7639.38,MGR009,2023-03-27 10:00:00
TXN00003090,EMP0090,HR,HR Specialist,2023-03-27,6199.09,3.5,189.34,6388.44,MGR014,2023-03-27 15:00:00
TXN00003091,EMP0091,Finance,Senior Analyst,2023-03-27,6591.18,0.0,0.0,6591.18,MGR017,2023-03-27 08:00:00
TXN00003092,EMP0092,Finance,Senior Analyst,2023-03-27,8736.74,0.3,24.99,8761.72,MGR017,2023-03-27 09:00:00
TXN00003093,EMP0093,Finance,Analyst,2023-03-27,4894.09,6.3,266.39,5160.48,MGR017,2023-03-27 08:00:00
TXN00003094,EMP0094,Operations,Operations Manager,2023-03-27,11594.89,0.0,0.0,11594.89,MGR019,2023-03-27 11:00:00
TXN00003095,EMP0095,Engineering,Senior Dev,2023-03-27,7052.01,3.1,191.97,7243.98,MGR013,2023-03-27 17:00:00
TXN00003096,EMP0096,Finance,Controller,2023-03-27,11717.78,0.0,0.0,11717.78,MGR017,2023-03-27 11:00:00
TXN00003097,EMP0097,Sales,Regional Director,2023-03-27,15462.52,0.0,0.0,15462.52,MGR009,2023-03-27 08:00:00
TXN00003098,EMP0098,Sales,Regional Director,2023-03-27,12561.59,0.0,0.0,12561.59,MGR009,2023-03-27 16:00:00
TXN00003099,EMP0099,Finance,Finance Manager,2023-03-27,12220.41,0.0,0.0,12220.41,MGR017,2023-03-27 15:00:00
TXN00003100,EMP0100,Marketing,Marketing Specialist,2023-03-27,6612.31,0.2,8.68,6620.99,MGR019,2023-03-27 08:00:00
TXN00003101,EMP0101,Operations,Operations Manager,2023-03-27,10528.67,0.0,0.0,10528.67,MGR019,2023-03-27 13:00:00
TXN00003102,EMP0102,Operations,Operations Lead,2023-03-27,8989.25,1.5,113.47,9102.72,MGR019,2023-03-27 17:00:00
TXN00003103,EMP0103,Sales,Sales Manager,2023-03-27,10360.5,0.0,0.0,10360.5,MGR009,2023-03-27 11:00:00
TXN00003104,EMP0104,Engineering,Junior Dev,2023-03-27,4175.23,5.4,195.29,4370.52,MGR013,2023-03-27 10:00:00
TXN00003105,EMP0105,Engineering,Junior Dev,2023-03-27,3797.97,0.0,0.0,3797.97,MGR013,2023-03-27 13:00:00
TXN00003106,EMP0106,Finance,Senior Analyst,2023-03-27,7469.34,4.0,258.2,7727.54,MGR017,2023-03-27 10:00:00
TXN00003107,EMP0107,HR,HR Coord,2023-03-27,4211.49,3.1,111.43,4322.93,MGR014,2023-03-27 13:00:00
TXN00003108,EMP0108,Engineering,Junior Dev,2023-03-27,5017.19,18.2,789.71,5806.9,MGR013,2023-03-27 08:00:00
TXN00003109,EMP0109,Sales,Regional Director,2023-03-27,13192.84,1.0,112.1,13304.94,MGR009,2023-03-27 08:00:00
TXN00003110,EMP0110,HR,HR Coord,2023-03-27,4615.95,0.0,0.0,4615.95,MGR014,2023-03-27 10:00:00
TXN00003111,EMP0111,HR,HR Coord,2023-03-27,4364.79,3.6,135.19,4499.98,MGR014,2023-03-27 17:00:00
TXN00003112,EMP0112,Engineering,Engineering Manager,2023-03-27,8883.38,0.0,0.0,8883.38,MGR013,2023-03-27 10:00:00
TXN00003113,EMP0113,HR,HR Manager,2023-03-27,9372.03,0.0,0.0,9372.03,MGR014,2023-03-27 09:00:00
TXN00003114,EMP0114,Marketing,Marketing Specialist,2023-03-27,6390.94,0.0,0.0,6390.94,MGR019,2023-03-27 16:00:00
TXN00003115,EMP0115,Operations,Operations Manager,2023-03-27,11983.42,0.0,0.0,11983.42,MGR019,2023-03-27 13:00:00
TXN00003116,EMP0116,Sales,Sales Manager,2023-03-27,11442.95,0.0,0.0,11442.95,MGR009,2023-03-27 09:00:00
TXN00003117,EMP0117,Sales,Sales Manager,2023-03-27,10673.75,0.0,0.0,10673.75,MGR009,2023-03-27 13:00:00
TXN00003118,EMP0118,Marketing,Marketing Coord,2023-03-27,3852.51,3.2,105.05,3957.56,MGR019,2023-03-27 14:00:00
TXN00003119,EMP0119,Finance,Analyst,2023-03-27,4641.47,0.0,0.0,4641.47,MGR017,2023-03-27 17:00:00
TXN00003120,EMP0120,HR,HR Coord,2023-03-27,4188.6,0.0,0.0,4188.6,MGR014,2023-03-27 09:00:00
TXN00003121,EMP0121,Marketing,Marketing Coord,2023-03-27,5185.24,0.1,5.49,5190.73,MGR019,2023-03-27 13:00:00
TXN00003122,EMP0122,Engineering,Senior Dev,2023-03-27,7953.97,5.3,361.57,8315.53,MGR013,2023-03-27 12:00:00
TXN00003123,EMP0123,Marketing,Marketing Coord,2023-03-27,3855.55,0.0,0.0,3855.55,MGR019,2023-03-27 13:00:00
TXN00003124,EMP0124,HR,HR Manager,2023-03-27,11224.71,0.0,0.0,11224.71,MGR014,2023-03-27 10:00:00
TXN00003125,EMP0125,HR,HR Manager,2023-03-27,12873.62,0.0,0.0,12873.62,MGR014,2023-03-27 10:00:00
TXN00003126,EMP0126,Engineering,Tech Lead,2023-03-27,8476.43,0.0,0.0,8476.43,MGR013,2023-03-27 14:00:00
TXN00003127,EMP0127,Engineering,Senior Dev,2023-03-27,7780.49,0.0,0.0,7780.49,MGR013,2023-03-27 15:00:00
TXN00003128,EMP0128,Engineering,Junior Dev,2023-03-27,4229.37,1.1,41.01,4270.38,MGR013,2023-03-27 13:00:00
TXN00003129,EMP0129,Sales,Sales Manager,2023-03-27,12272.22,0.0,0.0,12272.22,MGR009,2023-03-27 10:00:00
TXN00003130,EMP0130,HR,HR Coord,2023-03-27,4070.73,0.0,0.0,4070.73,MGR014,2023-03-27 16:00:00
TXN00003131,EMP0131,Marketing,Marketing Coord,2023-03-27,4717.41,1.9,79.59,4796.99,MGR019,2023-03-27 17:00:00
TXN00003132,EMP0132,Operations,Operations Lead,2023-03-27,8194.28,3.4,244.08,8438.36,MGR019,2023-03-27 13:00:00
TXN00003133,EMP0133,Finance,Finance Manager,2023-03-27,12169.82,0.0,0.0,12169.82,MGR017,2023-03-27 11:00:00
TXN00003134,EMP0134,Engineering,Engineering Manager,2023-03-27,11431.86,0.0,0.0,11431.86,MGR013,2023-03-27 17:00:00
TXN00003135,EMP0135,Engineering,Junior Dev,2023-03-27,4439.85,3.2,122.84,4562.69,MGR013,2023-03-27 10:00:00
TXN00003136,EMP0136,Sales,Sales Manager,2023-03-27,12130.79,0.0,0.0,12130.79,MGR009,2023-03-27 14:00:00
TXN00003137,EMP0137,Operations,Operations Lead,2023-03-27,11085.71,0.0,0.0,11085.71,MGR019,2023-03-27 12:00:00
TXN00003138,EMP0138,Operations,Operations Lead,2023-03-27,9145.04,0.0,0.0,9145.04,MGR019,2023-03-27 12:00:00
TXN00003139,EMP0139,Engineering,Junior Dev,2023-03-27,5400.48,1.8,86.21,5486.69,MGR013,2023-03-27 10:00:00
TXN00003140,EMP0140,Operations,Operations Analyst,2023-03-27,5845.28,3.3,168.59,6013.88,MGR019,2023-03-27 10:00:00
TXN00003141,EMP0141,Engineering,Tech Lead,2023-03-27,9965.7,0.0,0.0,9965.7,MGR013,2023-03-27 08:00:00
TXN00003142,EMP0142,HR,HR Coord,2023-03-27,3825.33,0.0,0.0,3825.33,MGR014,2023-03-27 17:00:00
TXN00003143,EMP0143,Sales,Sales Rep,2023-03-27,4482.67,1.6,63.66,4546.33,MGR009,2023-03-27 14:00:00
TXN00003144,EMP0144,Marketing,Marketing Coord,2023-03-27,4099.11,0.0,0.0,4099.11,MGR019,2023-03-27 17:00:00
TXN00003145,EMP0145,Sales,Senior Sales,2023-03-27,6775.07,0.0,0.0,6775.07,MGR009,2023-03-27 08:00:00
TXN00003146,EMP0146,Engineering,Tech Lead,2023-03-27,7593.55,0.0,0.0,7593.55,MGR013,2023-03-27 10:00:00
TXN00003147,EMP0147,Finance,Senior Analyst,2023-03-27,7749.31,2.4,160.9,7910.21,MGR017,2023-03-27 17:00:00
TXN00003148,EMP0148,Sales,Senior Sales,2023-03-27,6368.3,0.3,17.76,6386.07,MGR009,2023-03-27 13:00:00
TXN00003149,EMP0149,Engineering,Senior Dev,2023-03-27,7545.98,0.0,0.0,7545.98,MGR013,2023-03-27 17:00:00
TXN00003150,EMP0150,Finance,Senior Analyst,2023-03-27,7169.19,0.0,0.0,7169.19,MGR017,2023-03-27 11:00:00
TXN00003151,EMP0151,Sales,Sales Rep,2023-03-27,3988.07,0.0,0.0,3988.07,MGR009,2023-03-27 17:00:00
TXN00003152,EMP0152,Engineering,Engineering Manager,2023-03-27,10752.42,0.0,0.0,10752.42,MGR013,2023-03-27 09:00:00
TXN00003153,EMP0153,Sales,Regional Director,2023-03-27,15937.52,1.3,173.43,16110.95,MGR009,2023-03-27 15:00:00
TXN00003154,EMP0154,Marketing,Marketing Coord,2023-03-27,4071.82,0.3,10.13,4081.94,MGR019,2023-03-27 10:00:00
TXN00003155,EMP0155,Engineering,Senior Dev,2023-03-27,7631.91,0.0,0.0,7631.91,MGR013,2023-03-27 13:00:00
TXN00003156,EMP0156,Marketing,Marketing Specialist,2023-03-27,5341.01,0.6,28.64,5369.64,MGR019,2023-03-27 09:00:00
TXN00003157,EMP0157,Marketing,Marketing Specialist,2023-03-27,5319.42,0.6,28.12,5347.55,MGR019,2023-03-27 11:00:00
TXN00003158,EMP0158,HR,HR Specialist,2023-03-27,6403.6,2.7,147.34,6550.93,MGR014,2023-03-27 13:00:00
TXN00003159,EMP0159,HR,HR Specialist,2023-03-27,5325.04,0.0,0.0,5325.04,MGR014,2023-03-27 13:00:00
TXN00003160,EMP0160,Engineering,Tech Lead,2023-03-27,8027.45,0.0,0.0,8027.45,MGR013,2023-03-27 10:00:00
TXN00003161,EMP0161,HR,HR Specialist,2023-03-27,5912.38,0.2,7.71,5920.1,MGR014,2023-03-27 09:00:00
TXN00003162,EMP0162,Engineering,Engineering Manager,2023-03-27,10741.56,0.0,0.0,10741.56,MGR013,2023-03-27 13:00:00
TXN00003163,EMP0163,Operations,Operations Lead,2023-03-27,10681.51,1.3,119.3,10800.8,MGR019,2023-03-27 15:00:00
TXN00003164,EMP0164,HR,HR Manager,2023-03-27,10759.08,0.0,0.0,10759.08,MGR014,2023-03-27 08:00:00
TXN00003165,EMP0165,Finance,Senior Analyst,2023-03-27,6822.06,4.0,235.36,7057.42,MGR017,2023-03-27 12:00:00
TXN00003166,EMP0166,Engineering,Engineering Manager,2023-03-27,10329.97,0.0,0.0,10329.97,MGR013,2023-03-27 11:00:00
TXN00003167,EMP0167,HR,HR Manager,2023-03-27,8443.36,0.0,0.0,8443.36,MGR014,2023-03-27 11:00:00
TXN00003168,EMP0168,Operations,Operations Manager,2023-03-27,8507.85,0.0,0.0,8507.85,MGR019,2023-03-27 09:00:00
TXN00003169,EMP0169,Sales,Sales Manager,2023-03-27,12001.08,0.0,0.0,12001.08,MGR009,2023-03-27 13:00:00
TXN00003170,EMP0170,Engineering,Tech Lead,2023-03-27,8739.09,0.0,0.0,8739.09,MGR013,2023-03-27 12:00:00
TXN00003171,EMP0171,Marketing,Marketing Manager,2023-03-27,10355.85,0.0,0.0,10355.85,MGR019,2023-03-27 09:00:00
TXN00003172,EMP0172,Operations,Operations Lead,2023-03-27,8203.79,0.0,0.0,8203.79,MGR019,2023-03-27 08:00:00
TXN00003173,EMP0173,Marketing,Marketing Manager,2023-03-27,10216.3,0.0,0.0,10216.3,MGR019,2023-03-27 08:00:00
TXN00003174,EMP0174,Marketing,Marketing Specialist,2023-03-27,5657.52,0.6,29.88,5687.4,MGR019,2023-03-27 14:00:00
TXN00003175,EMP0175,Marketing,Marketing Manager,2023-03-27,10147.26,0.0,0.0,10147.26,MGR019,2023-03-27 15:00:00
TXN00003176,EMP0176,Sales,Regional Director,2023-03-27,14435.8,2.9,360.94,14796.74,MGR009,2023-03-27 14:00:00
TXN00003177,EMP0177,Finance,Senior Analyst,2023-03-27,7282.5,0.0,0.0,7282.5,MGR017,2023-03-27 10:00:00
TXN00003178,EMP0178,HR,HR Specialist,2023-03-27,4991.01,0.0,0.0,4991.01,MGR014,2023-03-27 14:00:00
TXN00003179,EMP0179,HR,HR Coord,2023-03-27,3544.49,0.0,0.0,3544.49,MGR014,2023-03-27 15:00:00
TXN00003180,EMP0180,Marketing,Marketing Coord,2023-03-27,4740.4,4.1,169.39,4909.79,MGR019,2023-03-27 14:00:00
TXN00003181,EMP0181,HR,HR Manager,2023-03-27,10222.67,0.0,0.0,10222.67,MGR014,2023-03-27 13:00:00
TXN00003182,EMP0182,Marketing,Marketing Specialist,2023-03-27,5600.16,3.1,148.72,5748.88,MGR019,2023-03-27 16:00:00
TXN00003183,EMP0183,Finance,Senior Analyst,2023-03-27,8022.91,9.5,660.14,8683.06,MGR017,2023-03-27 14:00:00
TXN00003184,EMP0184,Finance,Senior Analyst,2023-03-27,8944.23,2.6,201.32,9145.55,MGR017,2023-03-27 09:00:00
TXN00003185,EMP0185,Engineering,Tech Lead,2023-03-27,8023.94,0.0,0.0,8023.94,MGR013,2023-03-27 15:00:00
TXN00003186,EMP0186,Operations,Operations Manager,2023-03-27,8678.83,0.0,0.0,8678.83,MGR019,2023-03-27 17:00:00
TXN00003187,EMP0187,Marketing,Marketing Coord,2023-03-27,3689.3,0.8,25.71,3715.01,MGR019,2023-03-27 11:00:00
TXN00003188,EMP0188,Operations,Operations Lead,2023-03-27,7854.94,7.4,502.3,8357.25,MGR019,2023-03-27 10:00:00
TXN00003189,EMP0189,Sales,Senior Sales,2023-03-27,7604.22,0.5,30.75,7634.97,MGR009,2023-03-27 15:00:00
TXN00003190,EMP0190,Engineering,Senior Dev,2023-03-27,7679.73,0.0,0.0,7679.73,MGR013,2023-03-27 09:00:00
TXN00003191,EMP0191,HR,HR Coord,2023-03-27,3730.25,7.3,235.13,3965.38,MGR014,2023-03-27 08:00:00
TXN00003192,EMP0192,Finance,Senior Analyst,2023-03-27,8043.48,3.1,216.81,8260.29,MGR017,2023-03-27 12:00:00
TXN00003193,EMP0193,Operations,Operations Lead,2023-03-27,10249.22,0.5,45.37,10294.59,MGR019,2023-03-27 08:00:00
TXN00003194,EMP0194,Finance,Senior Analyst,2023-03-27,6496.16,2.7,151.89,6648.05,MGR017,2023-03-27 13:00:00
TXN00003195,EMP0195,Operations,Operations Manager,2023-03-27,11904.32,0.0,0.0,11904.32,MGR019,2023-03-27 12:00:00
TXN00003196,EMP0196,Engineering,Engineering Manager,2023-03-27,12006.46,0.0,0.0,12006.46,MGR013,2023-03-27 09:00:00
TXN00003197,EMP0197,Sales,Regional Director,2023-03-27,13496.4,12.4,1450.87,14947.27,MGR009,2023-03-27 09:00:00
TXN00003198,EMP0198,HR,HR Coord,2023-03-27,4323.24,1.0,39.2,4362.44,MGR014,2023-03-27 13:00:00
TXN00003199,EMP0199,Finance,Senior Analyst,2023-03-27,7877.94,2.5,170.06,8048.0,MGR017,2023-03-27 10:00:00
TXN00003200,EMP0200,Operations,Operations Manager,2023-03-27,11749.49,0.0,0.0,11749.49,MGR019,2023-03-27 14:00:00
TXN00003201,EMP0001,Operations,Operations Analyst,2023-04-26,6983.396048923795,6.8,323.49,7306.886048923795,MGR019,2023-04-26 10:00:00
TXN00003202,EMP0002,Operations,Operations Lead,2023-04-26,9841.05,3.2,273.05,10114.1,MGR019,2023-04-26 09:00:00
TXN00003203,EMP0003,Sales,Senior Sales,2023-04-26,6221.04,0.0,0.0,6221.04,MGR009,2023-04-26 16:00:00
TXN00003204,EMP0004,Operations,Operations Manager,2023-04-26,9555.93,0.0,0.0,9555.93,MGR019,2023-04-26 09:00:00
TXN00003205,EMP0005,Engineering,Engineering Manager,2023-04-26,11100.7,0.0,0.0,11100.7,MGR013,2023-04-26 13:00:00
TXN00003206,EMP0006,Engineering,Junior Dev,2023-04-26,4351.95,1.1,40.55,4392.51,MGR013,2023-04-26 17:00:00
TXN00003207,EMP0007,Sales,Sales Rep,2023-04-26,4859.16,1.1,45.67,4904.83,MGR009,2023-04-26 17:00:00
TXN00003208,EMP0008,Sales,Regional Director,2023-04-26,11731.85,0.5,47.31,11779.16,MGR009,2023-04-26 15:00:00
TXN00003209,EMP0009,Finance,Finance Manager,2023-04-26,9764.7,0.0,0.0,9764.7,MGR017,2023-04-26 08:00:00
TXN00003210,EMP0010,Sales,Regional Director,2023-04-26,12894.02,0.0,0.0,12894.02,MGR009,2023-04-26 14:00:00
TXN00003211,EMP0011,Marketing,Marketing Coord,2023-04-26,4135.09,0.4,14.99,4150.08,MGR019,2023-04-26 10:00:00
TXN00003212,EMP0012,Marketing,Marketing Coord,2023-04-26,3799.77,0.7,21.67,3821.43,MGR019,2023-04-26 17:00:00
TXN00003213,EMP0013,Finance,Analyst,2023-04-26,5381.41,0.5,25.5,5406.91,MGR017,2023-04-26 14:00:00
TXN00003214,EMP0014,Marketing,Marketing Manager,2023-04-26,9388.76,0.0,0.0,9388.76,MGR019,2023-04-26 10:00:00
TXN00003215,EMP0015,Engineering,Engineering Manager,2023-04-26,10337.47,0.0,0.0,10337.47,MGR013,2023-04-26 08:00:00
TXN00003216,EMP0016,Engineering,Engineering Manager,2023-04-26,10474.68,0.0,0.0,10474.68,MGR013,2023-04-26 09:00:00
TXN00003217,EMP0017,HR,HR Specialist,2023-04-26,5395.52,3.4,158.35,5553.87,MGR014,2023-04-26 13:00:00
TXN00003218,EMP0018,HR,HR Specialist,2023-04-26,6806.67,3.0,175.09,6981.76,MGR014,2023-04-26 11:00:00
TXN00003219,EMP0019,Sales,Sales Rep,2023-04-26,4156.24,0.1,4.29,4160.53,MGR009,2023-04-26 11:00:00
TXN00003220,EMP0020,Operations,Operations Analyst,2023-04-26,5491.77,6.6,315.97,5807.74,MGR019,2023-04-26 14:00:00
TXN00003221,EMP0021,Engineering,Senior Dev,2023-04-26,6337.25,5.4,293.86,6631.11,MGR013,2023-04-26 16:00:00
TXN00003222,EMP0022,Finance,Finance Manager,2023-04-26,9664.68,0.0,0.0,9664.68,MGR017,2023-04-26 16:00:00
TXN00003223,EMP0023,Operations,Operations Lead,2023-04-26,8677.93,3.5,265.15,8943.08,MGR019,2023-04-26 12:00:00
TXN00003224,EMP0024,Marketing,Marketing Specialist,2023-04-26,5327.61,11.7,540.78,5868.39,MGR019,2023-04-26 12:00:00
TXN00003225,EMP0025,Operations,Operations Lead,2023-04-26,8975.51,0.0,0.0,8975.51,MGR019,2023-04-26 12:00:00
TXN00003226,EMP0026,Operations,Operations Manager,2023-04-26,12600.78,0.0,0.0,12600.78,MGR019,2023-04-26 11:00:00
TXN00003227,EMP0027,HR,HR Manager,2023-04-26,13014.25,0.0,0.0,13014.25,MGR014,2023-04-26 09:00:00
TXN00003228,EMP0028,HR,HR Manager,2023-04-26,11875.28,0.0,0.0,11875.28,MGR014,2023-04-26 08:00:00
TXN00003229,EMP0029,Sales,Regional Director,2023-04-26,11348.67,0.0,0.0,11348.67,MGR009,2023-04-26 14:00:00
TXN00003230,EMP0030,Marketing,Marketing Manager,2023-04-26,8684.42,0.0,0.0,8684.42,MGR019,2023-04-26 17:00:00
TXN00003231,EMP0031,HR,HR Coord,2023-04-26,3891.72,1.7,58.18,3949.9,MGR014,2023-04-26 16:00:00
TXN00003232,EMP0032,Marketing,Marketing Coord,2023-04-26,4484.93,4.3,167.2,4652.13,MGR019,2023-04-26 15:00:00
TXN00003233,EMP0033,Engineering,Tech Lead,2023-04-26,8587.39,0.0,0.0,8587.39,MGR013,2023-04-26 10:00:00
TXN00003234,EMP0034,Marketing,Marketing Coord,2023-04-26,3850.71,0.0,0.0,3850.71,MGR019,2023-04-26 08:00:00
TXN00003235,EMP0035,HR,HR Manager,2023-04-26,9869.11,0.0,0.0,9869.11,MGR014,2023-04-26 13:00:00
TXN00003236,EMP0036,Sales,Regional Director,2023-04-26,14237.79,6.2,767.88,15005.67,MGR009,2023-04-26 08:00:00
TXN00003237,EMP0037,Operations,Operations Lead,2023-04-26,8275.66,0.0,0.0,8275.66,MGR019,2023-04-26 14:00:00
TXN00003238,EMP0038,Marketing,Marketing Coord,2023-04-26,4547.26,0.2,8.22,4555.48,MGR019,2023-04-26 09:00:00
TXN00003239,EMP0039,Operations,Operations Manager,2023-04-26,10954.57,0.0,0.0,10954.57,MGR019,2023-04-26 12:00:00
TXN00003240,EMP0040,Marketing,Marketing Manager,2023-04-26,9598.62,0.0,0.0,9598.62,MGR019,2023-04-26 17:00:00
TXN00003241,EMP0041,Finance,Controller,2023-04-26,13631.32,0.0,0.0,13631.32,MGR017,2023-04-26 15:00:00
TXN00003242,EMP0042,Sales,Senior Sales,2023-04-26,6548.4,3.8,216.04,6764.45,MGR009,2023-04-26 11:00:00
TXN00003243,EMP0043,Finance,Analyst,2023-04-26,4795.53,1.4,58.58,4854.11,MGR017,2023-04-26 09:00:00
TXN00003244,EMP0044,Engineering,Senior Dev,2023-04-26,7801.12,0.5,31.99,7833.1,MGR013,2023-04-26 08:00:00
TXN00003245,EMP0045,Sales,Regional Director,2023-04-26,15087.19,0.0,0.0,15087.19,MGR009,2023-04-26 11:00:00
TXN00003246,EMP0046,Engineering,Engineering Manager,2023-04-26,9386.42,0.0,0.0,9386.42,MGR013,2023-04-26 10:00:00
TXN00003247,EMP0047,HR,HR Specialist,2023-04-26,6140.56,2.7,144.5,6285.06,MGR014,2023-04-26 12:00:00
TXN00003248,EMP0048,Marketing,Marketing Manager,2023-04-26,11348.61,0.0,0.0,11348.61,MGR019,2023-04-26 09:00:00
TXN00003249,EMP0049,Operations,Operations Manager,2023-04-26,10413.0,0.0,0.0,10413.0,MGR019,2023-04-26 15:00:00
TXN00003250,EMP0050,Operations,Operations Manager,2023-04-26,8475.73,0.0,0.0,8475.73,MGR019,2023-04-26 09:00:00
TXN00003251,EMP0051,Operations,Operations Lead,2023-04-26,8038.62,0.0,0.0,8038.62,MGR019,2023-04-26 12:00:00
TXN00003252,EMP0052,Marketing,Marketing Specialist,2023-04-26,5324.96,0.9,42.6,5367.56,MGR019,2023-04-26 14:00:00
TXN00003253,EMP0053,Finance,Analyst,2023-04-26,5776.99,10.1,504.73,6281.71,MGR017,2023-04-26 15:00:00
TXN00003254,EMP0054,Operations,Operations Lead,2023-04-26,9246.61,0.0,0.0,9246.61,MGR019,2023-04-26 15:00:00
TXN00003255,EMP0055,Sales,Sales Rep,2023-04-26,4055.4,4.8,166.91,4222.3,MGR009,2023-04-26 12:00:00
TXN00003256,EMP0056,Marketing,Marketing Manager,2023-04-26,9397.26,0.0,0.0,9397.26,MGR019,2023-04-26 09:00:00
TXN00003257,EMP0057,HR,HR Coord,2023-04-26,4940.74,64.21335576979857,2745.5321716102603,7686.272171610261,MGR014,2023-04-26 16:00:00
TXN00003258,EMP0058,Marketing,Marketing Coord,2023-04-26,4632.85,1.1,42.8,4675.65,MGR019,2023-04-26 14:00:00
TXN00003259,EMP0059,HR,HR Coord,2023-04-26,4391.67,1.0,36.15,4427.82,MGR014,2023-04-26 10:00:00
TXN00003260,EMP0060,Marketing,Marketing Specialist,2023-04-26,6353.27,0.0,0.0,6353.27,MGR019,2023-04-26 13:00:00
TXN00003261,EMP0061,Engineering,Tech Lead,2023-04-26,10811.75,0.0,0.0,10811.75,MGR013,2023-04-26 14:00:00
TXN00003262,EMP0062,Sales,Sales Rep,2023-04-26,4176.52,0.3,10.04,4186.55,MGR009,2023-04-26 13:00:00
TXN00003263,EMP0063,HR,HR Coord,2023-04-26,3739.19,12.0,386.72,4125.9,MGR014,2023-04-26 10:00:00
TXN00003264,EMP0064,Operations,Operations Lead,2023-04-26,10674.03,1.6,149.12,10823.15,MGR019,2023-04-26 15:00:00
TXN00003265,EMP0065,HR,HR Coord,2023-04-26,3485.37,12.8,387.41,3872.78,MGR014,2023-04-26 08:00:00
TXN00003266,EMP0066,Operations,Operations Lead,2023-04-26,8672.28,72.38212677610603,5432.175609212501,14104.455609212502,MGR019,2023-04-26 12:00:00
TXN00003267,EMP0067,Sales,Sales Manager,2023-04-26,8948.71,0.0,0.0,8948.71,MGR009,2023-04-26 15:00:00
TXN00003268,EMP0068,HR,HR Specialist,2023-04-26,6299.01,0.4,20.98,6319.99,MGR014,2023-04-26 15:00:00
TXN00003269,EMP0069,HR,HR Manager,2023-04-26,10795.65,0.0,0.0,10795.65,MGR014,2023-04-26 12:00:00
TXN00003270,EMP0070,Sales,Sales Manager,2023-04-26,10977.25,0.0,0.0,10977.25,MGR009,2023-04-26 11:00:00
TXN00003271,EMP0071,Operations,Operations Manager,2023-04-26,11742.36,0.0,0.0,11742.36,MGR019,2023-04-26 12:00:00
TXN00003272,EMP0072,Finance,Controller,2023-04-26,11907.85,0.0,0.0,11907.85,MGR017,2023-04-26 17:00:00
TXN00003273,EMP0073,Sales,Senior Sales,2023-04-26,6441.24,0.0,0.0,6441.24,MGR009,2023-04-26 08:00:00
TXN00003274,EMP0074,Marketing,Marketing Coord,2023-04-26,4266.93,1.3,49.65,4316.58,MGR019,2023-04-26 10:00:00
TXN00003275,EMP0075,HR,HR Coord,2023-04-26,3464.27,0.2,6.59,3470.86,MGR014,2023-04-26 09:00:00
TXN00003276,EMP0076,Sales,Sales Rep,2023-04-26,4965.61,2.3,98.66,5064.26,MGR009,2023-04-26 09:00:00
TXN00003277,EMP0077,Operations,Operations Manager,2023-04-26,9171.93,0.0,0.0,9171.93,MGR019,2023-04-26 13:00:00
TXN00003278,EMP0078,Sales,Sales Rep,2023-04-26,5064.91,5.1,222.63,5287.54,MGR009,2023-04-26 16:00:00
TXN00003279,EMP0079,Marketing,Marketing Coord,2023-04-26,4532.56,4.8,187.28,4719.84,MGR019,2023-04-26 14:00:00
TXN00003280,EMP0080,Sales,Sales Manager,2023-04-26,9838.75,0.0,0.0,9838.75,MGR009,2023-04-26 17:00:00
TXN00003281,EMP0081,Finance,Senior Analyst,2023-04-26,6995.72,2.8,168.38,7164.1,MGR017,2023-04-26 11:00:00
TXN00003282,EMP0082,Sales,Regional Director,2023-04-26,14093.38,1.6,197.66,14291.04,MGR009,2023-04-26 16:00:00
TXN00003283,EMP0083,Finance,Controller,2023-04-26,11415.72,0.0,0.0,11415.72,MGR017,2023-04-26 08:00:00
TXN00003284,EMP0084,Engineering,Junior Dev,2023-04-26,4337.7,0.3,11.06,4348.76,MGR013,2023-04-26 14:00:00
TXN00003285,EMP0085,Finance,Finance Manager,2023-04-26,8923.43,0.0,0.0,8923.43,MGR017,2023-04-26 16:00:00
TXN00003286,EMP0086,Finance,Controller,2023-04-26,12270.85,0.0,0.0,12270.85,MGR017,2023-04-26 14:00:00
TXN00003287,EMP0087,Engineering,Junior Dev,2023-04-26,4674.43,0.7,28.84,4703.26,MGR013,2023-04-26 16:00:00
TXN00003288,EMP0088,Finance,Finance Manager,2023-04-26,10604.43,0.0,0.0,10604.43,MGR017,2023-04-26 15:00:00
TXN00003289,EMP0089,Sales,Senior Sales,2023-04-26,7486.15,2.1,137.08,7623.23,MGR009,2023-04-26 17:00:00
TXN00003290,EMP0090,HR,HR Specialist,2023-04-26,6199.09,9.6,517.02,6716.11,MGR014,2023-04-26 11:00:00
TXN00003291,EMP0091,Finance,Senior Analyst,2023-04-26,6591.18,0.0,0.0,6591.18,MGR017,2023-04-26 15:00:00
TXN00003292,EMP0092,Finance,Senior Analyst,2023-04-26,8736.74,0.0,0.0,8736.74,MGR017,2023-04-26 12:00:00
TXN00003293,EMP0093,Finance,Analyst,2023-04-26,4894.09,4.3,182.58,5076.67,MGR017,2023-04-26 09:00:00
TXN00003294,EMP0094,Operations,Operations Manager,2023-04-26,11594.89,0.0,0.0,11594.89,MGR019,2023-04-26 14:00:00
TXN00003295,EMP0095,Engineering,Senior Dev,2023-04-26,7052.01,2.7,161.72,7213.73,MGR013,2023-04-26 08:00:00
TXN00003296,EMP0096,Finance,Controller,2023-04-26,11717.78,0.0,0.0,11717.78,MGR017,2023-04-26 16:00:00
TXN00003297,EMP0097,Sales,Regional Director,2023-04-26,15462.52,2.2,292.98,15755.5,MGR009,2023-04-26 17:00:00
TXN00003298,EMP0098,Sales,Regional Director,2023-04-26,12561.59,1.6,179.16,12740.75,MGR009,2023-04-26 16:00:00
TXN00003299,EMP0099,Finance,Finance Manager,2023-04-26,12220.41,0.0,0.0,12220.41,MGR017,2023-04-26 17:00:00
TXN00003300,EMP0100,Marketing,Marketing Specialist,2023-04-26,6612.31,4.0,226.18,6838.49,MGR019,2023-04-26 17:00:00
TXN00003301,EMP0101,Operations,Operations Manager,2023-04-26,10528.67,0.0,0.0,10528.67,MGR019,2023-04-26 10:00:00
TXN00003302,EMP0102,Operations,Operations Lead,2023-04-26,8989.25,0.7,55.24,9044.49,MGR019,2023-04-26 09:00:00
TXN00003303,EMP0103,Sales,Sales Manager,2023-04-26,10360.5,0.0,0.0,10360.5,MGR009,2023-04-26 15:00:00
TXN00003304,EMP0104,Engineering,Junior Dev,2023-04-26,4175.23,0.0,0.0,4175.23,MGR013,2023-04-26 10:00:00
TXN00003305,EMP0105,Engineering,Junior Dev,2023-04-26,3797.97,0.9,29.46,3827.43,MGR013,2023-04-26 10:00:00
TXN00003306,EMP0106,Finance,Senior Analyst,2023-04-26,7469.34,0.0,0.0,7469.34,MGR017,2023-04-26 11:00:00
TXN00003307,EMP0107,HR,HR Coord,2023-04-26,4211.49,1.8,64.99,4276.48,MGR014,2023-04-26 11:00:00
TXN00003308,EMP0108,Engineering,Junior Dev,2023-04-26,5017.19,0.7,29.76,5046.95,MGR013,2023-04-26 10:00:00
TXN00003309,EMP0109,Sales,Regional Director,2023-04-26,13192.84,1.3,152.18,13345.02,MGR009,2023-04-26 08:00:00
TXN00003310,EMP0110,HR,HR Coord,2023-04-26,4615.95,0.0,0.0,4615.95,MGR014,2023-04-26 14:00:00
TXN00003311,EMP0111,HR,HR Coord,2023-04-26,4364.79,2.0,75.39,4440.18,MGR014,2023-04-26 09:00:00
TXN00003312,EMP0112,Engineering,Engineering Manager,2023-04-26,8883.38,0.0,0.0,8883.38,MGR013,2023-04-26 14:00:00
TXN00003313,EMP0113,HR,HR Manager,2023-04-26,9372.03,0.0,0.0,9372.03,MGR014,2023-04-26 11:00:00
TXN00003314,EMP0114,Marketing,Marketing Specialist,2023-04-26,6390.94,3.8,210.44,6601.38,MGR019,2023-04-26 10:00:00
TXN00003315,EMP0115,Operations,Operations Manager,2023-04-26,11983.42,0.0,0.0,11983.42,MGR019,2023-04-26 17:00:00
TXN00003316,EMP0116,Sales,Sales Manager,2023-04-26,11442.95,0.0,0.0,11442.95,MGR009,2023-04-26 12:00:00
TXN00003317,EMP0117,Sales,Sales Manager,2023-04-26,10673.75,0.0,0.0,10673.75,MGR009,2023-04-26 13:00:00
TXN00003318,EMP0118,Marketing,Marketing Coord,2023-04-26,3852.51,9.1,304.26,4156.77,MGR019,2023-04-26 09:00:00
TXN00003319,EMP0119,Finance,Analyst,2023-04-26,4641.47,3.0,120.31,4761.78,MGR017,2023-04-26 09:00:00
TXN00003320,EMP0120,HR,HR Coord,2023-04-26,4188.6,0.4,15.07,4203.66,MGR014,2023-04-26 14:00:00
TXN00003321,EMP0121,Marketing,Marketing Coord,2023-04-26,5185.24,0.3,14.06,5199.3,MGR019,2023-04-26 16:00:00
TXN00003322,EMP0122,Engineering,Senior Dev,2023-04-26,7953.97,1.8,122.28,8076.25,MGR013,2023-04-26 14:00:00
TXN00003323,EMP0123,Marketing,Marketing Coord,2023-04-26,3855.55,0.0,0.0,3855.55,MGR019,2023-04-26 16:00:00
TXN00003324,EMP0124,HR,HR Manager,2023-04-26,11224.71,0.0,0.0,11224.71,MGR014,2023-04-26 13:00:00
TXN00003325,EMP0125,HR,HR Manager,2023-04-26,15648.18949259332,0.0,0.0,15648.18949259332,MGR014,2023-04-26 12:00:00
TXN00003326,EMP0126,Engineering,Tech Lead,2023-04-26,8476.43,0.0,0.0,8476.43,MGR013,2023-04-26 16:00:00
TXN00003327,EMP0127,Engineering,Senior Dev,2023-04-26,7780.49,0.0,0.0,7780.49,MGR013,2023-04-26 15:00:00
TXN00003328,EMP0128,Engineering,Junior Dev,2023-04-26,4229.37,2.2,79.97,4309.34,MGR013,2023-04-26 08:00:00
TXN00003329,EMP0129,Sales,Sales Manager,2023-04-26,12272.22,0.0,0.0,12272.22,MGR009,2023-04-26 17:00:00
TXN00003330,EMP0130,HR,HR Coord,2023-04-26,4070.73,1.0,35.51,4106.24,MGR014,2023-04-26 17:00:00
TXN00003331,EMP0131,Marketing,Marketing Coord,2023-04-26,4717.41,0.3,14.2,4731.61,MGR019,2023-04-26 16:00:00
TXN00003332,EMP0132,Operations,Operations Lead,2023-04-26,8194.28,0.0,0.0,8194.28,MGR019,2023-04-26 14:00:00
TXN00003333,EMP0133,Finance,Finance Manager,2023-04-26,12169.82,0.0,0.0,12169.82,MGR017,2023-04-26 09:00:00
TXN00003334,EMP0134,Engineering,Engineering Manager,2023-04-26,11431.86,0.0,0.0,11431.86,MGR013,2023-04-26 14:00:00
TXN00003335,EMP0135,Engineering,Junior Dev,2023-04-26,4439.85,0.0,0.0,4439.85,MGR013,2023-04-26 10:00:00
TXN00003336,EMP0136,Sales,Sales Manager,2023-04-26,12130.79,0.0,0.0,12130.79,MGR009,2023-04-26 10:00:00
TXN00003337,EMP0137,Operations,Operations Lead,2023-04-26,11085.71,0.0,0.0,11085.71,MGR019,2023-04-26 17:00:00
TXN00003338,EMP0138,Operations,Operations Lead,2023-04-26,9145.04,1.2,95.41,9240.44,MGR019,2023-04-26 17:00:00
TXN00003339,EMP0139,Engineering,Junior Dev,2023-04-26,5400.48,13.3,620.27,6020.74,MGR013,2023-04-26 17:00:00
TXN00003340,EMP0140,Operations,Operations Analyst,2023-04-26,5845.28,4.0,200.17,6045.45,MGR019,2023-04-26 09:00:00
TXN00003341,EMP0141,Engineering,Tech Lead,2023-04-26,9965.7,0.0,0.0,9965.7,MGR013,2023-04-26 09:00:00
TXN00003342,EMP0142,HR,HR Coord,2023-04-26,3825.33,0.7,23.67,3849.0,MGR014,2023-04-26 17:00:00
TXN00003343,EMP0143,Sales,Sales Rep,2023-04-26,4482.67,1.0,38.44,4521.11,MGR009,2023-04-26 09:00:00
TXN00003344,EMP0144,Marketing,Marketing Coord,2023-04-26,4099.11,0.8,28.41,4127.52,MGR019,2023-04-26 12:00:00
TXN00003345,EMP0145,Sales,Senior Sales,2023-04-26,6775.07,6.3,372.05,7147.12,MGR009,2023-04-26 16:00:00
TXN00003346,EMP0146,Engineering,Tech Lead,2023-04-26,7593.55,0.0,0.0,7593.55,MGR013,2023-04-26 13:00:00
TXN00003347,EMP0147,Finance,Senior Analyst,2023-04-26,7749.31,0.0,0.0,7749.31,MGR017,2023-04-26 14:00:00
TXN00003348,EMP0148,Sales,Senior Sales,2023-04-26,6368.3,1.2,68.32,6436.63,MGR009,2023-04-26 12:00:00
TXN00003349,EMP0149,Engineering,Senior Dev,2023-04-26,7545.98,3.4,223.37,7769.35,MGR013,2023-04-26 14:00:00
TXN00003350,EMP0150,Finance,Senior Analyst,2023-04-26,7169.19,0.0,0.0,7169.19,MGR017,2023-04-26 15:00:00
TXN00003351,EMP0151,Sales,Sales Rep,2023-04-26,3988.07,0.5,18.01,4006.08,MGR009,2023-04-26 17:00:00
TXN00003352,EMP0152,Engineering,Engineering Manager,2023-04-26,10752.42,0.0,0.0,10752.42,MGR013,2023-04-26 17:00:00
TXN00003353,EMP0153,Sales,Regional Director,2023-04-26,15937.52,0.1,18.99,15956.51,MGR009,2023-04-26 15:00:00
TXN00003354,EMP0154,Marketing,Marketing Coord,2023-04-26,4071.82,1.1,39.06,4110.87,MGR019,2023-04-26 08:00:00
TXN00003355,EMP0155,Engineering,Senior Dev,2023-04-26,7631.91,4.4,290.96,7922.88,MGR013,2023-04-26 10:00:00
TXN00003356,EMP0156,Marketing,Marketing Specialist,2023-04-26,5341.01,0.0,0.0,5341.01,MGR019,2023-04-26 12:00:00
TXN00003357,EMP0157,Marketing,Marketing Specialist,2023-04-26,5319.42,8.8,406.06,5725.49,MGR019,2023-04-26 14:00:00
TXN00003358,EMP0158,HR,HR Specialist,2023-04-26,6403.6,4.4,245.66,6649.26,MGR014,2023-04-26 10:00:00
TXN00003359,EMP0159,HR,HR Specialist,2023-04-26,5325.04,6.8,314.95,5639.99,MGR014,2023-04-26 17:00:00
TXN00003360,EMP0160,Engineering,Tech Lead,2023-04-26,8027.45,0.0,0.0,8027.45,MGR013,2023-04-26 17:00:00
TXN00003361,EMP0161,HR,HR Specialist,2023-04-26,5912.38,0.0,0.0,5912.38,MGR014,2023-04-26 14:00:00
TXN00003362,EMP0162,Engineering,Engineering Manager,2023-04-26,10741.56,0.0,0.0,10741.56,MGR013,2023-04-26 08:00:00
TXN00003363,EMP0163,Operations,Operations Lead,2023-04-26,10681.51,0.0,0.0,10681.51,MGR019,2023-04-26 14:00:00
TXN00003364,EMP0164,HR,HR Manager,2023-04-26,10759.08,0.0,0.0,10759.08,MGR014,2023-04-26 13:00:00
TXN00003365,EMP0165,Finance,Senior Analyst,2023-04-26,6822.06,4.9,289.64,7111.7,MGR017,2023-04-26 11:00:00
TXN00003366,EMP0166,Engineering,Engineering Manager,2023-04-26,10329.97,0.0,0.0,10329.97,MGR013,2023-04-26 08:00:00
TXN00003367,EMP0167,HR,HR Manager,2023-04-26,8443.36,0.0,0.0,8443.36,MGR014,2023-04-26 15:00:00
TXN00003368,EMP0168,Operations,Operations Manager,2023-04-26,8507.85,0.0,0.0,8507.85,MGR019,2023-04-26 12:00:00
TXN00003369,EMP0169,Sales,Sales Manager,2023-04-26,12001.08,0.0,0.0,12001.08,MGR009,2023-04-26 13:00:00
TXN00003370,EMP0170,Engineering,Tech Lead,2023-04-26,8739.09,0.0,0.0,8739.09,MGR013,2023-04-26 08:00:00
TXN00003371,EMP0171,Marketing,Marketing Manager,2023-04-26,10355.85,0.0,0.0,10355.85,MGR019,2023-04-26 13:00:00
TXN00003372,EMP0172,Operations,Operations Lead,2023-04-26,8203.79,0.0,0.0,8203.79,MGR019,2023-04-26 12:00:00
TXN00003373,EMP0173,Marketing,Marketing Manager,2023-04-26,10216.3,0.0,0.0,10216.3,MGR019,2023-04-26 12:00:00
TXN00003374,EMP0174,Marketing,Marketing Specialist,2023-04-26,5657.52,2.5,122.89,5780.41,MGR019,2023-04-26 12:00:00
TXN00003375,EMP0175,Marketing,Marketing Manager,2023-04-26,10147.26,0.0,0.0,10147.26,MGR019,2023-04-26 15:00:00
TXN00003376,EMP0176,Sales,Regional Director,2023-04-26,14435.8,5.2,648.24,15084.04,MGR009,2023-04-26 09:00:00
TXN00003377,EMP0177,Finance,Senior Analyst,2023-04-26,7282.5,2.3,147.64,7430.15,MGR017,2023-04-26 11:00:00
TXN00003378,EMP0178,HR,HR Specialist,2023-04-26,4991.01,2.1,89.55,5080.56,MGR014,2023-04-26 10:00:00
TXN00003379,EMP0179,HR,HR Coord,2023-04-26,3544.49,3.5,106.14,3650.63,MGR014,2023-04-26 12:00:00
TXN00003380,EMP0180,Marketing,Marketing Coord,2023-04-26,4740.4,4.3,178.3,4918.7,MGR019,2023-04-26 15:00:00
TXN00003381,EMP0181,HR,HR Manager,2023-04-26,10222.67,0.0,0.0,10222.67,MGR014,2023-04-26 13:00:00
TXN00003382,EMP0182,Marketing,Marketing Specialist,2023-04-26,5600.16,0.6,27.51,5627.67,MGR019,2023-04-26 12:00:00
TXN00003383,EMP0183,Finance,Senior Analyst,2023-04-26,8022.91,0.0,0.0,8022.91,MGR017,2023-04-26 14:00:00
TXN00003384,EMP0184,Finance,Senior Analyst,2023-04-26,8944.23,0.5,39.71,8983.94,MGR017,2023-04-26 17:00:00
TXN00003385,EMP0185,Engineering,Tech Lead,2023-04-26,8023.94,0.0,0.0,8023.94,MGR013,2023-04-26 09:00:00
TXN00003386,EMP0186,Operations,Operations Manager,2023-04-26,8678.83,0.0,0.0,8678.83,MGR019,2023-04-26 11:00:00
TXN00003387,EMP0187,Marketing,Marketing Coord,2023-04-26,3689.3,0.2,7.25,3696.55,MGR019,2023-04-26 15:00:00
TXN00003388,EMP0188,Operations,Operations Lead,2023-04-26,7854.94,0.9,59.54,7914.48,MGR019,2023-04-26 11:00:00
TXN00003389,EMP0189,Sales,Senior Sales,2023-04-26,7604.22,0.0,0.0,7604.22,MGR009,2023-04-26 14:00:00
TXN00003390,EMP0190,Engineering,Senior Dev,2023-04-26,7679.73,0.0,0.0,7679.73,MGR013,2023-04-26 15:00:00
TXN00003391,EMP0191,HR,HR Coord,2023-04-26,3730.25,0.0,0.0,3730.25,MGR014,2023-04-26 16:00:00
TXN00003392,EMP0192,Finance,Senior Analyst,2023-04-26,8043.48,1.8,126.73,8170.21,MGR017,2023-04-26 13:00:00
TXN00003393,EMP0193,Operations,Operations Lead,2023-04-26,10249.22,0.0,0.0,10249.22,MGR019,2023-04-26 08:00:00
TXN00003394,EMP0194,Finance,Senior Analyst,2023-04-26,6496.16,2.4,133.52,6629.67,MGR017,2023-04-26 16:00:00
TXN00003395,EMP0195,Operations,Operations Manager,2023-04-26,11904.32,0.0,0.0,11904.32,MGR019,2023-04-26 10:00:00
TXN00003396,EMP0196,Engineering,Engineering Manager,2023-04-26,12006.46,0.0,0.0,12006.46,MGR013,2023-04-26 09:00:00
TXN00003397,EMP0197,Sales,Regional Director,2023-04-26,13496.4,0.0,0.0,13496.4,MGR009,2023-04-26 12:00:00
TXN00003398,EMP0198,HR,HR Coord,2023-04-26,4323.24,0.3,10.67,4333.91,MGR014,2023-04-26 16:00:00
TXN00003399,EMP0199,Finance,Senior Analyst,2023-04-26,7877.94,6.2,424.91,8302.86,MGR017,2023-04-26 14:00:00
TXN00003400,EMP0200,Operations,Operations Manager,2023-04-26,11749.49,0.0,0.0,11749.49,MGR019,2023-04-26 10:00:00
TXN00003401,EMP0001,Operations,Operations Analyst,2023-05-26,5509.53,2.9,139.59,5649.12,MGR019,2023-05-26 16:00:00
TXN00003402,EMP0002,Operations,Operations Lead,2023-05-26,9841.05,4.7,397.41,10238.46,MGR019,2023-05-26 17:00:00
TXN00003403,EMP0003,Sales,Senior Sales,2023-05-26,6221.04,3.1,164.65,6385.69,MGR009,2023-05-26 08:00:00
TXN00003404,EMP0004,Operations,Operations Manager,2023-05-26,9555.93,0.0,0.0,9555.93,MGR019,2023-05-26 10:00:00
TXN00003405,EMP0005,Engineering,Engineering Manager,2023-05-26,11100.7,0.0,0.0,11100.7,MGR013,2023-05-26 11:00:00
TXN00003406,EMP0006,Engineering,Junior Dev,2023-05-26,4351.95,6.0,227.59,4579.54,MGR013,2023-05-26 11:00:00
TXN00003407,EMP0007,Sales,Sales Rep,2023-05-26,4859.16,0.4,17.15,4876.31,MGR009,2023-05-26 08:00:00
TXN00003408,EMP0008,Sales,Regional Director,2023-05-26,11731.85,0.5,53.42,11785.26,MGR009,2023-05-26 11:00:00
TXN00003409,EMP0009,Finance,Finance Manager,2023-05-26,9764.7,0.0,0.0,9764.7,MGR017,2023-05-26 08:00:00
TXN00003410,EMP0010,Sales,Regional Director,2023-05-26,12894.02,0.0,0.0,12894.02,MGR009,2023-05-26 15:00:00
TXN00003411,EMP0011,Marketing,Marketing Coord,2023-05-26,4135.09,2.1,75.74,4210.83,MGR019,2023-05-26 08:00:00
TXN00003412,EMP0012,Marketing,Marketing Coord,2023-05-26,3799.77,0.0,0.0,3799.77,MGR019,2023-05-26 13:00:00
TXN00003413,EMP0013,Finance,Analyst,2023-05-26,5381.41,0.0,0.0,5381.41,MGR017,2023-05-26 11:00:00
TXN00003414,EMP0014,Marketing,Marketing Manager,2023-05-26,9388.76,0.0,0.0,9388.76,MGR019,2023-05-26 12:00:00
TXN00003415,EMP0015,Engineering,Engineering Manager,2023-05-26,10337.47,0.0,0.0,10337.47,MGR013,2023-05-26 13:00:00
TXN00003416,EMP0016,Engineering,Engineering Manager,2023-05-26,10474.68,0.0,0.0,10474.68,MGR013,2023-05-26 15:00:00
TXN00003417,EMP0017,HR,HR Specialist,2023-05-26,5395.52,1.9,89.43,5484.95,MGR014,2023-05-26 16:00:00
TXN00003418,EMP0018,HR,HR Specialist,2023-05-26,6806.67,5.6,331.5,7138.16,MGR014,2023-05-26 14:00:00
TXN00003419,EMP0019,Sales,Sales Rep,2023-05-26,4156.24,0.0,0.0,4156.24,MGR009,2023-05-26 09:00:00
TXN00003420,EMP0020,Operations,Operations Analyst,2023-05-26,5491.77,1.2,57.8,5549.57,MGR019,2023-05-26 08:00:00
TXN00003421,EMP0021,Engineering,Senior Dev,2023-05-26,6337.25,2.6,139.92,6477.17,MGR013,2023-05-26 11:00:00
TXN00003422,EMP0022,Finance,Finance Manager,2023-05-26,9664.68,0.0,0.0,9664.68,MGR017,2023-05-26 13:00:00
TXN00003423,EMP0023,Operations,Operations Lead,2023-05-26,8677.93,1.2,91.59,8769.52,MGR019,2023-05-26 15:00:00
TXN00003424,EMP0024,Marketing,Marketing Specialist,2023-05-26,5327.61,0.8,37.75,5365.36,MGR019,2023-05-26 17:00:00
TXN00003425,EMP0025,Operations,Operations Lead,2023-05-26,8975.51,0.0,0.0,8975.51,MGR019,2023-05-26 15:00:00
TXN00003426,EMP0026,Operations,Operations Manager,2023-05-26,12600.78,0.0,0.0,12600.78,MGR019,2023-05-26 10:00:00
TXN00003427,EMP0027,HR,HR Manager,2023-05-26,13014.25,0.0,0.0,13014.25,MGR014,2023-05-26 15:00:00
TXN00003428,EMP0028,HR,HR Manager,2023-05-26,11875.28,0.0,0.0,11875.28,MGR014,2023-05-26 17:00:00
TXN00003429,EMP0029,Sales,Regional Director,2023-05-26,11348.67,2.4,236.39,11585.05,MGR009,2023-05-26 16:00:00
TXN00003430,EMP0030,Marketing,Marketing Manager,2023-05-26,8684.42,0.0,0.0,8684.42,MGR019,2023-05-26 13:00:00
TXN00003431,EMP0031,HR,HR Coord,2023-05-26,3891.72,0.0,0.0,3891.72,MGR014,2023-05-26 13:00:00
TXN00003432,EMP0032,Marketing,Marketing Coord,2023-05-26,4484.93,0.9,34.78,4519.71,MGR019,2023-05-26 10:00:00
TXN00003433,EMP0033,Engineering,Tech Lead,2023-05-26,8587.39,0.0,0.0,8587.39,MGR013,2023-05-26 12:00:00
TXN00003434,EMP0034,Marketing,Marketing Coord,2023-05-26,3850.71,1.8,61.19,3911.9,MGR019,2023-05-26 09:00:00
TXN00003435,EMP0035,HR,HR Manager,2023-05-26,9869.11,0.0,0.0,9869.11,MGR014,2023-05-26 12:00:00
TXN00003436,EMP0036,Sales,Regional Director,2023-05-26,14237.79,3.7,456.67,14694.46,MGR009,2023-05-26 08:00:00
TXN00003437,EMP0037,Operations,Operations Lead,2023-05-26,8275.66,20.113042096823694,1440.421424645192,9716.081424645192,MGR019,2023-05-26 14:00:00
TXN00003438,EMP0038,Marketing,Marketing Coord,2023-05-26,4547.26,0.0,0.0,4547.26,MGR019,2023-05-26 08:00:00
TXN00003439,EMP0039,Operations,Operations Manager,2023-05-26,10954.57,81.32802657476161,7709.82888526517,18664.39888526517,MGR019,2023-05-26 10:00:00
TXN00003440,EMP0040,Marketing,Marketing Manager,2023-05-26,9598.62,0.0,0.0,9598.62,MGR019,2023-05-26 17:00:00
TXN00003441,EMP0041,Finance,Controller,2023-05-26,13631.32,0.0,0.0,13631.32,MGR017,2023-05-26 11:00:00
TXN00003442,EMP0042,Sales,Senior Sales,2023-05-26,6548.4,5.7,325.43,6873.83,MGR009,2023-05-26 11:00:00
TXN00003443,EMP0043,Finance,Analyst,2023-05-26,4795.53,6.2,258.29,5053.82,MGR017,2023-05-26 11:00:00
TXN00003444,EMP0044,Engineering,Senior Dev,2023-05-26,7801.12,3.8,259.76,8060.88,MGR013,2023-05-26 11:00:00
TXN00003445,EMP0045,Sales,Regional Director,2023-05-26,15087.19,7.1,925.76,16012.95,MGR009,2023-05-26 12:00:00
TXN00003446,EMP0046,Engineering,Engineering Manager,2023-05-26,9386.42,0.0,0.0,9386.42,MGR013,2023-05-26 14:00:00
TXN00003447,EMP0047,HR,HR Specialist,2023-05-26,6140.56,0.3,13.63,6154.19,MGR014,2023-05-26 16:00:00
TXN00003448,EMP0048,Marketing,Marketing Manager,2023-05-26,11348.61,0.0,0.0,11348.61,MGR019,2023-05-26 08:00:00
TXN00003449,EMP0049,Operations,Operations Manager,2023-05-26,10413.0,0.0,0.0,10413.0,MGR019,2023-05-26 08:00:00
TXN00003450,EMP0050,Operations,Operations Manager,2023-05-26,8475.73,0.0,0.0,8475.73,MGR019,2023-05-26 15:00:00
TXN00003451,EMP0051,Operations,Operations Lead,2023-05-26,8038.62,0.9,65.6,8104.23,MGR019,2023-05-26 10:00:00
TXN00003452,EMP0052,Marketing,Marketing Specialist,2023-05-26,5324.96,0.0,0.0,5324.96,MGR019,2023-05-26 10:00:00
TXN00003453,EMP0053,Finance,Analyst,2023-05-26,5776.99,13.6,678.1,6455.09,MGR017,2023-05-26 17:00:00
TXN00003454,EMP0054,Operations,Operations Lead,2023-05-26,9246.61,3.3,267.64,9514.26,MGR019,2023-05-26 08:00:00
TXN00003455,EMP0055,Sales,Sales Rep,2023-05-26,4055.4,0.4,12.7,4068.1,MGR009,2023-05-26 11:00:00
TXN00003456,EMP0056,Marketing,Marketing Manager,2023-05-26,9397.26,0.0,0.0,9397.26,MGR019,2023-05-26 12:00:00
TXN00003457,EMP0057,HR,HR Coord,2023-05-26,4940.74,0.0,0.0,4940.74,MGR014,2023-05-26 17:00:00
TXN00003458,EMP0058,Marketing,Marketing Coord,2023-05-26,4632.85,0.0,0.0,4632.85,MGR019,2023-05-26 12:00:00
TXN00003459,EMP0059,HR,HR Coord,2023-05-26,4391.67,1.1,40.68,4432.35,MGR014,2023-05-26 12:00:00
TXN00003460,EMP0060,Marketing,Marketing Specialist,2023-05-26,6353.27,1.0,55.26,6408.52,MGR019,2023-05-26 14:00:00
TXN00003461,EMP0061,Engineering,Tech Lead,2023-05-26,10811.75,0.0,0.0,10811.75,MGR013,2023-05-26 14:00:00
TXN00003462,EMP0062,Sales,Sales Rep,2023-05-26,4176.52,4.2,153.09,4329.6,MGR009,2023-05-26 13:00:00
TXN00003463,EMP0063,HR,HR Coord,2023-05-26,3739.19,0.2,7.83,3747.02,MGR014,2023-05-26 15:00:00
TXN00003464,EMP0064,Operations,Operations Lead,2023-05-26,10674.03,0.3,29.92,10703.95,MGR019,2023-05-26 12:00:00
TXN00003465,EMP0065,HR,HR Coord,2023-05-26,3485.37,8.1,244.85,3730.22,MGR014,2023-05-26 11:00:00
TXN00003466,EMP0066,Operations,Operations Lead,2023-05-26,8672.28,4.9,364.42,9036.7,MGR019,2023-05-26 15:00:00
TXN00003467,EMP0067,Sales,Sales Manager,2023-05-26,8948.71,0.0,0.0,8948.71,MGR009,2023-05-26 12:00:00
TXN00003468,EMP0068,HR,HR Specialist,2023-05-26,6299.01,6.3,341.28,6640.3,MGR014,2023-05-26 16:00:00
TXN00003469,EMP0069,HR,HR Manager,2023-05-26,10795.65,0.0,0.0,10795.65,MGR014,2023-05-26 17:00:00
TXN00003470,EMP0070,Sales,Sales Manager,2023-05-26,10977.25,0.0,0.0,10977.25,MGR009,2023-05-26 14:00:00
TXN00003471,EMP0071,Operations,Operations Manager,2023-05-26,11742.36,0.0,0.0,11742.36,MGR019,2023-05-26 17:00:00
TXN00003472,EMP0072,Finance,Controller,2023-05-26,11907.85,0.0,0.0,11907.85,MGR017,2023-05-26 09:00:00
TXN00003473,EMP0073,Sales,Senior Sales,2023-05-26,6441.24,0.0,0.0,6441.24,MGR009,2023-05-26 08:00:00
TXN00003474,EMP0074,Marketing,Marketing Coord,2023-05-26,4266.93,2.3,86.07,4353.0,MGR019,2023-05-26 16:00:00
TXN00003475,EMP0075,HR,HR Coord,2023-05-26,3464.27,0.2,5.84,3470.11,MGR014,2023-05-26 13:00:00
TXN00003476,EMP0076,Sales,Sales Rep,2023-05-26,4965.61,0.1,4.26,4969.86,MGR009,2023-05-26 16:00:00
TXN00003477,EMP0077,Operations,Operations Manager,2023-05-26,9171.93,0.0,0.0,9171.93,MGR019,2023-05-26 17:00:00
TXN00003478,EMP0078,Sales,Sales Rep,2023-05-26,5064.91,0.0,0.0,5064.91,MGR009,2023-05-26 17:00:00
TXN00003479,EMP0079,Marketing,Marketing Coord,2023-05-26,4532.56,5.4,212.8,4745.36,MGR019,2023-05-26 12:00:00
TXN00003480,EMP0080,Sales,Sales Manager,2023-05-26,9838.75,0.0,0.0,9838.75,MGR009,2023-05-26 12:00:00
TXN00003481,EMP0081,Finance,Senior Analyst,2023-05-26,6995.72,1.4,84.58,7080.3,MGR017,2023-05-26 09:00:00
TXN00003482,EMP0082,Sales,Regional Director,2023-05-26,14093.38,2.0,245.62,14339.0,MGR009,2023-05-26 15:00:00
TXN00003483,EMP0083,Finance,Controller,2023-05-26,11415.72,0.0,0.0,11415.72,MGR017,2023-05-26 09:00:00
TXN00003484,EMP0084,Engineering,Junior Dev,2023-05-26,4337.7,12.9,485.39,4823.09,MGR013,2023-05-26 13:00:00
TXN00003485,EMP0085,Finance,Finance Manager,2023-05-26,8923.43,0.0,0.0,8923.43,MGR017,2023-05-26 12:00:00
TXN00003486,EMP0086,Finance,Controller,2023-05-26,12270.85,0.0,0.0,12270.85,MGR017,2023-05-26 13:00:00
TXN00003487,EMP0087,Engineering,Junior Dev,2023-05-26,4674.43,2.9,119.3,4793.73,MGR013,2023-05-26 12:00:00
TXN00003488,EMP0088,Finance,Finance Manager,2023-05-26,10604.43,0.0,0.0,10604.43,MGR017,2023-05-26 12:00:00
TXN00003489,EMP0089,Sales,Senior Sales,2023-05-26,7486.15,2.2,145.51,7631.66,MGR009,2023-05-26 12:00:00
TXN00003490,EMP0090,HR,HR Specialist,2023-05-26,6199.09,0.6,30.15,6229.24,MGR014,2023-05-26 11:00:00
TXN00003491,EMP0091,Finance,Senior Analyst,2023-05-26,6591.18,1.2,65.7,6656.87,MGR017,2023-05-26 10:00:00
TXN00003492,EMP0092,Finance,Senior Analyst,2023-05-26,8736.74,0.7,53.5,8790.24,MGR017,2023-05-26 16:00:00
TXN00003493,EMP0093,Finance,Analyst,2023-05-26,4894.09,10.5,446.03,5340.12,MGR017,2023-05-26 11:00:00
TXN00003494,EMP0094,Operations,Operations Manager,2023-05-26,11594.89,0.0,0.0,11594.89,MGR019,2023-05-26 08:00:00
TXN00003495,EMP0095,Engineering,Senior Dev,2023-05-26,7052.01,0.0,0.0,7052.01,MGR013,2023-05-26 17:00:00
TXN00003496,EMP0096,Finance,Controller,2023-05-26,11717.78,0.0,0.0,11717.78,MGR017,2023-05-26 14:00:00
TXN00003497,EMP0097,Sales,Regional Director,2023-05-26,15462.52,0.4,58.51,15521.02,MGR009,2023-05-26 13:00:00
TXN00003498,EMP0098,Sales,Regional Director,2023-05-26,12561.59,3.6,389.86,12951.44,MGR009,2023-05-26 10:00:00
TXN00003499,EMP0099,Finance,Finance Manager,2023-05-26,12220.41,0.0,0.0,12220.41,MGR017,2023-05-26 08:00:00
TXN00003500,EMP0100,Marketing,Marketing Specialist,2023-05-26,6612.31,0.0,0.0,6612.31,MGR019,2023-05-26 15:00:00
TXN00003501,EMP0101,Operations,Operations Manager,2023-05-26,10528.67,0.0,0.0,10528.67,MGR019,2023-05-26 12:00:00
TXN00003502,EMP0102,Operations,Operations Lead,2023-05-26,8989.25,5.5,430.9,9420.15,MGR019,2023-05-26 12:00:00
TXN00003503,EMP0103,Sales,Sales Manager,2023-05-26,10360.5,0.0,0.0,10360.5,MGR009,2023-05-26 14:00:00
TXN00003504,EMP0104,Engineering,Junior Dev,2023-05-26,4175.23,0.0,0.0,4175.23,MGR013,2023-05-26 14:00:00
TXN00003505,EMP0105,Engineering,Junior Dev,2023-05-26,3797.97,7.6,249.09,4047.06,MGR013,2023-05-26 14:00:00
TXN00003506,EMP0106,Finance,Senior Analyst,2023-05-26,7469.34,0.3,18.38,7487.72,MGR017,2023-05-26 08:00:00
TXN00003507,EMP0107,HR,HR Coord,2023-05-26,4211.49,0.0,0.0,4211.49,MGR014,2023-05-26 17:00:00
TXN00003508,EMP0108,Engineering,Junior Dev,2023-05-26,5017.19,1.2,53.57,5070.76,MGR013,2023-05-26 17:00:00
TXN00003509,EMP0109,Sales,Regional Director,2023-05-26,13192.84,0.2,18.01,13210.85,MGR009,2023-05-26 11:00:00
TXN00003510,EMP0110,HR,HR Coord,2023-05-26,4615.95,0.4,15.77,4631.72,MGR014,2023-05-26 13:00:00
TXN00003511,EMP0111,HR,HR Coord,2023-05-26,4364.79,1.3,48.94,4413.73,MGR014,2023-05-26 11:00:00
TXN00003512,EMP0112,Engineering,Engineering Manager,2023-05-26,8883.38,0.0,0.0,8883.38,MGR013,2023-05-26 16:00:00
TXN00003513,EMP0113,HR,HR Manager,2023-05-26,9372.03,0.0,0.0,9372.03,MGR014,2023-05-26 15:00:00
TXN00003514,EMP0114,Marketing,Marketing Specialist,2023-05-26,6390.94,1.4,75.75,6466.69,MGR019,2023-05-26 13:00:00
TXN00003515,EMP0115,Operations,Operations Manager,2023-05-26,11983.42,0.0,0.0,11983.42,MGR019,2023-05-26 16:00:00
TXN00003516,EMP0116,Sales,Sales Manager,2023-05-26,11442.95,0.0,0.0,11442.95,MGR009,2023-05-26 12:00:00
TXN00003517,EMP0117,Sales,Sales Manager,2023-05-26,10673.75,0.0,0.0,10673.75,MGR009,2023-05-26 10:00:00
TXN00003518,EMP0118,Marketing,Marketing Coord,2023-05-26,3852.51,1.4,45.69,3898.2,MGR019,2023-05-26 16:00:00
TXN00003519,EMP0119,Finance,Analyst,2023-05-26,4641.47,3.0,119.22,4760.69,MGR017,2023-05-26 10:00:00
TXN00003520,EMP0120,HR,HR Coord,2023-05-26,4188.6,12.8,463.68,4652.28,MGR014,2023-05-26 12:00:00
TXN00003521,EMP0121,Marketing,Marketing Coord,2023-05-26,5185.24,0.0,0.0,5185.24,MGR019,2023-05-26 09:00:00
TXN00003522,EMP0122,Engineering,Senior Dev,2023-05-26,7953.97,2.6,178.43,8132.4,MGR013,2023-05-26 15:00:00
TXN00003523,EMP0123,Marketing,Marketing Coord,2023-05-26,3855.55,0.0,0.0,3855.55,MGR019,2023-05-26 10:00:00
TXN00003524,EMP0124,HR,HR Manager,2023-05-26,11224.71,0.0,0.0,11224.71,MGR014,2023-05-26 12:00:00
TXN00003525,EMP0125,HR,HR Manager,2023-05-26,12873.62,0.0,0.0,12873.62,MGR014,2023-05-26 16:00:00
TXN00003526,EMP0126,Engineering,Tech Lead,2023-05-26,8476.43,0.0,0.0,8476.43,MGR013,2023-05-26 10:00:00
TXN00003527,EMP0127,Engineering,Senior Dev,2023-05-26,7780.49,3.2,212.48,7992.96,MGR013,2023-05-26 13:00:00
TXN00003528,EMP0128,Engineering,Junior Dev,2023-05-26,4229.37,0.0,0.0,4229.37,MGR013,2023-05-26 09:00:00
TXN00003529,EMP0129,Sales,Sales Manager,2023-05-26,12272.22,0.0,0.0,12272.22,MGR009,2023-05-26 11:00:00
TXN00003530,EMP0130,HR,HR Coord,2023-05-26,4070.73,0.0,0.0,4070.73,MGR014,2023-05-26 13:00:00
TXN00003531,EMP0131,Marketing,Marketing Coord,2023-05-26,4717.41,2.4,96.21,4813.61,MGR019,2023-05-26 11:00:00
TXN00003532,EMP0132,Operations,Operations Lead,2023-05-26,8194.28,0.0,0.0,8194.28,MGR019,2023-05-26 12:00:00
TXN00003533,EMP0133,Finance,Finance Manager,2023-05-26,12169.82,0.0,0.0,12169.82,MGR017,2023-05-26 14:00:00
TXN00003534,EMP0134,Engineering,Engineering Manager,2023-05-26,11431.86,0.0,0.0,11431.86,MGR013,2023-05-26 13:00:00
TXN00003535,EMP0135,Engineering,Junior Dev,2023-05-26,4439.85,0.0,0.0,4439.85,MGR013,2023-05-26 13:00:00
TXN00003536,EMP0136,Sales,Sales Manager,2023-05-26,12130.79,0.0,0.0,12130.79,MGR009,2023-05-26 12:00:00
TXN00003537,EMP0137,Operations,Operations Lead,2023-05-26,11085.71,1.9,179.38,11265.08,MGR019,2023-05-26 17:00:00
TXN00003538,EMP0138,Operations,Operations Lead,2023-05-26,9145.04,1.2,97.75,9242.78,MGR019,2023-05-26 12:00:00
TXN00003539,EMP0139,Engineering,Junior Dev,2023-05-26,5400.48,1.5,71.7,5472.17,MGR013,2023-05-26 15:00:00
TXN00003540,EMP0140,Operations,Operations Analyst,2023-05-26,5845.28,2.9,146.67,5991.95,MGR019,2023-05-26 09:00:00
TXN00003541,EMP0141,Engineering,Tech Lead,2023-05-26,9965.7,0.0,0.0,9965.7,MGR013,2023-05-26 15:00:00
TXN00003542,EMP0142,HR,HR Coord,2023-05-26,3825.33,5.4,179.72,4005.05,MGR014,2023-05-26 08:00:00
TXN00003543,EMP0143,Sales,Sales Rep,2023-05-26,4482.67,0.4,14.94,4497.61,MGR009,2023-05-26 17:00:00
TXN00003544,EMP0144,Marketing,Marketing Coord,2023-05-26,4099.11,0.0,0.0,4099.11,MGR019,2023-05-26 17:00:00
TXN00003545,EMP0145,Sales,Senior Sales,2023-05-26,6775.07,11.0,647.16,7422.24,MGR009,2023-05-26 17:00:00
TXN00003546,EMP0146,Engineering,Tech Lead,2023-05-26,7593.55,0.0,0.0,7593.55,MGR013,2023-05-26 09:00:00
TXN00003547,EMP0147,Finance,Senior Analyst,2023-05-26,7749.31,0.0,0.0,7749.31,MGR017,2023-05-26 15:00:00
TXN00003548,EMP0148,Sales,Senior Sales,2023-05-26,6368.3,12.0,658.97,7027.27,MGR009,2023-05-26 11:00:00
TXN00003549,EMP0149,Engineering,Senior Dev,2023-05-26,7545.98,1.1,70.73,7616.71,MGR013,2023-05-26 16:00:00
TXN00003550,EMP0150,Finance,Senior Analyst,2023-05-26,7169.19,1.3,80.18,7249.37,MGR017,2023-05-26 09:00:00
TXN00003551,EMP0151,Sales,Sales Rep,2023-05-26,3988.07,0.0,0.0,3988.07,MGR009,2023-05-26 14:00:00
TXN00003552,EMP0152,Engineering,Engineering Manager,2023-05-26,10752.42,0.0,0.0,10752.42,MGR013,2023-05-26 16:00:00
TXN00003553,EMP0153,Sales,Regional Director,2023-05-26,15937.52,3.2,437.61,16375.14,MGR009,2023-05-26 12:00:00
TXN00003554,EMP0154,Marketing,Marketing Coord,2023-05-26,4071.82,1.4,47.93,4119.75,MGR019,2023-05-26 14:00:00
TXN00003555,EMP0155,Engineering,Senior Dev,2023-05-26,7631.91,0.0,0.0,7631.91,MGR013,2023-05-26 08:00:00
TXN00003556,EMP0156,Marketing,Marketing Specialist,2023-05-26,5341.01,5.3,243.17,5584.18,MGR019,2023-05-26 10:00:00
TXN00003557,EMP0157,Marketing,Marketing Specialist,2023-05-26,5319.42,4.3,198.35,5517.77,MGR019,2023-05-26 10:00:00
TXN00003558,EMP0158,HR,HR Specialist,2023-05-26,6403.6,0.0,0.0,6403.6,MGR014,2023-05-26 11:00:00
TXN00003559,EMP0159,HR,HR Specialist,2023-05-26,5325.04,2.5,116.29,5441.33,MGR014,2023-05-26 13:00:00
TXN00003560,EMP0160,Engineering,Tech Lead,2023-05-26,8027.45,0.0,0.0,8027.45,MGR013,2023-05-26 14:00:00
TXN00003561,EMP0161,HR,HR Specialist,2023-05-26,5912.38,0.0,0.0,5912.38,MGR014,2023-05-26 17:00:00
TXN00003562,EMP0162,Engineering,Engineering Manager,2023-05-26,10741.56,0.0,0.0,10741.56,MGR013,2023-05-26 15:00:00
TXN00003563,EMP0163,Operations,Operations Lead,2023-05-26,10681.51,0.5,42.72,10724.23,MGR019,2023-05-26 10:00:00
TXN00003564,EMP0164,HR,HR Manager,2023-05-26,15254.12285228881,0.0,0.0,15254.12285228881,MGR014,2023-05-26 13:00:00
TXN00003565,EMP0165,Finance,Senior Analyst,2023-05-26,6822.06,6.1,358.77,7180.84,MGR017,2023-05-26 10:00:00
TXN00003566,EMP0166,Engineering,Engineering Manager,2023-05-26,10329.97,0.0,0.0,10329.97,MGR013,2023-05-26 09:00:00
TXN00003567,EMP0167,HR,HR Manager,2023-05-26,8443.36,0.0,0.0,8443.36,MGR014,2023-05-26 15:00:00
TXN00003568,EMP0168,Operations,Operations Manager,2023-05-26,8507.85,0.0,0.0,8507.85,MGR019,2023-05-26 13:00:00
TXN00003569,EMP0169,Sales,Sales Manager,2023-05-26,12001.08,0.0,0.0,12001.08,MGR009,2023-05-26 10:00:00
TXN00003570,EMP0170,Engineering,Tech Lead,2023-05-26,8739.09,0.0,0.0,8739.09,MGR013,2023-05-26 13:00:00
TXN00003571,EMP0171,Marketing,Marketing Manager,2023-05-26,10355.85,0.0,0.0,10355.85,MGR019,2023-05-26 08:00:00
TXN00003572,EMP0172,Operations,Operations Lead,2023-05-26,8203.79,0.0,0.0,8203.79,MGR019,2023-05-26 08:00:00
TXN00003573,EMP0173,Marketing,Marketing Manager,2023-05-26,10216.3,0.0,0.0,10216.3,MGR019,2023-05-26 15:00:00
TXN00003574,EMP0174,Marketing,Marketing Specialist,2023-05-26,5657.52,1.4,67.24,5724.76,MGR019,2023-05-26 12:00:00
TXN00003575,EMP0175,Marketing,Marketing Manager,2023-05-26,10147.26,0.0,0.0,10147.26,MGR019,2023-05-26 11:00:00
TXN00003576,EMP0176,Sales,Regional Director,2023-05-26,14435.8,2.2,278.41,14714.21,MGR009,2023-05-26 10:00:00
TXN00003577,EMP0177,Finance,Senior Analyst,2023-05-26,7282.5,0.9,59.36,7341.86,MGR017,2023-05-26 17:00:00
TXN00003578,EMP0178,HR,HR Specialist,2023-05-26,4991.01,8.1,351.05,5342.06,MGR014,2023-05-26 10:00:00
TXN00003579,EMP0179,HR,HR Coord,2023-05-26,3544.49,0.0,0.0,3544.49,MGR014,2023-05-26 15:00:00
TXN00003580,EMP0180,Marketing,Marketing Coord,2023-05-26,4740.4,3.1,128.4,4868.8,MGR019,2023-05-26 09:00:00
TXN00003581,EMP0181,HR,HR Manager,2023-05-26,10222.67,0.0,0.0,10222.67,MGR014,2023-05-26 10:00:00
TXN00003582,EMP0182,Marketing,Marketing Specialist,2023-05-26,5600.16,2.4,114.73,5714.89,MGR019,2023-05-26 17:00:00
TXN00003583,EMP0183,Finance,Senior Analyst,2023-05-26,8022.91,0.3,17.7,8040.62,MGR017,2023-05-26 14:00:00
TXN00003584,EMP0184,Finance,Senior Analyst,2023-05-26,8944.23,9.0,699.11,9643.34,MGR017,2023-05-26 14:00:00
TXN00003585,EMP0185,Engineering,Tech Lead,2023-05-26,8023.94,0.0,0.0,8023.94,MGR013,2023-05-26 14:00:00
TXN00003586,EMP0186,Operations,Operations Manager,2023-05-26,8678.83,0.0,0.0,8678.83,MGR019,2023-05-26 14:00:00
TXN00003587,EMP0187,Marketing,Marketing Coord,2023-05-26,3689.3,0.1,3.67,3692.97,MGR019,2023-05-26 15:00:00
TXN00003588,EMP0188,Operations,Operations Lead,2023-05-26,7854.94,0.0,0.0,7854.94,MGR019,2023-05-26 14:00:00
TXN00003589,EMP0189,Sales,Senior Sales,2023-05-26,7604.22,2.1,140.31,7744.53,MGR009,2023-05-26 08:00:00
TXN00003590,EMP0190,Engineering,Senior Dev,2023-05-26,7679.73,4.1,272.25,7951.98,MGR013,2023-05-26 08:00:00
TXN00003591,EMP0191,HR,HR Coord,2023-05-26,3730.25,0.6,20.4,3750.64,MGR014,2023-05-26 16:00:00
TXN00003592,EMP0192,Finance,Senior Analyst,2023-05-26,8043.48,1.0,70.43,8113.91,MGR017,2023-05-26 11:00:00
TXN00003593,EMP0193,Operations,Operations Lead,2023-05-26,10249.22,3.1,275.75,10524.97,MGR019,2023-05-26 13:00:00
TXN00003594,EMP0194,Finance,Senior Analyst,2023-05-26,6496.16,5.2,293.49,6789.65,MGR017,2023-05-26 08:00:00
TXN00003595,EMP0195,Operations,Operations Manager,2023-05-26,11904.32,0.0,0.0,11904.32,MGR019,2023-05-26 13:00:00
TXN00003596,EMP0196,Engineering,Engineering Manager,2023-05-26,12006.46,0.0,0.0,12006.46,MGR013,2023-05-26 16:00:00
TXN00003597,EMP0197,Sales,Regional Director,2023-05-26,13496.4,3.7,433.42,13929.81,MGR009,2023-05-26 11:00:00
TXN00003598,EMP0198,HR,HR Coord,2023-05-26,4854.179046558391,2.2,81.96,4936.139046558391,MGR014,2023-05-26 08:00:00
TXN00003599,EMP0199,Finance,Senior Analyst,2023-05-26,7877.94,2.5,172.25,8050.19,MGR017,2023-05-26 08:00:00
TXN00003600,EMP0200,Operations,Operations Manager,2023-05-26,11749.49,0.0,0.0,11749.49,MGR019,2023-05-26 11:00:00
TXN00003601,EMP0001,Operations,Operations Analyst,2023-06-25,5509.53,0.0,0.0,5509.53,MGR019,2023-06-25 11:00:00
TXN00003602,EMP0002,Operations,Operations Lead,2023-06-25,9841.05,1.8,156.58,9997.63,MGR019,2023-06-25 13:00:00
TXN00003603,EMP0003,Sales,Senior Sales,2023-06-25,6221.04,0.0,0.0,6221.04,MGR009,2023-06-25 12:00:00
TXN00003604,EMP0004,Operations,Operations Manager,2023-06-25,9555.93,0.0,0.0,9555.93,MGR019,2023-06-25 10:00:00
TXN00003605,EMP0005,Engineering,Engineering Manager,2023-06-25,11100.7,0.0,0.0,11100.7,MGR013,2023-06-25 09:00:00
TXN00003606,EMP0006,Engineering,Junior Dev,2023-06-25,4351.95,1.8,68.67,4420.63,MGR013,2023-06-25 14:00:00
TXN00003607,EMP0007,Sales,Sales Rep,2023-06-25,4859.16,1.3,55.66,4914.82,MGR009,2023-06-25 16:00:00
TXN00003608,EMP0008,Sales,Regional Director,2023-06-25,11731.85,2.1,213.39,11945.24,MGR009,2023-06-25 17:00:00
TXN00003609,EMP0009,Finance,Finance Manager,2023-06-25,9764.7,0.0,0.0,9764.7,MGR017,2023-06-25 12:00:00
TXN00003610,EMP0010,Sales,Regional Director,2023-06-25,12894.02,1.2,138.27,13032.29,MGR009,2023-06-25 10:00:00
TXN00003611,EMP0011,Marketing,Marketing Coord,2023-06-25,4135.09,0.0,0.0,4135.09,MGR019,2023-06-25 09:00:00
TXN00003612,EMP0012,Marketing,Marketing Coord,2023-06-25,3799.77,0.0,0.0,3799.77,MGR019,2023-06-25 08:00:00
TXN00003613,EMP0013,Finance,Analyst,2023-06-25,5381.41,0.1,5.62,5387.03,MGR017,2023-06-25 12:00:00
TXN00003614,EMP0014,Marketing,Marketing Manager,2023-06-25,9388.76,0.0,0.0,9388.76,MGR019,2023-06-25 12:00:00
TXN00003615,EMP0015,Engineering,Engineering Manager,2023-06-25,10337.47,0.0,0.0,10337.47,MGR013,2023-06-25 15:00:00
TXN00003616,EMP0016,Engineering,Engineering Manager,2023-06-25,10474.68,0.0,0.0,10474.68,MGR013,2023-06-25 16:00:00
TXN00003617,EMP0017,HR,HR Specialist,2023-06-25,5395.52,0.0,0.0,5395.52,MGR014,2023-06-25 17:00:00
TXN00003618,EMP0018,HR,HR Specialist,2023-06-25,6806.67,2.3,133.44,6940.11,MGR014,2023-06-25 16:00:00
TXN00003619,EMP0019,Sales,Sales Rep,2023-06-25,4156.24,0.8,30.56,4186.8,MGR009,2023-06-25 13:00:00
TXN00003620,EMP0020,Operations,Operations Analyst,2023-06-25,5491.77,3.0,141.18,5632.95,MGR019,2023-06-25 14:00:00
TXN00003621,EMP0021,Engineering,Senior Dev,2023-06-25,6337.25,4.1,223.3,6560.55,MGR013,2023-06-25 10:00:00
TXN00003622,EMP0022,Finance,Finance Manager,2023-06-25,9664.68,0.0,0.0,9664.68,MGR017,2023-06-25 13:00:00
TXN00003623,EMP0023,Operations,Operations Lead,2023-06-25,8677.93,1.6,120.28,8798.21,MGR019,2023-06-25 15:00:00
TXN00003624,EMP0024,Marketing,Marketing Specialist,2023-06-25,5327.61,0.0,0.0,5327.61,MGR019,2023-06-25 13:00:00
TXN00003625,EMP0025,Operations,Operations Lead,2023-06-25,8975.51,14.0,1088.57,10064.08,MGR019,2023-06-25 11:00:00
TXN00003626,EMP0026,Operations,Operations Manager,2023-06-25,12600.78,0.0,0.0,12600.78,MGR019,2023-06-25 10:00:00
TXN00003627,EMP0027,HR,HR Manager,2023-06-25,13014.25,0.0,0.0,13014.25,MGR014,2023-06-25 14:00:00
TXN00003628,EMP0028,HR,HR Manager,2023-06-25,11875.28,0.0,0.0,11875.28,MGR014,2023-06-25 08:00:00
TXN00003629,EMP0029,Sales,Regional Director,2023-06-25,11348.67,6.4,630.75,11979.41,MGR009,2023-06-25 11:00:00
TXN00003630,EMP0030,Marketing,Marketing Manager,2023-06-25,8684.42,0.0,0.0,8684.42,MGR019,2023-06-25 11:00:00
TXN00003631,EMP0031,HR,HR Coord,2023-06-25,3891.72,6.6,221.73,4113.45,MGR014,2023-06-25 10:00:00
TXN00003632,EMP0032,Marketing,Marketing Coord,2023-06-25,4484.93,1.1,43.98,4528.91,MGR019,2023-06-25 11:00:00
TXN00003633,EMP0033,Engineering,Tech Lead,2023-06-25,8587.39,0.0,0.0,8587.39,MGR013,2023-06-25 08:00:00
TXN00003634,EMP0034,Marketing,Marketing Coord,2023-06-25,3850.71,8.5,282.41,4133.13,MGR019,2023-06-25 17:00:00
TXN00003635,EMP0035,HR,HR Manager,2023-06-25,9869.11,0.0,0.0,9869.11,MGR014,2023-06-25 16:00:00
TXN00003636,EMP0036,Sales,Regional Director,2023-06-25,14237.79,0.0,0.0,14237.79,MGR009,2023-06-25 10:00:00
TXN00003637,EMP0037,Operations,Operations Lead,2023-06-25,8275.66,0.7,47.72,8323.37,MGR019,2023-06-25 09:00:00
TXN00003638,EMP0038,Marketing,Marketing Coord,2023-06-25,4547.26,1.5,57.5,4604.75,MGR019,2023-06-25 13:00:00
TXN00003639,EMP0039,Operations,Operations Manager,2023-06-25,10954.57,0.0,0.0,10954.57,MGR019,2023-06-25 08:00:00
TXN00003640,EMP0040,Marketing,Marketing Manager,2023-06-25,9598.62,0.0,0.0,9598.62,MGR019,2023-06-25 14:00:00
TXN00003641,EMP0041,Finance,Controller,2023-06-25,13631.32,0.0,0.0,13631.32,MGR017,2023-06-25 12:00:00
TXN00003642,EMP0042,Sales,Senior Sales,2023-06-25,6548.4,13.4,757.25,7305.65,MGR009,2023-06-25 16:00:00
TXN00003643,EMP0043,Finance,Analyst,2023-06-25,4795.53,0.2,7.47,4803.0,MGR017,2023-06-25 17:00:00
TXN00003644,EMP0044,Engineering,Senior Dev,2023-06-25,7801.12,1.7,116.01,7917.13,MGR013,2023-06-25 08:00:00
TXN00003645,EMP0045,Sales,Regional Director,2023-06-25,15087.19,8.8,1154.76,16241.96,MGR009,2023-06-25 17:00:00
TXN00003646,EMP0046,Engineering,Engineering Manager,2023-06-25,9386.42,0.0,0.0,9386.42,MGR013,2023-06-25 08:00:00
TXN00003647,EMP0047,HR,HR Specialist,2023-06-25,6140.56,2.7,142.45,6283.01,MGR014,2023-06-25 09:00:00
TXN00003648,EMP0048,Marketing,Marketing Manager,2023-06-25,11348.61,0.0,0.0,11348.61,MGR019,2023-06-25 08:00:00
TXN00003649,EMP0049,Operations,Operations Manager,2023-06-25,10413.0,0.0,0.0,10413.0,MGR019,2023-06-25 08:00:00
TXN00003650,EMP0050,Operations,Operations Manager,2023-06-25,8475.73,0.0,0.0,8475.73,MGR019,2023-06-25 09:00:00
TXN00003651,EMP0051,Operations,Operations Lead,2023-06-25,8038.62,4.5,310.98,8349.6,MGR019,2023-06-25 14:00:00
TXN00003652,EMP0052,Marketing,Marketing Specialist,2023-06-25,5324.96,2.4,111.22,5436.19,MGR019,2023-06-25 15:00:00
TXN00003653,EMP0053,Finance,Analyst,2023-06-25,5776.99,0.4,20.22,5797.21,MGR017,2023-06-25 14:00:00
TXN00003654,EMP0054,Operations,Operations Lead,2023-06-25,9246.61,0.9,75.17,9321.79,MGR019,2023-06-25 09:00:00
TXN00003655,EMP0055,Sales,Sales Rep,2023-06-25,4055.4,3.8,135.1,4190.49,MGR009,2023-06-25 16:00:00
TXN00003656,EMP0056,Marketing,Marketing Manager,2023-06-25,9397.26,0.0,0.0,9397.26,MGR019,2023-06-25 12:00:00
TXN00003657,EMP0057,HR,HR Coord,2023-06-25,4940.74,10.4,444.81,5385.56,MGR014,2023-06-25 15:00:00
TXN00003658,EMP0058,Marketing,Marketing Coord,2023-06-25,4632.85,0.2,7.9,4640.75,MGR019,2023-06-25 10:00:00
TXN00003659,EMP0059,HR,HR Coord,2023-06-25,4391.67,5.5,209.72,4601.39,MGR014,2023-06-25 11:00:00
TXN00003660,EMP0060,Marketing,Marketing Specialist,2023-06-25,6353.27,0.0,0.0,6353.27,MGR019,2023-06-25 08:00:00
TXN00003661,EMP0061,Engineering,Tech Lead,2023-06-25,10811.75,0.0,0.0,10811.75,MGR013,2023-06-25 12:00:00
TXN00003662,EMP0062,Sales,Sales Rep,2023-06-25,4176.52,1.2,41.86,4218.38,MGR009,2023-06-25 14:00:00
TXN00003663,EMP0063,HR,HR Coord,2023-06-25,3739.19,0.0,0.0,3739.19,MGR014,2023-06-25 09:00:00
TXN00003664,EMP0064,Operations,Operations Lead,2023-06-25,10674.03,2.9,264.82,10938.85,MGR019,2023-06-25 16:00:00
TXN00003665,EMP0065,HR,HR Coord,2023-06-25,3485.37,0.1,3.8,3489.17,MGR014,2023-06-25 12:00:00
TXN00003666,EMP0066,Operations,Operations Lead,2023-06-25,8672.28,0.9,69.39,8741.67,MGR019,2023-06-25 17:00:00
TXN00003667,EMP0067,Sales,Sales Manager,2023-06-25,8948.71,0.0,0.0,8948.71,MGR009,2023-06-25 17:00:00
TXN00003668,EMP0068,HR,HR Specialist,2023-06-25,6299.01,5.0,272.85,6571.86,MGR014,2023-06-25 10:00:00
TXN00003669,EMP0069,HR,HR Manager,2023-06-25,10795.65,0.0,0.0,10795.65,MGR014,2023-06-25 14:00:00
TXN00003670,EMP0070,Sales,Sales Manager,2023-06-25,10977.25,0.0,0.0,10977.25,MGR009,2023-06-25 09:00:00
TXN00003671,EMP0071,Operations,Operations Manager,2023-06-25,11742.36,0.0,0.0,11742.36,MGR019,2023-06-25 16:00:00
TXN00003672,EMP0072,Finance,Controller,2023-06-25,11907.85,0.0,0.0,11907.85,MGR017,2023-06-25 17:00:00
TXN00003673,EMP0073,Sales,Senior Sales,2023-06-25,6441.24,5.2,290.42,6731.66,MGR009,2023-06-25 09:00:00
TXN00003674,EMP0074,Marketing,Marketing Coord,2023-06-25,4266.93,10.4,384.61,4651.54,MGR019,2023-06-25 12:00:00
TXN00003675,EMP0075,HR,HR Coord,2023-06-25,3464.27,0.0,0.0,3464.27,MGR014,2023-06-25 09:00:00
TXN00003676,EMP0076,Sales,Sales Rep,2023-06-25,4965.61,0.0,0.0,4965.61,MGR009,2023-06-25 09:00:00
TXN00003677,EMP0077,Operations,Operations Manager,2023-06-25,9171.93,0.0,0.0,9171.93,MGR019,2023-06-25 15:00:00
TXN00003678,EMP0078,Sales,Sales Rep,2023-06-25,5064.91,0.4,17.84,5082.75,MGR009,2023-06-25 11:00:00
TXN00003679,EMP0079,Marketing,Marketing Coord,2023-06-25,4532.56,2.0,77.51,4610.08,MGR019,2023-06-25 17:00:00
TXN00003680,EMP0080,Sales,Sales Manager,2023-06-25,9838.75,0.0,0.0,9838.75,MGR009,2023-06-25 11:00:00
TXN00003681,EMP0081,Finance,Senior Analyst,2023-06-25,6995.72,2.0,122.77,7118.49,MGR017,2023-06-25 12:00:00
TXN00003682,EMP0082,Sales,Regional Director,2023-06-25,14093.38,0.0,0.0,14093.38,MGR009,2023-06-25 16:00:00
TXN00003683,EMP0083,Finance,Controller,2023-06-25,11415.72,0.0,0.0,11415.72,MGR017,2023-06-25 11:00:00
TXN00003684,EMP0084,Engineering,Junior Dev,2023-06-25,4337.7,1.7,62.2,4399.9,MGR013,2023-06-25 13:00:00
TXN00003685,EMP0085,Finance,Finance Manager,2023-06-25,8923.43,0.0,0.0,8923.43,MGR017,2023-06-25 14:00:00
TXN00003686,EMP0086,Finance,Controller,2023-06-25,12270.85,0.0,0.0,12270.85,MGR017,2023-06-25 12:00:00
TXN00003687,EMP0087,Engineering,Junior Dev,2023-06-25,4674.43,1.1,43.1,4717.52,MGR013,2023-06-25 10:00:00
TXN00003688,EMP0088,Finance,Finance Manager,2023-06-25,10604.43,0.0,0.0,10604.43,MGR017,2023-06-25 08:00:00
TXN00003689,EMP0089,Sales,Senior Sales,2023-06-25,7486.15,0.0,0.0,7486.15,MGR009,2023-06-25 16:00:00
TXN00003690,EMP0090,HR,HR Specialist,2023-06-25,6199.09,1.4,74.83,6273.92,MGR014,2023-06-25 15:00:00
TXN00003691,EMP0091,Finance,Senior Analyst,2023-06-25,6591.18,0.8,42.91,6634.09,MGR017,2023-06-25 11:00:00
TXN00003692,EMP0092,Finance,Senior Analyst,2023-06-25,8736.74,0.0,0.0,8736.74,MGR017,2023-06-25 15:00:00
TXN00003693,EMP0093,Finance,Analyst,2023-06-25,4894.09,0.3,10.6,4904.69,MGR017,2023-06-25 13:00:00
TXN00003694,EMP0094,Operations,Operations Manager,2023-06-25,11594.89,0.0,0.0,11594.89,MGR019,2023-06-25 11:00:00
TXN00003695,EMP0095,Engineering,Senior Dev,2023-06-25,7052.01,4.9,301.77,7353.78,MGR013,2023-06-25 08:00:00
TXN00003696,EMP0096,Finance,Controller,2023-06-25,11717.78,0.0,0.0,11717.78,MGR017,2023-06-25 08:00:00
TXN00003697,EMP0097,Sales,Regional Director,2023-06-25,15462.52,0.0,0.0,15462.52,MGR009,2023-06-25 09:00:00
TXN00003698,EMP0098,Sales,Regional Director,2023-06-25,12561.59,0.0,0.0,12561.59,MGR009,2023-06-25 09:00:00
TXN00003699,EMP0099,Finance,Finance Manager,2023-06-25,12220.41,0.0,0.0,12220.41,MGR017,2023-06-25 17:00:00
TXN00003700,EMP0100,Marketing,Marketing Specialist,2023-06-25,6612.31,0.2,9.23,6621.53,MGR019,2023-06-25 15:00:00
TXN00003701,EMP0101,Operations,Operations Manager,2023-06-25,10528.67,35.56791228706423,3240.7166341682705,13769.38663416827,MGR019,2023-06-25 10:00:00
TXN00003702,EMP0102,Operations,Operations Lead,2023-06-25,8989.25,0.0,0.0,8989.25,MGR019,2023-06-25 09:00:00
TXN00003703,EMP0103,Sales,Sales Manager,2023-06-25,10360.5,0.0,0.0,10360.5,MGR009,2023-06-25 16:00:00
TXN00003704,EMP0104,Engineering,Junior Dev,2023-06-25,4175.23,0.8,28.74,4203.97,MGR013,2023-06-25 09:00:00
TXN00003705,EMP0105,Engineering,Junior Dev,2023-06-25,3797.97,0.0,0.0,3797.97,MGR013,2023-06-25 09:00:00
TXN00003706,EMP0106,Finance,Senior Analyst,2023-06-25,7469.34,0.0,0.0,7469.34,MGR017,2023-06-25 12:00:00
TXN00003707,EMP0107,HR,HR Coord,2023-06-25,4211.49,0.0,0.0,4211.49,MGR014,2023-06-25 11:00:00
TXN00003708,EMP0108,Engineering,Junior Dev,2023-06-25,5017.19,0.8,33.31,5050.5,MGR013,2023-06-25 15:00:00
TXN00003709,EMP0109,Sales,Regional Director,2023-06-25,13192.84,4.7,538.7,13731.54,MGR009,2023-06-25 12:00:00
TXN00003710,EMP0110,HR,HR Coord,2023-06-25,4615.95,0.2,8.27,4624.21,MGR014,2023-06-25 12:00:00
TXN00003711,EMP0111,HR,HR Coord,2023-06-25,4364.79,0.0,0.0,4364.79,MGR014,2023-06-25 15:00:00
TXN00003712,EMP0112,Engineering,Engineering Manager,2023-06-25,8883.38,0.0,0.0,8883.38,MGR013,2023-06-25 08:00:00
TXN00003713,EMP0113,HR,HR Manager,2023-06-25,9372.03,0.0,0.0,9372.03,MGR014,2023-06-25 09:00:00
TXN00003714,EMP0114,Marketing,Marketing Specialist,2023-06-25,6390.94,7.0,384.77,6775.71,MGR019,2023-06-25 10:00:00
TXN00003715,EMP0115,Operations,Operations Manager,2023-06-25,11983.42,0.0,0.0,11983.42,MGR019,2023-06-25 08:00:00
TXN00003716,EMP0116,Sales,Sales Manager,2023-06-25,11442.95,0.0,0.0,11442.95,MGR009,2023-06-25 12:00:00
TXN00003717,EMP0117,Sales,Sales Manager,2023-06-25,10673.75,0.0,0.0,10673.75,MGR009,2023-06-25 13:00:00
TXN00003718,EMP0118,Marketing,Marketing Coord,2023-06-25,3852.51,0.0,0.0,3852.51,MGR019,2023-06-25 13:00:00
TXN00003719,EMP0119,Finance,Analyst,2023-06-25,4641.47,2.8,112.53,4754.0,MGR017,2023-06-25 14:00:00
TXN00003720,EMP0120,HR,HR Coord,2023-06-25,4188.6,4.9,177.75,4366.35,MGR014,2023-06-25 09:00:00
TXN00003721,EMP0121,Marketing,Marketing Coord,2023-06-25,5185.24,0.0,0.0,5185.24,MGR019,2023-06-25 09:00:00
TXN00003722,EMP0122,Engineering,Senior Dev,2023-06-25,7953.97,2.0,141.01,8094.97,MGR013,2023-06-25 08:00:00
TXN00003723,EMP0123,Marketing,Marketing Coord,2023-06-25,3855.55,2.5,81.98,3937.53,MGR019,2023-06-25 08:00:00
TXN00003724,EMP0124,HR,HR Manager,2023-06-25,11224.71,0.0,0.0,11224.71,MGR014,2023-06-25 10:00:00
TXN00003725,EMP0125,HR,HR Manager,2023-06-25,12873.62,0.0,0.0,12873.62,MGR014,2023-06-25 10:00:00
TXN00003726,EMP0126,Engineering,Tech Lead,2023-06-25,8476.43,0.0,0.0,8476.43,MGR013,2023-06-25 13:00:00
TXN00003727,EMP0127,Engineering,Senior Dev,2023-06-25,7780.49,2.6,177.97,7958.45,MGR013,2023-06-25 13:00:00
TXN00003728,EMP0128,Engineering,Junior Dev,2023-06-25,4229.37,4.3,157.16,4386.53,MGR013,2023-06-25 15:00:00
TXN00003729,EMP0129,Sales,Sales Manager,2023-06-25,12272.22,0.0,0.0,12272.22,MGR009,2023-06-25 17:00:00
TXN00003730,EMP0130,HR,HR Coord,2023-06-25,4070.73,0.2,5.75,4076.47,MGR014,2023-06-25 12:00:00
TXN00003731,EMP0131,Marketing,Marketing Coord,2023-06-25,4717.41,0.0,0.0,4717.41,MGR019,2023-06-25 09:00:00
TXN00003732,EMP0132,Operations,Operations Lead,2023-06-25,8194.28,0.0,0.0,8194.28,MGR019,2023-06-25 13:00:00
TXN00003733,EMP0133,Finance,Finance Manager,2023-06-25,12169.82,0.0,0.0,12169.82,MGR017,2023-06-25 13:00:00
TXN00003734,EMP0134,Engineering,Engineering Manager,2023-06-25,11431.86,0.0,0.0,11431.86,MGR013,2023-06-25 10:00:00
TXN00003735,EMP0135,Engineering,Junior Dev,2023-06-25,4439.85,1.3,50.76,4490.61,MGR013,2023-06-25 09:00:00
TXN00003736,EMP0136,Sales,Sales Manager,2023-06-25,12130.79,0.0,0.0,12130.79,MGR009,2023-06-25 14:00:00
TXN00003737,EMP0137,Operations,Operations Lead,2023-06-25,11085.71,1.6,156.9,11242.6,MGR019,2023-06-25 14:00:00
TXN00003738,EMP0138,Operations,Operations Lead,2023-06-25,9145.04,0.0,1.4,9146.43,MGR019,2023-06-25 15:00:00
TXN00003739,EMP0139,Engineering,Junior Dev,2023-06-25,5400.48,6.4,298.75,5699.23,MGR013,2023-06-25 12:00:00
TXN00003740,EMP0140,Operations,Operations Analyst,2023-06-25,5845.28,3.7,186.19,6031.47,MGR019,2023-06-25 14:00:00
TXN00003741,EMP0141,Engineering,Tech Lead,2023-06-25,9965.7,0.0,0.0,9965.7,MGR013,2023-06-25 15:00:00
TXN00003742,EMP0142,HR,HR Coord,2023-06-25,3825.33,0.0,0.0,3825.33,MGR014,2023-06-25 14:00:00
TXN00003743,EMP0143,Sales,Sales Rep,2023-06-25,4482.67,1.4,53.86,4536.53,MGR009,2023-06-25 10:00:00
TXN00003744,EMP0144,Marketing,Marketing Coord,2023-06-25,4099.11,6.4,227.16,4326.27,MGR019,2023-06-25 09:00:00
TXN00003745,EMP0145,Sales,Senior Sales,2023-06-25,6775.07,0.0,0.0,6775.07,MGR009,2023-06-25 10:00:00
TXN00003746,EMP0146,Engineering,Tech Lead,2023-06-25,7593.55,0.0,0.0,7593.55,MGR013,2023-06-25 08:00:00
TXN00003747,EMP0147,Finance,Senior Analyst,2023-06-25,7749.31,0.0,0.0,7749.31,MGR017,2023-06-25 10:00:00
TXN00003748,EMP0148,Sales,Senior Sales,2023-06-25,6368.3,3.3,182.87,6551.18,MGR009,2023-06-25 09:00:00
TXN00003749,EMP0149,Engineering,Senior Dev,2023-06-25,7545.98,1.9,124.64,7670.61,MGR013,2023-06-25 14:00:00
TXN00003750,EMP0150,Finance,Senior Analyst,2023-06-25,7169.19,0.6,39.46,7208.66,MGR017,2023-06-25 17:00:00
TXN00003751,EMP0151,Sales,Sales Rep,2023-06-25,3988.07,0.0,0.0,3988.07,MGR009,2023-06-25 15:00:00
TXN00003752,EMP0152,Engineering,Engineering Manager,2023-06-25,10752.42,0.0,0.0,10752.42,MGR013,2023-06-25 17:00:00
TXN00003753,EMP0153,Sales,Regional Director,2023-06-25,15937.52,5.8,797.27,16734.8,MGR009,2023-06-25 15:00:00
TXN00003754,EMP0154,Marketing,Marketing Coord,2023-06-25,4071.82,0.0,0.0,4071.82,MGR019,2023-06-25 10:00:00
TXN00003755,EMP0155,Engineering,Senior Dev,2023-06-25,7631.91,0.4,24.77,7656.68,MGR013,2023-06-25 17:00:00
TXN00003756,EMP0156,Marketing,Marketing Specialist,2023-06-25,5341.01,7.6,351.54,5692.54,MGR019,2023-06-25 14:00:00
TXN00003757,EMP0157,Marketing,Marketing Specialist,2023-06-25,5319.42,2.3,105.3,5424.72,MGR019,2023-06-25 13:00:00
TXN00003758,EMP0158,HR,HR Specialist,2023-06-25,6403.6,1.4,75.77,6479.36,MGR014,2023-06-25 17:00:00
TXN00003759,EMP0159,HR,HR Specialist,2023-06-25,5325.04,0.0,0.0,5325.04,MGR014,2023-06-25 08:00:00
TXN00003760,EMP0160,Engineering,Tech Lead,2023-06-25,8027.45,0.0,0.0,8027.45,MGR013,2023-06-25 10:00:00
TXN00003761,EMP0161,HR,HR Specialist,2023-06-25,5912.38,0.4,19.06,5931.44,MGR014,2023-06-25 15:00:00
TXN00003762,EMP0162,Engineering,Engineering Manager,2023-06-25,10741.56,0.0,0.0,10741.56,MGR013,2023-06-25 15:00:00
TXN00003763,EMP0163,Operations,Operations Lead,2023-06-25,10681.51,0.0,0.0,10681.51,MGR019,2023-06-25 09:00:00
TXN00003764,EMP0164,HR,HR Manager,2023-06-25,10759.08,35.15315233205945,3273.0194266685844,14032.099426668585,MGR014,2023-06-25 14:00:00
TXN00003765,EMP0165,Finance,Senior Analyst,2023-06-25,6822.06,0.0,0.0,6822.06,MGR017,2023-06-25 15:00:00
TXN00003766,EMP0166,Engineering,Engineering Manager,2023-06-25,10329.97,0.0,0.0,10329.97,MGR013,2023-06-25 08:00:00
TXN00003767,EMP0167,HR,HR Manager,2023-06-25,8443.36,0.0,0.0,8443.36,MGR014,2023-06-25 09:00:00
TXN00003768,EMP0168,Operations,Operations Manager,2023-06-25,8507.85,0.0,0.0,8507.85,MGR019,2023-06-25 12:00:00
TXN00003769,EMP0169,Sales,Sales Manager,2023-06-25,12001.08,0.0,0.0,12001.08,MGR009,2023-06-25 13:00:00
TXN00003770,EMP0170,Engineering,Tech Lead,2023-06-25,8739.09,0.0,0.0,8739.09,MGR013,2023-06-25 08:00:00
TXN00003771,EMP0171,Marketing,Marketing Manager,2023-06-25,10355.85,0.0,0.0,10355.85,MGR019,2023-06-25 16:00:00
TXN00003772,EMP0172,Operations,Operations Lead,2023-06-25,8203.79,2.3,165.77,8369.56,MGR019,2023-06-25 17:00:00
TXN00003773,EMP0173,Marketing,Marketing Manager,2023-06-25,10216.3,0.0,0.0,10216.3,MGR019,2023-06-25 17:00:00
TXN00003774,EMP0174,Marketing,Marketing Specialist,2023-06-25,5657.52,4.9,242.26,5899.77,MGR019,2023-06-25 11:00:00
TXN00003775,EMP0175,Marketing,Marketing Manager,2023-06-25,10147.26,0.0,0.0,10147.26,MGR019,2023-06-25 13:00:00
TXN00003776,EMP0176,Sales,Regional Director,2023-06-25,14435.8,1.6,199.03,14634.83,MGR009,2023-06-25 16:00:00
TXN00003777,EMP0177,Finance,Senior Analyst,2023-06-25,7282.5,3.3,207.2,7489.7,MGR017,2023-06-25 16:00:00
TXN00003778,EMP0178,HR,HR Specialist,2023-06-25,4991.01,3.1,132.15,5123.17,MGR014,2023-06-25 17:00:00
TXN00003779,EMP0179,HR,HR Coord,2023-06-25,3544.49,7.1,218.43,3762.93,MGR014,2023-06-25 09:00:00
TXN00003780,EMP0180,Marketing,Marketing Coord,2023-06-25,4740.4,0.3,10.99,4751.38,MGR019,2023-06-25 14:00:00
TXN00003781,EMP0181,HR,HR Manager,2023-06-25,10222.67,0.0,0.0,10222.67,MGR014,2023-06-25 11:00:00
TXN00003782,EMP0182,Marketing,Marketing Specialist,2023-06-25,5600.16,0.0,0.0,5600.16,MGR019,2023-06-25 15:00:00
TXN00003783,EMP0183,Finance,Senior Analyst,2023-06-25,8022.91,6.8,468.94,8491.85,MGR017,2023-06-25 13:00:00
TXN00003784,EMP0184,Finance,Senior Analyst,2023-06-25,8944.23,1.6,122.76,9066.98,MGR017,2023-06-25 14:00:00
TXN00003785,EMP0185,Engineering,Tech Lead,2023-06-25,8023.94,0.0,0.0,8023.94,MGR013,2023-06-25 10:00:00
TXN00003786,EMP0186,Operations,Operations Manager,2023-06-25,8678.83,0.0,0.0,8678.83,MGR019,2023-06-25 16:00:00
TXN00003787,EMP0187,Marketing,Marketing Coord,2023-06-25,3689.3,0.0,0.0,3689.3,MGR019,2023-06-25 17:00:00
TXN00003788,EMP0188,Operations,Operations Lead,2023-06-25,7854.94,5.9,399.46,8254.41,MGR019,2023-06-25 08:00:00
TXN00003789,EMP0189,Sales,Senior Sales,2023-06-25,7604.22,6.0,395.32,7999.54,MGR009,2023-06-25 08:00:00
TXN00003790,EMP0190,Engineering,Senior Dev,2023-06-25,7679.73,0.6,39.16,7718.89,MGR013,2023-06-25 10:00:00
TXN00003791,EMP0191,HR,HR Coord,2023-06-25,4490.0541716327825,1.6,52.41,4542.464171632782,MGR014,2023-06-25 16:00:00
TXN00003792,EMP0192,Finance,Senior Analyst,2023-06-25,8043.48,1.2,80.71,8124.19,MGR017,2023-06-25 15:00:00
TXN00003793,EMP0193,Operations,Operations Lead,2023-06-25,10249.22,1.1,93.46,10342.68,MGR019,2023-06-25 15:00:00
TXN00003794,EMP0194,Finance,Senior Analyst,2023-06-25,6496.16,1.7,98.35,6594.5,MGR017,2023-06-25 10:00:00
TXN00003795,EMP0195,Operations,Operations Manager,2023-06-25,11904.32,0.0,0.0,11904.32,MGR019,2023-06-25 09:00:00
TXN00003796,EMP0196,Engineering,Engineering Manager,2023-06-25,12006.46,0.0,0.0,12006.46,MGR013,2023-06-25 15:00:00
TXN00003797,EMP0197,Sales,Regional Director,2023-06-25,13496.4,0.0,0.0,13496.4,MGR009,2023-06-25 13:00:00
TXN00003798,EMP0198,HR,HR Coord,2023-06-25,4323.24,4.1,153.13,4476.37,MGR014,2023-06-25 11:00:00
TXN00003799,EMP0199,Finance,Senior Analyst,2023-06-25,7877.94,0.4,28.56,7906.5,MGR017,2023-06-25 13:00:00
TXN00003800,EMP0200,Operations,Operations Manager,2023-06-25,11749.49,0.0,0.0,11749.49,MGR019,2023-06-25 12:00:00
TXN00003801,EMP0001,Operations,Operations Analyst,2023-07-25,5509.53,0.2,9.35,5518.88,MGR019,2023-07-25 08:00:00
TXN00003802,EMP0002,Operations,Operations Lead,2023-07-25,9841.05,5.9,500.04,10341.09,MGR019,2023-07-25 16:00:00
TXN00003803,EMP0003,Sales,Senior Sales,2023-07-25,6221.04,22.001293431330666,1184.4599407619305,7405.499940761931,MGR009,2023-07-25 11:00:00
TXN00003804,EMP0004,Operations,Operations Manager,2023-07-25,9555.93,0.0,0.0,9555.93,MGR019,2023-07-25 16:00:00
TXN00003805,EMP0005,Engineering,Engineering Manager,2023-07-25,11100.7,0.0,0.0,11100.7,MGR013,2023-07-25 14:00:00
TXN00003806,EMP0006,Engineering,Junior Dev,2023-07-25,4351.95,0.0,0.0,4351.95,MGR013,2023-07-25 14:00:00
TXN00003807,EMP0007,Sales,Sales Rep,2023-07-25,4859.16,3.6,149.44,5008.6,MGR009,2023-07-25 11:00:00
TXN00003808,EMP0008,Sales,Regional Director,2023-07-25,11731.85,1.4,142.01,11873.86,MGR009,2023-07-25 09:00:00
TXN00003809,EMP0009,Finance,Finance Manager,2023-07-25,9764.7,0.0,0.0,9764.7,MGR017,2023-07-25 15:00:00
TXN00003810,EMP0010,Sales,Regional Director,2023-07-25,12894.02,4.7,522.63,13416.65,MGR009,2023-07-25 15:00:00
TXN00003811,EMP0011,Marketing,Marketing Coord,2023-07-25,4135.09,3.4,121.33,4256.42,MGR019,2023-07-25 17:00:00
TXN00003812,EMP0012,Marketing,Marketing Coord,2023-07-25,3799.77,0.0,0.0,3799.77,MGR019,2023-07-25 15:00:00
TXN00003813,EMP0013,Finance,Analyst,2023-07-25,5381.41,4.1,188.67,5570.08,MGR017,2023-07-25 09:00:00
TXN00003814,EMP0014,Marketing,Marketing Manager,2023-07-25,9388.76,0.0,0.0,9388.76,MGR019,2023-07-25 15:00:00
TXN00003815,EMP0015,Engineering,Engineering Manager,2023-07-25,10337.47,0.0,0.0,10337.47,MGR013,2023-07-25 15:00:00
TXN00003816,EMP0016,Engineering,Engineering Manager,2023-07-25,10474.68,0.0,0.0,10474.68,MGR013,2023-07-25 13:00:00
TXN00003817,EMP0017,HR,HR Specialist,2023-07-25,5395.52,0.0,0.0,5395.52,MGR014,2023-07-25 09:00:00
TXN00003818,EMP0018,HR,HR Specialist,2023-07-25,6806.67,1.1,63.73,6870.39,MGR014,2023-07-25 15:00:00
TXN00003819,EMP0019,Sales,Sales Rep,2023-07-25,4156.24,5.1,183.82,4340.06,MGR009,2023-07-25 08:00:00
TXN00003820,EMP0020,Operations,Operations Analyst,2023-07-25,5491.77,0.0,0.0,5491.77,MGR019,2023-07-25 09:00:00
TXN00003821,EMP0021,Engineering,Senior Dev,2023-07-25,6337.25,3.2,178.2,6515.45,MGR013,2023-07-25 14:00:00
TXN00003822,EMP0022,Finance,Finance Manager,2023-07-25,9664.68,0.0,0.0,9664.68,MGR017,2023-07-25 14:00:00
TXN00003823,EMP0023,Operations,Operations Lead,2023-07-25,8677.93,0.8,59.49,8737.42,MGR019,2023-07-25 08:00:00
TXN00003824,EMP0024,Marketing,Marketing Specialist,2023-07-25,5327.61,0.0,0.0,5327.61,MGR019,2023-07-25 16:00:00
TXN00003825,EMP0025,Operations,Operations Lead,2023-07-25,8975.51,0.0,0.0,8975.51,MGR019,2023-07-25 16:00:00
TXN00003826,EMP0026,Operations,Operations Manager,2023-07-25,12600.78,0.0,0.0,12600.78,MGR019,2023-07-25 08:00:00
TXN00003827,EMP0027,HR,HR Manager,2023-07-25,13014.25,0.0,0.0,13014.25,MGR014,2023-07-25 09:00:00
TXN00003828,EMP0028,HR,HR Manager,2023-07-25,11875.28,0.0,0.0,11875.28,MGR014,2023-07-25 17:00:00
TXN00003829,EMP0029,Sales,Regional Director,2023-07-25,11348.67,4.4,435.93,11784.59,MGR009,2023-07-25 17:00:00
TXN00003830,EMP0030,Marketing,Marketing Manager,2023-07-25,8684.42,0.0,0.0,8684.42,MGR019,2023-07-25 12:00:00
TXN00003831,EMP0031,HR,HR Coord,2023-07-25,3891.72,2.7,91.59,3983.31,MGR014,2023-07-25 16:00:00
TXN00003832,EMP0032,Marketing,Marketing Coord,2023-07-25,4484.93,1.2,47.92,4532.84,MGR019,2023-07-25 16:00:00
TXN00003833,EMP0033,Engineering,Tech Lead,2023-07-25,8587.39,0.0,0.0,8587.39,MGR013,2023-07-25 11:00:00
TXN00003834,EMP0034,Marketing,Marketing Coord,2023-07-25,3850.71,9.8,325.73,4176.44,MGR019,2023-07-25 15:00:00
TXN00003835,EMP0035,HR,HR Manager,2023-07-25,9869.11,0.0,0.0,9869.11,MGR014,2023-07-25 13:00:00
TXN00003836,EMP0036,Sales,Regional Director,2023-07-25,14237.79,0.8,93.55,14331.34,MGR009,2023-07-25 13:00:00
TXN00003837,EMP0037,Operations,Operations Lead,2023-07-25,8275.66,0.0,0.0,8275.66,MGR019,2023-07-25 08:00:00
TXN00003838,EMP0038,Marketing,Marketing Coord,2023-07-25,4547.26,0.5,20.72,4567.98,MGR019,2023-07-25 11:00:00
TXN00003839,EMP0039,Operations,Operations Manager,2023-07-25,10954.57,0.0,0.0,10954.57,MGR019,2023-07-25 15:00:00
TXN00003840,EMP0040,Marketing,Marketing Manager,2023-07-25,9598.62,0.0,0.0,9598.62,MGR019,2023-07-25 13:00:00
TXN00003841,EMP0041,Finance,Controller,2023-07-25,13631.32,0.0,0.0,13631.32,MGR017,2023-07-25 16:00:00
TXN00003842,EMP0042,Sales,Senior Sales,2023-07-25,6548.4,0.0,0.0,6548.4,MGR009,2023-07-25 17:00:00
TXN00003843,EMP0043,Finance,Analyst,2023-07-25,4795.53,0.4,14.96,4810.49,MGR017,2023-07-25 17:00:00
TXN00003844,EMP0044,Engineering,Senior Dev,2023-07-25,7801.12,5.9,400.88,8202.0,MGR013,2023-07-25 15:00:00
TXN00003845,EMP0045,Sales,Regional Director,2023-07-25,15087.19,15.6,2042.55,17129.75,MGR009,2023-07-25 13:00:00
TXN00003846,EMP0046,Engineering,Engineering Manager,2023-07-25,9386.42,0.0,0.0,9386.42,MGR013,2023-07-25 15:00:00
TXN00003847,EMP0047,HR,HR Specialist,2023-07-25,6140.56,0.0,0.0,6140.56,MGR014,2023-07-25 09:00:00
TXN00003848,EMP0048,Marketing,Marketing Manager,2023-07-25,11348.61,0.0,0.0,11348.61,MGR019,2023-07-25 09:00:00
TXN00003849,EMP0049,Operations,Operations Manager,2023-07-25,10413.0,0.0,0.0,10413.0,MGR019,2023-07-25 11:00:00
TXN00003850,EMP0050,Operations,Operations Manager,2023-07-25,8475.73,0.0,0.0,8475.73,MGR019,2023-07-25 08:00:00
TXN00003851,EMP0051,Operations,Operations Lead,2023-07-25,8038.62,5.4,378.4,8417.02,MGR019,2023-07-25 13:00:00
TXN00003852,EMP0052,Marketing,Marketing Specialist,2023-07-25,5324.96,21.4,987.07,6312.04,MGR019,2023-07-25 13:00:00
TXN00003853,EMP0053,Finance,Analyst,2023-07-25,5776.99,1.0,49.36,5826.35,MGR017,2023-07-25 12:00:00
TXN00003854,EMP0054,Operations,Operations Lead,2023-07-25,9246.61,0.5,43.02,9289.63,MGR019,2023-07-25 16:00:00
TXN00003855,EMP0055,Sales,Sales Rep,2023-07-25,4055.4,4.7,165.75,4221.14,MGR009,2023-07-25 16:00:00
TXN00003856,EMP0056,Marketing,Marketing Manager,2023-07-25,9397.26,0.0,0.0,9397.26,MGR019,2023-07-25 13:00:00
TXN00003857,EMP0057,HR,HR Coord,2023-07-25,4940.74,0.0,0.0,4940.74,MGR014,2023-07-25 09:00:00
TXN00003858,EMP0058,Marketing,Marketing Coord,2023-07-25,4632.85,6.4,256.32,4889.17,MGR019,2023-07-25 08:00:00
TXN00003859,EMP0059,HR,HR Coord,2023-07-25,4391.67,0.4,13.65,4405.32,MGR014,2023-07-25 10:00:00
TXN00003860,EMP0060,Marketing,Marketing Specialist,2023-07-25,6353.27,0.0,0.0,6353.27,MGR019,2023-07-25 15:00:00
TXN00003861,EMP0061,Engineering,Tech Lead,2023-07-25,10811.75,0.0,0.0,10811.75,MGR013,2023-07-25 10:00:00
TXN00003862,EMP0062,Sales,Sales Rep,2023-07-25,4176.52,0.5,19.52,4196.04,MGR009,2023-07-25 14:00:00
TXN00003863,EMP0063,HR,HR Coord,2023-07-25,3739.19,1.0,32.87,3772.06,MGR014,2023-07-25 09:00:00
TXN00003864,EMP0064,Operations,Operations Lead,2023-07-25,10674.03,0.0,0.0,10674.03,MGR019,2023-07-25 12:00:00
TXN00003865,EMP0065,HR,HR Coord,2023-07-25,3485.37,13.6,410.41,3895.78,MGR014,2023-07-25 17:00:00
TXN00003866,EMP0066,Operations,Operations Lead,2023-07-25,8672.28,1.3,98.73,8771.01,MGR019,2023-07-25 11:00:00
TXN00003867,EMP0067,Sales,Sales Manager,2023-07-25,8948.71,0.0,0.0,8948.71,MGR009,2023-07-25 11:00:00
TXN00003868,EMP0068,HR,HR Specialist,2023-07-25,9203.052894949229,3.9,213.66,9416.712894949229,MGR014,2023-07-25 09:00:00
TXN00003869,EMP0069,HR,HR Manager,2023-07-25,10795.65,0.0,0.0,10795.65,MGR014,2023-07-25 14:00:00
TXN00003870,EMP0070,Sales,Sales Manager,2023-07-25,10977.25,0.0,0.0,10977.25,MGR009,2023-07-25 11:00:00
TXN00003871,EMP0071,Operations,Operations Manager,2023-07-25,11742.36,0.0,0.0,11742.36,MGR019,2023-07-25 15:00:00
TXN00003872,EMP0072,Finance,Controller,2023-07-25,11907.85,0.0,0.0,11907.85,MGR017,2023-07-25 11:00:00
TXN00003873,EMP0073,Sales,Senior Sales,2023-07-25,6441.24,0.0,0.0,6441.24,MGR009,2023-07-25 13:00:00
TXN00003874,EMP0074,Marketing,Marketing Coord,2023-07-25,4266.93,5.2,193.64,4460.57,MGR019,2023-07-25 09:00:00
TXN00003875,EMP0075,HR,HR Coord,2023-07-25,3464.27,1.5,45.71,3509.98,MGR014,2023-07-25 14:00:00
TXN00003876,EMP0076,Sales,Sales Rep,2023-07-25,4965.61,1.9,81.21,5046.82,MGR009,2023-07-25 08:00:00
TXN00003877,EMP0077,Operations,Operations Manager,2023-07-25,9171.93,0.0,0.0,9171.93,MGR019,2023-07-25 17:00:00
TXN00003878,EMP0078,Sales,Sales Rep,2023-07-25,5064.91,0.3,13.57,5078.48,MGR009,2023-07-25 09:00:00
TXN00003879,EMP0079,Marketing,Marketing Coord,2023-07-25,4532.56,0.2,6.92,4539.48,MGR019,2023-07-25 15:00:00
TXN00003880,EMP0080,Sales,Sales Manager,2023-07-25,9838.75,0.0,0.0,9838.75,MGR009,2023-07-25 15:00:00
TXN00003881,EMP0081,Finance,Senior Analyst,2023-07-25,6995.72,1.7,103.13,7098.85,MGR017,2023-07-25 17:00:00
TXN00003882,EMP0082,Sales,Regional Director,2023-07-25,14093.38,0.0,0.0,14093.38,MGR009,2023-07-25 16:00:00
TXN00003883,EMP0083,Finance,Controller,2023-07-25,11415.72,0.0,0.0,11415.72,MGR017,2023-07-25 10:00:00
TXN00003884,EMP0084,Engineering,Junior Dev,2023-07-25,4337.7,0.0,0.0,4337.7,MGR013,2023-07-25 15:00:00
TXN00003885,EMP0085,Finance,Finance Manager,2023-07-25,8923.43,0.0,0.0,8923.43,MGR017,2023-07-25 08:00:00
TXN00003886,EMP0086,Finance,Controller,2023-07-25,12270.85,0.0,0.0,12270.85,MGR017,2023-07-25 16:00:00
TXN00003887,EMP0087,Engineering,Junior Dev,2023-07-25,4674.43,4.5,180.48,4854.91,MGR013,2023-07-25 08:00:00
TXN00003888,EMP0088,Finance,Finance Manager,2023-07-25,10604.43,0.0,0.0,10604.43,MGR017,2023-07-25 16:00:00
TXN00003889,EMP0089,Sales,Senior Sales,2023-07-25,7486.15,0.0,0.0,7486.15,MGR009,2023-07-25 14:00:00
TXN00003890,EMP0090,HR,HR Specialist,2023-07-25,6199.09,0.4,22.58,6221.67,MGR014,2023-07-25 17:00:00
TXN00003891,EMP0091,Finance,Senior Analyst,2023-07-25,6591.18,8.1,461.28,7052.46,MGR017,2023-07-25 15:00:00
TXN00003892,EMP0092,Finance,Senior Analyst,2023-07-25,8736.74,0.0,0.0,8736.74,MGR017,2023-07-25 16:00:00
TXN00003893,EMP0093,Finance,Analyst,2023-07-25,4894.09,0.0,0.0,9788.18,MGR017,2023-07-25 10:00:00
TXN00003894,EMP0094,Operations,Operations Manager,2023-07-25,11594.89,0.0,0.0,11594.89,MGR019,2023-07-25 17:00:00
TXN00003895,EMP0095,Engineering,Senior Dev,2023-07-25,7052.01,0.0,0.0,7052.01,MGR013,2023-07-25 10:00:00
TXN00003896,EMP0096,Finance,Controller,2023-07-25,11717.78,0.0,0.0,11717.78,MGR017,2023-07-25 10:00:00
TXN00003897,EMP0097,Sales,Regional Director,2023-07-25,15462.52,0.0,0.0,15462.52,MGR009,2023-07-25 09:00:00
TXN00003898,EMP0098,Sales,Regional Director,2023-07-25,12561.59,5.0,543.5,13105.08,MGR009,2023-07-25 14:00:00
TXN00003899,EMP0099,Finance,Finance Manager,2023-07-25,12220.41,0.0,0.0,12220.41,MGR017,2023-07-25 17:00:00
TXN00003900,EMP0100,Marketing,Marketing Specialist,2023-07-25,6612.31,1.6,89.13,6701.43,MGR019,2023-07-25 17:00:00
TXN00003901,EMP0101,Operations,Operations Manager,2023-07-25,10528.67,0.0,0.0,10528.67,MGR019,2023-07-25 13:00:00
TXN00003902,EMP0102,Operations,Operations Lead,2023-07-25,8989.25,2.1,167.21,9156.46,MGR019,2023-07-25 16:00:00
TXN00003903,EMP0103,Sales,Sales Manager,2023-07-25,10360.5,0.0,0.0,10360.5,MGR009,2023-07-25 14:00:00
TXN00003904,EMP0104,Engineering,Junior Dev,2023-07-25,4175.23,0.0,0.0,4175.23,MGR013,2023-07-25 14:00:00
TXN00003905,EMP0105,Engineering,Junior Dev,2023-07-25,3797.97,1.4,45.03,3843.0,MGR013,2023-07-25 17:00:00
TXN00003906,EMP0106,Finance,Senior Analyst,2023-07-25,7469.34,0.5,33.67,7503.01,MGR017,2023-07-25 11:00:00
TXN00003907,EMP0107,HR,HR Coord,2023-07-25,4211.49,0.0,0.0,4211.49,MGR014,2023-07-25 12:00:00
TXN00003908,EMP0108,Engineering,Junior Dev,2023-07-25,5017.19,0.0,0.0,5017.19,MGR013,2023-07-25 14:00:00
TXN00003909,EMP0109,Sales,Regional Director,2023-07-25,13192.84,0.4,44.23,13237.07,MGR009,2023-07-25 13:00:00
TXN00003910,EMP0110,HR,HR Coord,2023-07-25,4615.95,7.2,287.82,4903.77,MGR014,2023-07-25 12:00:00
TXN00003911,EMP0111,HR,HR Coord,2023-07-25,4364.79,1.6,61.0,4425.79,MGR014,2023-07-25 15:00:00
TXN00003912,EMP0112,Engineering,Engineering Manager,2023-07-25,8883.38,0.0,0.0,8883.38,MGR013,2023-07-25 10:00:00
TXN00003913,EMP0113,HR,HR Manager,2023-07-25,9372.03,0.0,0.0,9372.03,MGR014,2023-07-25 10:00:00
TXN00003914,EMP0114,Marketing,Marketing Specialist,2023-07-25,6390.94,0.0,0.0,6390.94,MGR019,2023-07-25 14:00:00
TXN00003915,EMP0115,Operations,Operations Manager,2023-07-25,11983.42,0.0,0.0,11983.42,MGR019,2023-07-25 17:00:00
TXN00003916,EMP0116,Sales,Sales Manager,2023-07-25,11442.95,0.0,0.0,11442.95,MGR009,2023-07-25 16:00:00
TXN00003917,EMP0117,Sales,Sales Manager,2023-07-25,10673.75,0.0,0.0,10673.75,MGR009,2023-07-25 12:00:00
TXN00003918,EMP0118,Marketing,Marketing Coord,2023-07-25,3852.51,1.0,32.19,3884.7,MGR019,2023-07-25 16:00:00
TXN00003919,EMP0119,Finance,Analyst,2023-07-25,4641.47,0.0,0.0,4641.47,MGR017,2023-07-25 13:00:00
TXN00003920,EMP0120,HR,HR Coord,2023-07-25,5832.504402001194,0.2,8.11,5840.614402001193,MGR014,2023-07-25 16:00:00
TXN00003921,EMP0121,Marketing,Marketing Coord,2023-07-25,5185.24,0.0,0.0,5185.24,MGR019,2023-07-25 11:00:00
TXN00003922,EMP0122,Engineering,Senior Dev,2023-07-25,7953.97,0.0,0.0,7953.97,MGR013,2023-07-25 11:00:00
TXN00003923,EMP0123,Marketing,Marketing Coord,2023-07-25,3855.55,2.3,76.08,3931.63,MGR019,2023-07-25 11:00:00
TXN00003924,EMP0124,HR,HR Manager,2023-07-25,11224.71,0.0,0.0,11224.71,MGR014,2023-07-25 17:00:00
TXN00003925,EMP0125,HR,HR Manager,2023-07-25,12873.62,0.0,0.0,12873.62,MGR014,2023-07-25 12:00:00
TXN00003926,EMP0126,Engineering,Tech Lead,2023-07-25,8476.43,0.0,0.0,8476.43,MGR013,2023-07-25 13:00:00
TXN00003927,EMP0127,Engineering,Senior Dev,2023-07-25,7780.49,0.0,0.0,7780.49,MGR013,2023-07-25 10:00:00
TXN00003928,EMP0128,Engineering,Junior Dev,2023-07-25,4229.37,0.3,9.5,4238.87,MGR013,2023-07-25 10:00:00
TXN00003929,EMP0129,Sales,Sales Manager,2023-07-25,12272.22,0.0,0.0,12272.22,MGR009,2023-07-25 16:00:00
TXN00003930,EMP0130,HR,HR Coord,2023-07-25,4070.73,0.0,0.0,4070.73,MGR014,2023-07-25 16:00:00
TXN00003931,EMP0131,Marketing,Marketing Coord,2023-07-25,4717.41,0.6,26.24,4743.64,MGR019,2023-07-25 13:00:00
TXN00003932,EMP0132,Operations,Operations Lead,2023-07-25,8194.28,4.4,311.51,8505.8,MGR019,2023-07-25 09:00:00
TXN00003933,EMP0133,Finance,Finance Manager,2023-07-25,12169.82,0.0,0.0,12169.82,MGR017,2023-07-25 13:00:00
TXN00003934,EMP0134,Engineering,Engineering Manager,2023-07-25,11431.86,0.0,0.0,11431.86,MGR013,2023-07-25 16:00:00
TXN00003935,EMP0135,Engineering,Junior Dev,2023-07-25,4439.85,8.6,330.6,4770.45,MGR013,2023-07-25 15:00:00
TXN00003936,EMP0136,Sales,Sales Manager,2023-07-25,12130.79,0.0,0.0,12130.79,MGR009,2023-07-25 17:00:00
TXN00003937,EMP0137,Operations,Operations Lead,2023-07-25,11085.71,1.3,127.64,11213.35,MGR019,2023-07-25 17:00:00
TXN00003938,EMP0138,Operations,Operations Lead,2023-07-25,9145.04,2.1,169.36,9314.39,MGR019,2023-07-25 14:00:00
TXN00003939,EMP0139,Engineering,Junior Dev,2023-07-25,5400.48,6.9,323.9,5724.38,MGR013,2023-07-25 16:00:00
TXN00003940,EMP0140,Operations,Operations Analyst,2023-07-25,5845.28,0.0,0.0,5845.28,MGR019,2023-07-25 12:00:00
TXN00003941,EMP0141,Engineering,Tech Lead,2023-07-25,9965.7,0.0,0.0,9965.7,MGR013,2023-07-25 14:00:00
TXN00003942,EMP0142,HR,HR Coord,2023-07-25,3825.33,2.0,67.21,3892.54,MGR014,2023-07-25 08:00:00
TXN00003943,EMP0143,Sales,Sales Rep,2023-07-25,4482.67,0.0,0.0,4482.67,MGR009,2023-07-25 16:00:00
TXN00003944,EMP0144,Marketing,Marketing Coord,2023-07-25,4099.11,0.0,0.0,4099.11,MGR019,2023-07-25 09:00:00
TXN00003945,EMP0145,Sales,Senior Sales,2023-07-25,6775.07,1.2,67.85,6842.92,MGR009,2023-07-25 08:00:00
TXN00003946,EMP0146,Engineering,Tech Lead,2023-07-25,7593.55,0.0,0.0,7593.55,MGR013,2023-07-25 14:00:00
TXN00003947,EMP0147,Finance,Senior Analyst,2023-07-25,7749.31,0.8,52.51,7801.82,MGR017,2023-07-25 10:00:00
TXN00003948,EMP0148,Sales,Senior Sales,2023-07-25,6368.3,0.1,6.37,6374.67,MGR009,2023-07-25 08:00:00
TXN00003949,EMP0149,Engineering,Senior Dev,2023-07-25,7545.98,0.9,59.65,7605.63,MGR013,2023-07-25 08:00:00
TXN00003950,EMP0150,Finance,Senior Analyst,2023-07-25,7169.19,0.8,48.88,7218.07,MGR017,2023-07-25 11:00:00
TXN00003951,EMP0151,Sales,Sales Rep,2023-07-25,3988.07,0.0,0.0,3988.07,MGR009,2023-07-25 12:00:00
TXN00003952,EMP0152,Engineering,Engineering Manager,2023-07-25,10752.42,0.0,0.0,10752.42,MGR013,2023-07-25 10:00:00
TXN00003953,EMP0153,Sales,Regional Director,2023-07-25,15937.52,1.6,222.59,16160.11,MGR009,2023-07-25 12:00:00
TXN00003954,EMP0154,Marketing,Marketing Coord,2023-07-25,4071.82,0.0,0.0,4071.82,MGR019,2023-07-25 12:00:00
TXN00003955,EMP0155,Engineering,Senior Dev,2023-07-25,7631.91,0.7,48.05,7679.97,MGR013,2023-07-25 10:00:00
TXN00003956,EMP0156,Marketing,Marketing Specialist,2023-07-25,5341.01,0.6,26.3,5367.31,MGR019,2023-07-25 08:00:00
TXN00003957,EMP0157,Marketing,Marketing Specialist,2023-07-25,5319.42,7.3,333.82,5653.25,MGR019,2023-07-25 12:00:00
TXN00003958,EMP0158,HR,HR Specialist,2023-07-25,6403.6,1.6,88.27,6491.86,MGR014,2023-07-25 11:00:00
TXN00003959,EMP0159,HR,HR Specialist,2023-07-25,5325.04,0.0,0.0,5325.04,MGR014,2023-07-25 16:00:00
TXN00003960,EMP0160,Engineering,Tech Lead,2023-07-25,8027.45,0.0,0.0,8027.45,MGR013,2023-07-25 08:00:00
TXN00003961,EMP0161,HR,HR Specialist,2023-07-25,5912.38,0.7,36.24,5948.62,MGR014,2023-07-25 13:00:00
TXN00003962,EMP0162,Engineering,Engineering Manager,2023-07-25,13479.24132873013,0.0,0.0,13479.24132873013,MGR013,2023-07-25 15:00:00
TXN00003963,EMP0163,Operations,Operations Lead,2023-07-25,10681.51,1.5,143.06,10824.57,MGR019,2023-07-25 09:00:00
TXN00003964,EMP0164,HR,HR Manager,2023-07-25,10759.08,0.0,0.0,10759.08,MGR014,2023-07-25 17:00:00
TXN00003965,EMP0165,Finance,Senior Analyst,2023-07-25,6822.06,1.2,68.45,6890.51,MGR017,2023-07-25 16:00:00
TXN00003966,EMP0166,Engineering,Engineering Manager,2023-07-25,10329.97,0.0,0.0,10329.97,MGR013,2023-07-25 11:00:00
TXN00003967,EMP0167,HR,HR Manager,2023-07-25,8443.36,0.0,0.0,8443.36,MGR014,2023-07-25 16:00:00
TXN00003968,EMP0168,Operations,Operations Manager,2023-07-25,8507.85,0.0,0.0,8507.85,MGR019,2023-07-25 14:00:00
TXN00003969,EMP0169,Sales,Sales Manager,2023-07-25,12001.08,0.0,0.0,12001.08,MGR009,2023-07-25 11:00:00
TXN00003970,EMP0170,Engineering,Tech Lead,2023-07-25,8739.09,0.0,0.0,8739.09,MGR013,2023-07-25 16:00:00
TXN00003971,EMP0171,Marketing,Marketing Manager,2023-07-25,10355.85,0.0,0.0,10355.85,MGR019,2023-07-25 12:00:00
TXN00003972,EMP0172,Operations,Operations Lead,2023-07-25,8203.79,0.0,0.0,8203.79,MGR019,2023-07-25 08:00:00
TXN00003973,EMP0173,Marketing,Marketing Manager,2023-07-25,10216.3,0.0,0.0,10216.3,MGR019,2023-07-25 14:00:00
TXN00003974,EMP0174,Marketing,Marketing Specialist,2023-07-25,5657.52,0.1,7.07,5664.58,MGR019,2023-07-25 14:00:00
TXN00003975,EMP0175,Marketing,Marketing Manager,2023-07-25,10147.26,0.0,0.0,10147.26,MGR019,2023-07-25 14:00:00
TXN00003976,EMP0176,Sales,Regional Director,2023-07-25,14435.8,0.8,97.31,14533.11,MGR009,2023-07-25 13:00:00
TXN00003977,EMP0177,Finance,Senior Analyst,2023-07-25,7282.5,0.0,0.0,7282.5,MGR017,2023-07-25 16:00:00
TXN00003978,EMP0178,HR,HR Specialist,2023-07-25,4991.01,4.2,181.05,5172.06,MGR014,2023-07-25 08:00:00
TXN00003979,EMP0179,HR,HR Coord,2023-07-25,3544.49,35.7982400340569,1098.056283043105,4642.546283043104,MGR014,2023-07-25 08:00:00
TXN00003980,EMP0180,Marketing,Marketing Coord,2023-07-25,4740.4,5.1,210.63,4951.02,MGR019,2023-07-25 12:00:00
TXN00003981,EMP0181,HR,HR Manager,2023-07-25,10222.67,0.0,0.0,10222.67,MGR014,2023-07-25 11:00:00
TXN00003982,EMP0182,Marketing,Marketing Specialist,2023-07-25,5600.16,3.6,176.32,5776.48,MGR019,2023-07-25 17:00:00
TXN00003983,EMP0183,Finance,Senior Analyst,2023-07-25,8022.91,0.0,0.0,8022.91,MGR017,2023-07-25 15:00:00
TXN00003984,EMP0184,Finance,Senior Analyst,2023-07-25,8944.23,1.5,118.51,9062.73,MGR017,2023-07-25 11:00:00
TXN00003985,EMP0185,Engineering,Tech Lead,2023-07-25,8023.94,0.0,0.0,8023.94,MGR013,2023-07-25 13:00:00
TXN00003986,EMP0186,Operations,Operations Manager,2023-07-25,8678.83,0.0,0.0,8678.83,MGR019,2023-07-25 17:00:00
TXN00003987,EMP0187,Marketing,Marketing Coord,2023-07-25,3689.3,1.1,33.91,3723.21,MGR019,2023-07-25 16:00:00
TXN00003988,EMP0188,Operations,Operations Lead,2023-07-25,7854.94,5.5,376.99,8231.94,MGR019,2023-07-25 17:00:00
TXN00003989,EMP0189,Sales,Senior Sales,2023-07-25,7604.22,3.2,213.25,7817.47,MGR009,2023-07-25 11:00:00
TXN00003990,EMP0190,Engineering,Senior Dev,2023-07-25,7679.73,0.7,44.22,7723.95,MGR013,2023-07-25 11:00:00
TXN00003991,EMP0191,HR,HR Coord,2023-07-25,3730.25,0.2,6.06,3736.31,MGR014,2023-07-25 12:00:00
TXN00003992,EMP0192,Finance,Senior Analyst,2023-07-25,8043.48,2.4,165.18,8208.66,MGR017,2023-07-25 15:00:00
TXN00003993,EMP0193,Operations,Operations Lead,2023-07-25,10249.22,4.1,367.46,10616.68,MGR019,2023-07-25 10:00:00
TXN00003994,EMP0194,Finance,Senior Analyst,2023-07-25,6496.16,0.0,0.0,6496.16,MGR017,2023-07-25 09:00:00
TXN00003995,EMP0195,Operations,Operations Manager,2023-07-25,11904.32,0.0,0.0,11904.32,MGR019,2023-07-25 10:00:00
TXN00003996,EMP0196,Engineering,Engineering Manager,2023-07-25,12006.46,0.0,0.0,12006.46,MGR013,2023-07-25 10:00:00
TXN00003997,EMP0197,Sales,Regional Director,2023-07-25,13496.4,8.2,956.78,14453.18,MGR009,2023-07-25 16:00:00
TXN00003998,EMP0198,HR,HR Coord,2023-07-25,4323.24,0.0,0.0,4323.24,MGR014,2023-07-25 09:00:00
TXN00003999,EMP0199,Finance,Senior Analyst,2023-07-25,7877.94,0.0,0.0,7877.94,MGR017,2023-07-25 14:00:00
TXN00004000,EMP0200,Operations,Operations Manager,2023-07-25,11749.49,0.0,0.0,11749.49,MGR019,2023-07-25 08:00:00
TXN00004001,EMP0001,Operations,Operations Analyst,2023-08-24,5509.53,0.5,24.49,5534.03,MGR019,2023-08-24 14:00:00
TXN00004002,EMP0002,Operations,Operations Lead,2023-08-24,9841.05,8.8,750.02,10591.07,MGR019,2023-08-24 12:00:00
TXN00004003,EMP0003,Sales,Senior Sales,2023-08-24,6221.04,0.8,44.31,6265.35,MGR009,2023-08-24 16:00:00
TXN00004004,EMP0004,Operations,Operations Manager,2023-08-24,9555.93,0.0,0.0,9555.93,MGR019,2023-08-24 12:00:00
TXN00004005,EMP0005,Engineering,Engineering Manager,2023-08-24,11100.7,0.0,0.0,11100.7,MGR013,2023-08-24 10:00:00
TXN00004006,EMP0006,Engineering,Junior Dev,2023-08-24,4351.95,0.0,0.0,4351.95,MGR013,2023-08-24 10:00:00
TXN00004007,EMP0007,Sales,Sales Rep,2023-08-24,4859.16,2.9,122.56,4981.72,MGR009,2023-08-24 17:00:00
TXN00004008,EMP0008,Sales,Regional Director,2023-08-24,11731.85,0.6,62.97,11794.81,MGR009,2023-08-24 12:00:00
TXN00004009,EMP0009,Finance,Finance Manager,2023-08-24,9764.7,0.0,0.0,9764.7,MGR017,2023-08-24 08:00:00
TXN00004010,EMP0010,Sales,Regional Director,2023-08-24,12894.02,0.0,0.0,12894.02,MGR009,2023-08-24 13:00:00
TXN00004011,EMP0011,Marketing,Marketing Coord,2023-08-24,4135.09,1.4,50.77,4185.86,MGR019,2023-08-24 15:00:00
TXN00004012,EMP0012,Marketing,Marketing Coord,2023-08-24,3799.77,0.0,0.02,3799.79,MGR019,2023-08-24 10:00:00
TXN00004013,EMP0013,Finance,Analyst,2023-08-24,5381.41,0.7,32.62,5414.03,MGR017,2023-08-24 08:00:00
TXN00004014,EMP0014,Marketing,Marketing Manager,2023-08-24,12924.629848406104,0.0,0.0,12924.629848406104,MGR019,2023-08-24 10:00:00
TXN00004015,EMP0015,Engineering,Engineering Manager,2023-08-24,10337.47,0.0,0.0,10337.47,MGR013,2023-08-24 13:00:00
TXN00004016,EMP0016,Engineering,Engineering Manager,2023-08-24,10474.68,0.0,0.0,10474.68,MGR013,2023-08-24 17:00:00
TXN00004017,EMP0017,HR,HR Specialist,2023-08-24,5395.52,0.2,11.46,5406.97,MGR014,2023-08-24 08:00:00
TXN00004018,EMP0018,HR,HR Specialist,2023-08-24,6806.67,4.1,243.32,7049.99,MGR014,2023-08-24 17:00:00
TXN00004019,EMP0019,Sales,Sales Rep,2023-08-24,4156.24,5.1,183.13,4339.37,MGR009,2023-08-24 12:00:00
TXN00004020,EMP0020,Operations,Operations Analyst,2023-08-24,5491.77,0.0,0.0,5491.77,MGR019,2023-08-24 15:00:00
TXN00004021,EMP0021,Engineering,Senior Dev,2023-08-24,6337.25,0.0,0.0,6337.25,MGR013,2023-08-24 17:00:00
TXN00004022,EMP0022,Finance,Finance Manager,2023-08-24,9664.68,0.0,0.0,9664.68,MGR017,2023-08-24 16:00:00
TXN00004023,EMP0023,Operations,Operations Lead,2023-08-24,8677.93,12.5,936.2,9614.13,MGR019,2023-08-24 13:00:00
TXN00004024,EMP0024,Marketing,Marketing Specialist,2023-08-24,5327.61,0.5,22.84,5350.46,MGR019,2023-08-24 09:00:00
TXN00004025,EMP0025,Operations,Operations Lead,2023-08-24,8975.51,1.0,77.94,9053.45,MGR019,2023-08-24 13:00:00
TXN00004026,EMP0026,Operations,Operations Manager,2023-08-24,12600.78,0.0,0.0,12600.78,MGR019,2023-08-24 16:00:00
TXN00004027,EMP0027,HR,HR Manager,2023-08-24,13014.25,0.0,0.0,13014.25,MGR014,2023-08-24 11:00:00
TXN00004028,EMP0028,HR,HR Manager,2023-08-24,11875.28,0.0,0.0,11875.28,MGR014,2023-08-24 10:00:00
TXN00004029,EMP0029,Sales,Regional Director,2023-08-24,11348.67,3.3,321.01,11669.67,MGR009,2023-08-24 16:00:00
TXN00004030,EMP0030,Marketing,Marketing Manager,2023-08-24,8684.42,0.0,0.0,8684.42,MGR019,2023-08-24 09:00:00
TXN00004031,EMP0031,HR,HR Coord,2023-08-24,3891.72,3.1,104.93,3996.65,MGR014,2023-08-24 16:00:00
TXN00004032,EMP0032,Marketing,Marketing Coord,2023-08-24,4484.93,8.1,314.12,4799.05,MGR019,2023-08-24 10:00:00
TXN00004033,EMP0033,Engineering,Tech Lead,2023-08-24,8587.39,0.0,0.0,8587.39,MGR013,2023-08-24 14:00:00
TXN00004034,EMP0034,Marketing,Marketing Coord,2023-08-24,3850.71,3.9,130.72,3981.43,MGR019,2023-08-24 16:00:00
TXN00004035,EMP0035,HR,HR Manager,2023-08-24,9869.11,0.0,0.0,9869.11,MGR014,2023-08-24 16:00:00
TXN00004036,EMP0036,Sales,Regional Director,2023-08-24,14237.79,6.3,778.38,15016.17,MGR009,2023-08-24 14:00:00
TXN00004037,EMP0037,Operations,Operations Lead,2023-08-24,8275.66,8.0,570.94,8846.6,MGR019,2023-08-24 09:00:00
TXN00004038,EMP0038,Marketing,Marketing Coord,2023-08-24,4547.26,2.0,79.59,4626.85,MGR019,2023-08-24 13:00:00
TXN00004039,EMP0039,Operations,Operations Manager,2023-08-24,10954.57,0.0,0.0,10954.57,MGR019,2023-08-24 11:00:00
TXN00004040,EMP0040,Marketing,Marketing Manager,2023-08-24,9598.62,0.0,0.0,9598.62,MGR019,2023-08-24 11:00:00
TXN00004041,EMP0041,Finance,Controller,2023-08-24,13631.32,0.0,0.0,13631.32,MGR017,2023-08-24 13:00:00
TXN00004042,EMP0042,Sales,Senior Sales,2023-08-24,6548.4,0.0,0.0,6548.4,MGR009,2023-08-24 13:00:00
TXN00004043,EMP0043,Finance,Analyst,2023-08-24,4795.53,0.0,0.0,4795.53,MGR017,2023-08-24 13:00:00
TXN00004044,EMP0044,Engineering,Senior Dev,2023-08-24,7801.12,3.4,228.94,8030.05,MGR013,2023-08-24 12:00:00
TXN00004045,EMP0045,Sales,Regional Director,2023-08-24,15087.19,0.0,0.0,15087.19,MGR009,2023-08-24 11:00:00
TXN00004046,EMP0046,Engineering,Engineering Manager,2023-08-24,9386.42,0.0,0.0,9386.42,MGR013,2023-08-24 17:00:00
TXN00004047,EMP0047,HR,HR Specialist,2023-08-24,6140.56,2.1,109.73,6250.28,MGR014,2023-08-24 16:00:00
TXN00004048,EMP0048,Marketing,Marketing Manager,2023-08-24,11348.61,0.0,0.0,11348.61,MGR019,2023-08-24 15:00:00
TXN00004049,EMP0049,Operations,Operations Manager,2023-08-24,10413.0,0.0,0.0,10413.0,MGR019,2023-08-24 16:00:00
TXN00004050,EMP0050,Operations,Operations Manager,2023-08-24,8475.73,0.0,0.0,8475.73,MGR019,2023-08-24 08:00:00
TXN00004051,EMP0051,Operations,Operations Lead,2023-08-24,8038.62,0.6,42.08,8080.71,MGR019,2023-08-24 09:00:00
TXN00004052,EMP0052,Marketing,Marketing Specialist,2023-08-24,5324.96,3.0,140.24,5465.21,MGR019,2023-08-24 13:00:00
TXN00004053,EMP0053,Finance,Analyst,2023-08-24,5776.99,4.0,201.05,5978.04,MGR017,2023-08-24 15:00:00
TXN00004054,EMP0054,Operations,Operations Lead,2023-08-24,9246.61,4.3,347.75,9594.36,MGR019,2023-08-24 11:00:00
TXN00004055,EMP0055,Sales,Sales Rep,2023-08-24,4055.4,2.0,69.7,4125.09,MGR009,2023-08-24 17:00:00
TXN00004056,EMP0056,Marketing,Marketing Manager,2023-08-24,9397.26,0.0,0.0,9397.26,MGR019,2023-08-24 17:00:00
TXN00004057,EMP0057,HR,HR Coord,2023-08-24,4940.74,2.9,123.63,5064.38,MGR014,2023-08-24 11:00:00
TXN00004058,EMP0058,Marketing,Marketing Coord,2023-08-24,4632.85,0.3,10.79,4643.64,MGR019,2023-08-24 08:00:00
TXN00004059,EMP0059,HR,HR Coord,2023-08-24,4391.67,7.7,292.66,4684.33,MGR014,2023-08-24 13:00:00
TXN00004060,EMP0060,Marketing,Marketing Specialist,2023-08-24,6353.27,0.4,22.42,6375.69,MGR019,2023-08-24 14:00:00
TXN00004061,EMP0061,Engineering,Tech Lead,2023-08-24,10811.75,0.0,0.0,10811.75,MGR013,2023-08-24 09:00:00
TXN00004062,EMP0062,Sales,Sales Rep,2023-08-24,4176.52,2.7,97.33,4273.85,MGR009,2023-08-24 14:00:00
TXN00004063,EMP0063,HR,HR Coord,2023-08-24,3739.19,0.0,0.0,3739.19,MGR014,2023-08-24 12:00:00
TXN00004064,EMP0064,Operations,Operations Lead,2023-08-24,10674.03,0.8,74.83,10748.86,MGR019,2023-08-24 16:00:00
TXN00004065,EMP0065,HR,HR Coord,2023-08-24,3485.37,0.0,0.0,3485.37,MGR014,2023-08-24 12:00:00
TXN00004066,EMP0066,Operations,Operations Lead,2023-08-24,8672.28,0.7,50.63,8722.91,MGR019,2023-08-24 08:00:00
TXN00004067,EMP0067,Sales,Sales Manager,2023-08-24,8948.71,0.0,0.0,8948.71,MGR009,2023-08-24 16:00:00
TXN00004068,EMP0068,HR,HR Specialist,2023-08-24,6299.01,0.9,49.61,6348.63,MGR014,2023-08-24 13:00:00
TXN00004069,EMP0069,HR,HR Manager,2023-08-24,10795.65,0.0,0.0,10795.65,MGR014,2023-08-24 16:00:00
TXN00004070,EMP0070,Sales,Sales Manager,2023-08-24,10977.25,0.0,0.0,10977.25,MGR009,2023-08-24 16:00:00
TXN00004071,EMP0071,Operations,Operations Manager,2023-08-24,11742.36,0.0,0.0,11742.36,MGR019,2023-08-24 15:00:00
TXN00004072,EMP0072,Finance,Controller,2023-08-24,11907.85,0.0,0.0,11907.85,MGR017,2023-08-24 15:00:00
TXN00004073,EMP0073,Sales,Senior Sales,2023-08-24,6441.24,0.0,0.0,6441.24,MGR009,2023-08-24 08:00:00
TXN00004074,EMP0074,Marketing,Marketing Coord,2023-08-24,4266.93,0.6,23.52,4290.45,MGR019,2023-08-24 12:00:00
TXN00004075,EMP0075,HR,HR Coord,2023-08-24,3464.27,7.2,214.67,3678.94,MGR014,2023-08-24 11:00:00
TXN00004076,EMP0076,Sales,Sales Rep,2023-08-24,4965.61,0.0,0.0,4965.61,MGR009,2023-08-24 13:00:00
TXN00004077,EMP0077,Operations,Operations Manager,2023-08-24,9171.93,0.0,0.0,9171.93,MGR019,2023-08-24 16:00:00
TXN00004078,EMP0078,Sales,Sales Rep,2023-08-24,5064.91,7.1,312.97,5377.88,MGR009,2023-08-24 09:00:00
TXN00004079,EMP0079,Marketing,Marketing Coord,2023-08-24,4532.56,2.3,89.86,4622.42,MGR019,2023-08-24 09:00:00
TXN00004080,EMP0080,Sales,Sales Manager,2023-08-24,9838.75,0.0,0.0,9838.75,MGR009,2023-08-24 10:00:00
TXN00004081,EMP0081,Finance,Senior Analyst,2023-08-24,6995.72,2.0,119.46,7115.18,MGR017,2023-08-24 16:00:00
TXN00004082,EMP0082,Sales,Regional Director,2023-08-24,14093.38,1.0,119.25,14212.63,MGR009,2023-08-24 16:00:00
TXN00004083,EMP0083,Finance,Controller,2023-08-24,11415.72,0.0,0.0,11415.72,MGR017,2023-08-24 08:00:00
TXN00004084,EMP0084,Engineering,Junior Dev,2023-08-24,4337.7,8.7,326.88,4664.58,MGR013,2023-08-24 09:00:00
TXN00004085,EMP0085,Finance,Finance Manager,2023-08-24,8923.43,0.0,0.0,8923.43,MGR017,2023-08-24 11:00:00
TXN00004086,EMP0086,Finance,Controller,2023-08-24,12270.85,0.0,0.0,12270.85,MGR017,2023-08-24 11:00:00
TXN00004087,EMP0087,Engineering,Junior Dev,2023-08-24,4674.43,0.5,21.47,4695.9,MGR013,2023-08-24 14:00:00
TXN00004088,EMP0088,Finance,Finance Manager,2023-08-24,10604.43,0.0,0.0,10604.43,MGR017,2023-08-24 09:00:00
TXN00004089,EMP0089,Sales,Senior Sales,2023-08-24,7486.15,0.0,0.0,7486.15,MGR009,2023-08-24 11:00:00
TXN00004090,EMP0090,HR,HR Specialist,2023-08-24,6199.09,3.3,177.97,6377.06,MGR014,2023-08-24 16:00:00
TXN00004091,EMP0091,Finance,Senior Analyst,2023-08-24,6591.18,8.7,498.74,7089.92,MGR017,2023-08-24 14:00:00
TXN00004092,EMP0092,Finance,Senior Analyst,2023-08-24,8736.74,4.5,338.01,9074.74,MGR017,2023-08-24 09:00:00
TXN00004093,EMP0093,Finance,Analyst,2023-08-24,4894.09,8.1,344.58,5238.66,MGR017,2023-08-24 10:00:00
TXN00004094,EMP0094,Operations,Operations Manager,2023-08-24,11594.89,0.0,0.0,11594.89,MGR019,2023-08-24 08:00:00
TXN00004095,EMP0095,Engineering,Senior Dev,2023-08-24,7052.01,0.0,0.0,7052.01,MGR013,2023-08-24 15:00:00
TXN00004096,EMP0096,Finance,Controller,2023-08-24,11717.78,0.0,0.0,11717.78,MGR017,2023-08-24 13:00:00
TXN00004097,EMP0097,Sales,Regional Director,2023-08-24,15462.52,1.8,234.94,15697.46,MGR009,2023-08-24 08:00:00
TXN00004098,EMP0098,Sales,Regional Director,2023-08-24,12561.59,4.4,479.25,13040.84,MGR009,2023-08-24 09:00:00
TXN00004099,EMP0099,Finance,Finance Manager,2023-08-24,12220.41,0.0,0.0,12220.41,MGR017,2023-08-24 09:00:00
TXN00004100,EMP0100,Marketing,Marketing Specialist,2023-08-24,6612.31,0.0,0.0,6612.31,MGR019,2023-08-24 08:00:00
TXN00004101,EMP0101,Operations,Operations Manager,2023-08-24,10528.67,0.0,0.0,10528.67,MGR019,2023-08-24 10:00:00
TXN00004102,EMP0102,Operations,Operations Lead,2023-08-24,8989.25,1.9,144.58,9133.84,MGR019,2023-08-24 12:00:00
TXN00004103,EMP0103,Sales,Sales Manager,2023-08-24,10360.5,0.0,0.0,10360.5,MGR009,2023-08-24 16:00:00
TXN00004104,EMP0104,Engineering,Junior Dev,2023-08-24,4175.23,0.0,0.0,4175.23,MGR013,2023-08-24 09:00:00
TXN00004105,EMP0105,Engineering,Junior Dev,2023-08-24,3797.97,3.0,97.83,3895.8,MGR013,2023-08-24 17:00:00
TXN00004106,EMP0106,Finance,Senior Analyst,2023-08-24,7469.34,3.7,240.79,7710.14,MGR017,2023-08-24 11:00:00
TXN00004107,EMP0107,HR,HR Coord,2023-08-24,4211.49,5.9,214.77,4426.26,MGR014,2023-08-24 12:00:00
TXN00004108,EMP0108,Engineering,Junior Dev,2023-08-24,5017.19,0.9,39.65,5056.83,MGR013,2023-08-24 14:00:00
TXN00004109,EMP0109,Sales,Regional Director,2023-08-24,13192.84,2.0,225.97,13418.8,MGR009,2023-08-24 14:00:00
TXN00004110,EMP0110,HR,HR Coord,2023-08-24,4615.95,0.0,0.0,4615.95,MGR014,2023-08-24 15:00:00
TXN00004111,EMP0111,HR,HR Coord,2023-08-24,4364.79,4.2,156.97,4521.76,MGR014,2023-08-24 14:00:00
TXN00004112,EMP0112,Engineering,Engineering Manager,2023-08-24,8883.38,0.0,0.0,8883.38,MGR013,2023-08-24 14:00:00
TXN00004113,EMP0113,HR,HR Manager,2023-08-24,9372.03,0.0,0.0,9372.03,MGR014,2023-08-24 13:00:00
TXN00004114,EMP0114,Marketing,Marketing Specialist,2023-08-24,6390.94,0.0,0.0,6390.94,MGR019,2023-08-24 08:00:00
TXN00004115,EMP0115,Operations,Operations Manager,2023-08-24,11983.42,0.0,0.0,11983.42,MGR019,2023-08-24 14:00:00
TXN00004116,EMP0116,Sales,Sales Manager,2023-08-24,11442.95,0.0,0.0,11442.95,MGR009,2023-08-24 09:00:00
TXN00004117,EMP0117,Sales,Sales Manager,2023-08-24,10673.75,0.0,0.0,10673.75,MGR009,2023-08-24 16:00:00
TXN00004118,EMP0118,Marketing,Marketing Coord,2023-08-24,3852.51,0.0,0.0,3852.51,MGR019,2023-08-24 08:00:00
TXN00004119,EMP0119,Finance,Analyst,2023-08-24,4641.47,7.7,307.75,4949.21,MGR017,2023-08-24 17:00:00
TXN00004120,EMP0120,HR,HR Coord,2023-08-24,4188.6,1.4,51.97,4240.57,MGR014,2023-08-24 09:00:00
TXN00004121,EMP0121,Marketing,Marketing Coord,2023-08-24,5185.24,2.8,125.07,5310.31,MGR019,2023-08-24 17:00:00
TXN00004122,EMP0122,Engineering,Senior Dev,2023-08-24,7953.97,2.0,137.59,8091.56,MGR013,2023-08-24 08:00:00
TXN00004123,EMP0123,Marketing,Marketing Coord,2023-08-24,3855.55,0.6,19.43,3874.98,MGR019,2023-08-24 09:00:00
TXN00004124,EMP0124,HR,HR Manager,2023-08-24,11224.71,0.0,0.0,11224.71,MGR014,2023-08-24 13:00:00
TXN00004125,EMP0125,HR,HR Manager,2023-08-24,12873.62,0.0,0.0,12873.62,MGR014,2023-08-24 16:00:00
TXN00004126,EMP0126,Engineering,Tech Lead,2023-08-24,8476.43,0.0,0.0,8476.43,MGR013,2023-08-24 09:00:00
TXN00004127,EMP0127,Engineering,Senior Dev,2023-08-24,7780.49,0.0,0.0,7780.49,MGR013,2023-08-24 12:00:00
TXN00004128,EMP0128,Engineering,Junior Dev,2023-08-24,4229.37,0.0,0.0,4229.37,MGR013,2023-08-24 12:00:00
TXN00004129,EMP0129,Sales,Sales Manager,2023-08-24,12272.22,0.0,0.0,12272.22,MGR009,2023-08-24 17:00:00
TXN00004130,EMP0130,HR,HR Coord,2023-08-24,4070.73,0.4,15.39,4086.12,MGR014,2023-08-24 09:00:00
TXN00004131,EMP0131,Marketing,Marketing Coord,2023-08-24,4717.41,0.4,14.63,4732.04,MGR019,2023-08-24 12:00:00
TXN00004132,EMP0132,Operations,Operations Lead,2023-08-24,8194.28,0.0,0.0,8194.28,MGR019,2023-08-24 15:00:00
TXN00004133,EMP0133,Finance,Finance Manager,2023-08-24,12169.82,0.0,0.0,12169.82,MGR017,2023-08-24 14:00:00
TXN00004134,EMP0134,Engineering,Engineering Manager,2023-08-24,11431.86,0.0,0.0,11431.86,MGR013,2023-08-24 14:00:00
TXN00004135,EMP0135,Engineering,Junior Dev,2023-08-24,4439.85,0.0,0.0,4439.85,MGR013,2023-08-24 08:00:00
TXN00004136,EMP0136,Sales,Sales Manager,2023-08-24,12130.79,0.0,0.0,12130.79,MGR009,2023-08-24 15:00:00
TXN00004137,EMP0137,Operations,Operations Lead,2023-08-24,11085.71,2.1,204.78,11290.49,MGR019,2023-08-24 10:00:00
TXN00004138,EMP0138,Operations,Operations Lead,2023-08-24,9145.04,2.8,224.57,9369.6,MGR019,2023-08-24 16:00:00
TXN00004139,EMP0139,Engineering,Junior Dev,2023-08-24,5400.48,3.8,175.85,5576.33,MGR013,2023-08-24 11:00:00
TXN00004140,EMP0140,Operations,Operations Analyst,2023-08-24,5845.28,0.0,0.0,5845.28,MGR019,2023-08-24 10:00:00
TXN00004141,EMP0141,Engineering,Tech Lead,2023-08-24,9965.7,0.0,0.0,9965.7,MGR013,2023-08-24 14:00:00
TXN00004142,EMP0142,HR,HR Coord,2023-08-24,3825.33,0.0,0.0,3825.33,MGR014,2023-08-24 16:00:00
TXN00004143,EMP0143,Sales,Sales Rep,2023-08-24,4482.67,0.0,0.0,4482.67,MGR009,2023-08-24 12:00:00
TXN00004144,EMP0144,Marketing,Marketing Coord,2023-08-24,4099.11,0.4,15.01,4114.12,MGR019,2023-08-24 10:00:00
TXN00004145,EMP0145,Sales,Senior Sales,2023-08-24,6775.07,6.8,396.57,7171.64,MGR009,2023-08-24 12:00:00
TXN00004146,EMP0146,Engineering,Tech Lead,2023-08-24,7593.55,0.0,0.0,7593.55,MGR013,2023-08-24 13:00:00
TXN00004147,EMP0147,Finance,Senior Analyst,2023-08-24,7749.31,0.0,0.0,7749.31,MGR017,2023-08-24 08:00:00
TXN00004148,EMP0148,Sales,Senior Sales,2023-08-24,6368.3,0.0,0.0,6368.3,MGR009,2023-08-24 16:00:00
TXN00004149,EMP0149,Engineering,Senior Dev,2023-08-24,7545.98,8.8,577.05,8123.03,MGR013,2023-08-24 16:00:00
TXN00004150,EMP0150,Finance,Senior Analyst,2023-08-24,7169.19,0.0,1.74,7170.93,MGR017,2023-08-24 10:00:00
TXN00004151,EMP0151,Sales,Sales Rep,2023-08-24,3988.07,0.1,4.88,3992.95,MGR009,2023-08-24 09:00:00
TXN00004152,EMP0152,Engineering,Engineering Manager,2023-08-24,10752.42,0.0,0.0,10752.42,MGR013,2023-08-24 08:00:00
TXN00004153,EMP0153,Sales,Regional Director,2023-08-24,15937.52,2.8,392.98,16330.5,MGR009,2023-08-24 08:00:00
TXN00004154,EMP0154,Marketing,Marketing Coord,2023-08-24,4071.82,0.0,0.0,4071.82,MGR019,2023-08-24 17:00:00
TXN00004155,EMP0155,Engineering,Senior Dev,2023-08-24,7631.91,1.7,112.79,7744.7,MGR013,2023-08-24 17:00:00
TXN00004156,EMP0156,Marketing,Marketing Specialist,2023-08-24,5341.01,0.0,0.0,5341.01,MGR019,2023-08-24 14:00:00
TXN00004157,EMP0157,Marketing,Marketing Specialist,2023-08-24,5319.42,0.0,0.0,5319.42,MGR019,2023-08-24 16:00:00
TXN00004158,EMP0158,HR,HR Specialist,2023-08-24,6403.6,2.3,126.21,6529.8,MGR014,2023-08-24 16:00:00
TXN00004159,EMP0159,HR,HR Specialist,2023-08-24,5325.04,0.1,6.66,5331.7,MGR014,2023-08-24 09:00:00
TXN00004160,EMP0160,Engineering,Tech Lead,2023-08-24,8659.963087655862,0.0,0.0,8659.963087655862,MGR013,2023-08-24 12:00:00
TXN00004161,EMP0161,HR,HR Specialist,2023-08-24,5912.38,6.0,304.86,12434.48,MGR014,2023-08-24 11:00:00
TXN00004162,EMP0162,Engineering,Engineering Manager,2023-08-24,10741.56,0.0,0.0,10741.56,MGR013,2023-08-24 13:00:00
TXN00004163,EMP0163,Operations,Operations Lead,2023-08-24,10681.51,0.0,0.0,10681.51,MGR019,2023-08-24 11:00:00
TXN00004164,EMP0164,HR,HR Manager,2023-08-24,10759.08,0.0,0.0,10759.08,MGR014,2023-08-24 14:00:00
TXN00004165,EMP0165,Finance,Senior Analyst,2023-08-24,6822.06,7.0,414.96,7237.02,MGR017,2023-08-24 16:00:00
TXN00004166,EMP0166,Engineering,Engineering Manager,2023-08-24,10329.97,0.0,0.0,10329.97,MGR013,2023-08-24 10:00:00
TXN00004167,EMP0167,HR,HR Manager,2023-08-24,8443.36,0.0,0.0,8443.36,MGR014,2023-08-24 10:00:00
TXN00004168,EMP0168,Operations,Operations Manager,2023-08-24,8507.85,0.0,0.0,8507.85,MGR019,2023-08-24 10:00:00
TXN00004169,EMP0169,Sales,Sales Manager,2023-08-24,12001.08,0.0,0.0,12001.08,MGR009,2023-08-24 11:00:00
TXN00004170,EMP0170,Engineering,Tech Lead,2023-08-24,8739.09,0.0,0.0,8739.09,MGR013,2023-08-24 17:00:00
TXN00004171,EMP0171,Marketing,Marketing Manager,2023-08-24,10355.85,0.0,0.0,10355.85,MGR019,2023-08-24 12:00:00
TXN00004172,EMP0172,Operations,Operations Lead,2023-08-24,8203.79,4.9,349.15,8552.94,MGR019,2023-08-24 11:00:00
TXN00004173,EMP0173,Marketing,Marketing Manager,2023-08-24,10216.3,0.0,0.0,10216.3,MGR019,2023-08-24 09:00:00
TXN00004174,EMP0174,Marketing,Marketing Specialist,2023-08-24,5657.52,2.0,97.43,5754.94,MGR019,2023-08-24 10:00:00
TXN00004175,EMP0175,Marketing,Marketing Manager,2023-08-24,10147.26,0.0,0.0,10147.26,MGR019,2023-08-24 17:00:00
TXN00004176,EMP0176,Sales,Regional Director,2023-08-24,14435.8,0.0,0.0,14435.8,MGR009,2023-08-24 08:00:00
TXN00004177,EMP0177,Finance,Senior Analyst,2023-08-24,7282.5,0.1,4.48,7286.99,MGR017,2023-08-24 16:00:00
TXN00004178,EMP0178,HR,HR Specialist,2023-08-24,4991.01,6.2,269.45,5260.46,MGR014,2023-08-24 15:00:00
TXN00004179,EMP0179,HR,HR Coord,2023-08-24,3544.49,0.3,9.14,3553.63,MGR014,2023-08-24 16:00:00
TXN00004180,EMP0180,Marketing,Marketing Coord,2023-08-24,4740.4,0.0,0.0,4740.4,MGR019,2023-08-24 09:00:00
TXN00004181,EMP0181,HR,HR Manager,2023-08-24,10222.67,0.0,0.0,10222.67,MGR014,2023-08-24 12:00:00
TXN00004182,EMP0182,Marketing,Marketing Specialist,2023-08-24,5600.16,0.5,22.01,5622.17,MGR019,2023-08-24 09:00:00
TXN00004183,EMP0183,Finance,Senior Analyst,2023-08-24,8022.91,0.7,48.52,8071.44,MGR017,2023-08-24 12:00:00
TXN00004184,EMP0184,Finance,Senior Analyst,2023-08-24,8944.23,2.4,182.79,9127.02,MGR017,2023-08-24 09:00:00
TXN00004185,EMP0185,Engineering,Tech Lead,2023-08-24,8023.94,0.0,0.0,8023.94,MGR013,2023-08-24 11:00:00
TXN00004186,EMP0186,Operations,Operations Manager,2023-08-24,8678.83,0.0,0.0,8678.83,MGR019,2023-08-24 17:00:00
TXN00004187,EMP0187,Marketing,Marketing Coord,2023-08-24,3689.3,0.0,0.0,3689.3,MGR019,2023-08-24 15:00:00
TXN00004188,EMP0188,Operations,Operations Lead,2023-08-24,7854.94,0.0,0.0,7854.94,MGR019,2023-08-24 13:00:00
TXN00004189,EMP0189,Sales,Senior Sales,2023-08-24,7604.22,0.3,22.15,7626.37,MGR009,2023-08-24 13:00:00
TXN00004190,EMP0190,Engineering,Senior Dev,2023-08-24,7679.73,0.5,34.93,7714.66,MGR013,2023-08-24 10:00:00
TXN00004191,EMP0191,HR,HR Coord,2023-08-24,3730.25,0.0,0.0,3730.25,MGR014,2023-08-24 11:00:00
TXN00004192,EMP0192,Finance,Senior Analyst,2023-08-24,8043.48,2.0,139.57,8183.05,MGR017,2023-08-24 09:00:00
TXN00004193,EMP0193,Operations,Operations Lead,2023-08-24,10249.22,3.1,271.39,10520.61,MGR019,2023-08-24 12:00:00
TXN00004194,EMP0194,Finance,Senior Analyst,2023-08-24,6496.16,1.7,94.9,6591.05,MGR017,2023-08-24 17:00:00
TXN00004195,EMP0195,Operations,Operations Manager,2023-08-24,11904.32,0.0,0.0,11904.32,MGR019,2023-08-24 09:00:00
TXN00004196,EMP0196,Engineering,Engineering Manager,2023-08-24,12006.46,0.0,0.0,12006.46,MGR013,2023-08-24 11:00:00
TXN00004197,EMP0197,Sales,Regional Director,2023-08-24,13496.4,0.0,0.0,13496.4,MGR009,2023-08-24 13:00:00
TXN00004198,EMP0198,HR,HR Coord,2023-08-24,4323.24,4.7,174.79,4498.02,MGR014,2023-08-24 15:00:00
TXN00004199,EMP0199,Finance,Senior Analyst,2023-08-24,7877.94,10.2,696.85,8574.79,MGR017,2023-08-24 15:00:00
TXN00004200,EMP0200,Operations,Operations Manager,2023-08-24,11749.49,0.0,0.0,11749.49,MGR019,2023-08-24 13:00:00
TXN00004201,EMP0001,Operations,Operations Analyst,2023-09-23,5509.53,0.2,9.83,5519.36,MGR019,2023-09-23 17:00:00
TXN00004202,EMP0002,Operations,Operations Lead,2023-09-23,9841.05,0.0,0.0,9841.05,MGR019,2023-09-23 12:00:00
TXN00004203,EMP0003,Sales,Senior Sales,2023-09-23,6221.04,3.2,171.83,6392.87,MGR009,2023-09-23 17:00:00
TXN00004204,EMP0004,Operations,Operations Manager,2023-09-23,9555.93,0.0,0.0,9555.93,MGR019,2023-09-23 10:00:00
TXN00004205,EMP0005,Engineering,Engineering Manager,2023-09-23,11100.7,0.0,0.0,11100.7,MGR013,2023-09-23 17:00:00
TXN00004206,EMP0006,Engineering,Junior Dev,2023-09-23,4351.95,3.6,137.11,4489.07,MGR013,2023-09-23 17:00:00
TXN00004207,EMP0007,Sales,Sales Rep,2023-09-23,4859.16,0.6,27.17,4886.33,MGR009,2023-09-23 13:00:00
TXN00004208,EMP0008,Sales,Regional Director,2023-09-23,11731.85,4.0,408.13,12139.97,MGR009,2023-09-23 13:00:00
TXN00004209,EMP0009,Finance,Finance Manager,2023-09-23,9764.7,0.0,0.0,9764.7,MGR017,2023-09-23 14:00:00
TXN00004210,EMP0010,Sales,Regional Director,2023-09-23,12894.02,5.9,662.06,13556.08,MGR009,2023-09-23 10:00:00
TXN00004211,EMP0011,Marketing,Marketing Coord,2023-09-23,4135.09,0.0,0.0,4135.09,MGR019,2023-09-23 08:00:00
TXN00004212,EMP0012,Marketing,Marketing Coord,2023-09-23,3799.77,1.3,42.85,3842.61,MGR019,2023-09-23 13:00:00
TXN00004213,EMP0013,Finance,Analyst,2023-09-23,5381.41,0.2,7.13,5388.54,MGR017,2023-09-23 11:00:00
TXN00004214,EMP0014,Marketing,Marketing Manager,2023-09-23,9388.76,0.0,0.0,9388.76,MGR019,2023-09-23 11:00:00
TXN00004215,EMP0015,Engineering,Engineering Manager,2023-09-23,10337.47,0.0,0.0,10337.47,MGR013,2023-09-23 14:00:00
TXN00004216,EMP0016,Engineering,Engineering Manager,2023-09-23,10474.68,0.0,0.0,10474.68,MGR013,2023-09-23 12:00:00
TXN00004217,EMP0017,HR,HR Specialist,2023-09-23,5395.52,2.2,100.66,5496.18,MGR014,2023-09-23 13:00:00
TXN00004218,EMP0018,HR,HR Specialist,2023-09-23,6806.67,1.8,107.24,6913.91,MGR014,2023-09-23 10:00:00
TXN00004219,EMP0019,Sales,Sales Rep,2023-09-23,4156.24,3.7,132.33,4288.57,MGR009,2023-09-23 13:00:00
TXN00004220,EMP0020,Operations,Operations Analyst,2023-09-23,5491.77,0.0,0.0,5491.77,MGR019,2023-09-23 15:00:00
TXN00004221,EMP0021,Engineering,Senior Dev,2023-09-23,6337.25,0.1,7.09,6344.34,MGR013,2023-09-23 15:00:00
TXN00004222,EMP0022,Finance,Finance Manager,2023-09-23,9664.68,0.0,0.0,9664.68,MGR017,2023-09-23 15:00:00
TXN00004223,EMP0023,Operations,Operations Lead,2023-09-23,8677.93,4.3,321.96,8999.89,MGR019,2023-09-23 13:00:00
TXN00004224,EMP0024,Marketing,Marketing Specialist,2023-09-23,5327.61,0.0,0.0,5327.61,MGR019,2023-09-23 12:00:00
TXN00004225,EMP0025,Operations,Operations Lead,2023-09-23,8975.51,0.0,0.0,8975.51,MGR019,2023-09-23 15:00:00
TXN00004226,EMP0026,Operations,Operations Manager,2023-09-23,12600.78,0.0,0.0,12600.78,MGR019,2023-09-23 16:00:00
TXN00004227,EMP0027,HR,HR Manager,2023-09-23,13014.25,37.61497154148379,4236.3228754363445,17250.572875436344,MGR014,2023-09-23 09:00:00
TXN00004228,EMP0028,HR,HR Manager,2023-09-23,11875.28,0.0,0.0,11875.28,MGR014,2023-09-23 10:00:00
TXN00004229,EMP0029,Sales,Regional Director,2023-09-23,11348.67,0.0,0.0,11348.67,MGR009,2023-09-23 17:00:00
TXN00004230,EMP0030,Marketing,Marketing Manager,2023-09-23,8684.42,0.0,0.0,8684.42,MGR019,2023-09-23 09:00:00
TXN00004231,EMP0031,HR,HR Coord,2023-09-23,3891.72,2.6,87.44,3979.16,MGR014,2023-09-23 12:00:00
TXN00004232,EMP0032,Marketing,Marketing Coord,2023-09-23,4484.93,6.9,269.16,4754.09,MGR019,2023-09-23 10:00:00
TXN00004233,EMP0033,Engineering,Tech Lead,2023-09-23,8587.39,0.0,0.0,8587.39,MGR013,2023-09-23 16:00:00
TXN00004234,EMP0034,Marketing,Marketing Coord,2023-09-23,3850.71,3.0,100.28,3951.0,MGR019,2023-09-23 11:00:00
TXN00004235,EMP0035,HR,HR Manager,2023-09-23,9869.11,0.0,0.0,9869.11,MGR014,2023-09-23 12:00:00
TXN00004236,EMP0036,Sales,Regional Director,2023-09-23,14237.79,0.2,30.3,14268.09,MGR009,2023-09-23 09:00:00
TXN00004237,EMP0037,Operations,Operations Lead,2023-09-23,8275.66,1.5,110.75,8386.41,MGR019,2023-09-23 09:00:00
TXN00004238,EMP0038,Marketing,Marketing Coord,2023-09-23,4547.26,0.3,11.03,4558.29,MGR019,2023-09-23 08:00:00
TXN00004239,EMP0039,Operations,Operations Manager,2023-09-23,10954.57,0.0,0.0,10954.57,MGR019,2023-09-23 16:00:00
TXN00004240,EMP0040,Marketing,Marketing Manager,2023-09-23,9598.62,0.0,0.0,9598.62,MGR019,2023-09-23 08:00:00
TXN00004241,EMP0041,Finance,Controller,2023-09-23,18654.25487738654,0.0,0.0,18654.25487738654,MGR017,2023-09-23 17:00:00
TXN00004242,EMP0042,Sales,Senior Sales,2023-09-23,6548.4,3.5,197.71,6746.11,MGR009,2023-09-23 17:00:00
TXN00004243,EMP0043,Finance,Analyst,2023-09-23,4795.53,0.3,12.39,4807.92,MGR017,2023-09-23 14:00:00
TXN00004244,EMP0044,Engineering,Senior Dev,2023-09-23,7801.12,0.0,0.0,7801.12,MGR013,2023-09-23 17:00:00
TXN00004245,EMP0045,Sales,Regional Director,2023-09-23,15087.19,1.7,215.94,15303.14,MGR009,2023-09-23 11:00:00
TXN00004246,EMP0046,Engineering,Engineering Manager,2023-09-23,9386.42,0.0,0.0,9386.42,MGR013,2023-09-23 08:00:00
TXN00004247,EMP0047,HR,HR Specialist,2023-09-23,6140.56,0.0,0.0,6140.56,MGR014,2023-09-23 16:00:00
TXN00004248,EMP0048,Marketing,Marketing Manager,2023-09-23,11348.61,0.0,0.0,11348.61,MGR019,2023-09-23 12:00:00
TXN00004249,EMP0049,Operations,Operations Manager,2023-09-23,10413.0,0.0,0.0,10413.0,MGR019,2023-09-23 16:00:00
TXN00004250,EMP0050,Operations,Operations Manager,2023-09-23,8475.73,0.0,0.0,8475.73,MGR019,2023-09-23 16:00:00
TXN00004251,EMP0051,Operations,Operations Lead,2023-09-23,8038.62,0.9,60.01,8098.63,MGR019,2023-09-23 15:00:00
TXN00004252,EMP0052,Marketing,Marketing Specialist,2023-09-23,5324.96,3.5,162.18,5487.15,MGR019,2023-09-23 10:00:00
TXN00004253,EMP0053,Finance,Analyst,2023-09-23,5776.99,1.6,77.75,5854.73,MGR017,2023-09-23 13:00:00
TXN00004254,EMP0054,Operations,Operations Lead,2023-09-23,9246.61,0.7,58.67,9305.28,MGR019,2023-09-23 14:00:00
TXN00004255,EMP0055,Sales,Sales Rep,2023-09-23,4055.4,10.6,371.56,4426.95,MGR009,2023-09-23 11:00:00
TXN00004256,EMP0056,Marketing,Marketing Manager,2023-09-23,9397.26,0.0,0.0,9397.26,MGR019,2023-09-23 17:00:00
TXN00004257,EMP0057,HR,HR Coord,2023-09-23,4940.74,1.8,75.91,5016.66,MGR014,2023-09-23 12:00:00
TXN00004258,EMP0058,Marketing,Marketing Coord,2023-09-23,4632.85,5.2,209.73,4842.58,MGR019,2023-09-23 10:00:00
TXN00004259,EMP0059,HR,HR Coord,2023-09-23,4391.67,2.4,89.38,4481.05,MGR014,2023-09-23 15:00:00
TXN00004260,EMP0060,Marketing,Marketing Specialist,2023-09-23,6353.27,0.6,33.1,6386.36,MGR019,2023-09-23 16:00:00
TXN00004261,EMP0061,Engineering,Tech Lead,2023-09-23,10811.75,0.0,0.0,10811.75,MGR013,2023-09-23 16:00:00
TXN00004262,EMP0062,Sales,Sales Rep,2023-09-23,4176.52,3.8,135.77,4312.29,MGR009,2023-09-23 09:00:00
TXN00004263,EMP0063,HR,HR Coord,2023-09-23,3739.19,3.5,113.72,3852.9,MGR014,2023-09-23 14:00:00
TXN00004264,EMP0064,Operations,Operations Lead,2023-09-23,10674.03,1.6,148.94,10822.97,MGR019,2023-09-23 13:00:00
TXN00004265,EMP0065,HR,HR Coord,2023-09-23,3485.37,1.4,41.48,3526.85,MGR014,2023-09-23 16:00:00
TXN00004266,EMP0066,Operations,Operations Lead,2023-09-23,8672.28,1.1,83.42,8755.7,MGR019,2023-09-23 08:00:00
TXN00004267,EMP0067,Sales,Sales Manager,2023-09-23,8948.71,0.0,0.0,8948.71,MGR009,2023-09-23 11:00:00
TXN00004268,EMP0068,HR,HR Specialist,2023-09-23,6299.01,1.8,100.8,6399.81,MGR014,2023-09-23 17:00:00
TXN00004269,EMP0069,HR,HR Manager,2023-09-23,10795.65,0.0,0.0,10795.65,MGR014,2023-09-23 10:00:00
TXN00004270,EMP0070,Sales,Sales Manager,2023-09-23,10977.25,0.0,0.0,10977.25,MGR009,2023-09-23 16:00:00
TXN00004271,EMP0071,Operations,Operations Manager,2023-09-23,11742.36,0.0,0.0,11742.36,MGR019,2023-09-23 10:00:00
TXN00004272,EMP0072,Finance,Controller,2023-09-23,11907.85,0.0,0.0,11907.85,MGR017,2023-09-23 15:00:00
TXN00004273,EMP0073,Sales,Senior Sales,2023-09-23,6441.24,0.4,22.79,6464.03,MGR009,2023-09-23 10:00:00
TXN00004274,EMP0074,Marketing,Marketing Coord,2023-09-23,4266.93,0.2,8.65,4275.58,MGR019,2023-09-23 10:00:00
TXN00004275,EMP0075,HR,HR Coord,2023-09-23,3464.27,3.1,93.08,3557.35,MGR014,2023-09-23 17:00:00
TXN00004276,EMP0076,Sales,Sales Rep,2023-09-23,4965.61,3.7,158.67,5124.28,MGR009,2023-09-23 17:00:00
TXN00004277,EMP0077,Operations,Operations Manager,2023-09-23,9171.93,0.0,0.0,9171.93,MGR019,2023-09-23 10:00:00
TXN00004278,EMP0078,Sales,Sales Rep,2023-09-23,5064.91,0.4,16.25,5081.16,MGR009,2023-09-23 15:00:00
TXN00004279,EMP0079,Marketing,Marketing Coord,2023-09-23,4532.56,1.7,67.63,4600.19,MGR019,2023-09-23 13:00:00
TXN00004280,EMP0080,Sales,Sales Manager,2023-09-23,9838.75,0.0,0.0,9838.75,MGR009,2023-09-23 08:00:00
TXN00004281,EMP0081,Finance,Senior Analyst,2023-09-23,6995.72,0.0,0.0,6995.72,MGR017,2023-09-23 11:00:00
TXN00004282,EMP0082,Sales,Regional Director,2023-09-23,14093.38,0.0,0.0,14093.38,MGR009,2023-09-23 15:00:00
TXN00004283,EMP0083,Finance,Controller,2023-09-23,11415.72,0.0,0.0,11415.72,MGR017,2023-09-23 11:00:00
TXN00004284,EMP0084,Engineering,Junior Dev,2023-09-23,4337.7,1.6,58.41,4396.12,MGR013,2023-09-23 09:00:00
TXN00004285,EMP0085,Finance,Finance Manager,2023-09-23,8923.43,0.0,0.0,8923.43,MGR017,2023-09-23 12:00:00
TXN00004286,EMP0086,Finance,Controller,2023-09-23,12270.85,0.0,0.0,12270.85,MGR017,2023-09-23 13:00:00
TXN00004287,EMP0087,Engineering,Junior Dev,2023-09-23,4674.43,1.4,55.55,4729.97,MGR013,2023-09-23 11:00:00
TXN00004288,EMP0088,Finance,Finance Manager,2023-09-23,10604.43,0.0,0.0,10604.43,MGR017,2023-09-23 08:00:00
TXN00004289,EMP0089,Sales,Senior Sales,2023-09-23,7486.15,1.4,90.86,7577.02,MGR009,2023-09-23 11:00:00
TXN00004290,EMP0090,HR,HR Specialist,2023-09-23,6199.09,5.4,291.57,6490.66,MGR014,2023-09-23 16:00:00
TXN00004291,EMP0091,Finance,Senior Analyst,2023-09-23,6591.18,2.9,162.96,6754.14,MGR017,2023-09-23 13:00:00
TXN00004292,EMP0092,Finance,Senior Analyst,2023-09-23,8736.74,5.1,386.32,9123.06,MGR017,2023-09-23 14:00:00
TXN00004293,EMP0093,Finance,Analyst,2023-09-23,4894.09,6.1,260.01,5154.09,MGR017,2023-09-23 15:00:00
TXN00004294,EMP0094,Operations,Operations Manager,2023-09-23,11594.89,0.0,0.0,11594.89,MGR019,2023-09-23 15:00:00
TXN00004295,EMP0095,Engineering,Senior Dev,2023-09-23,7052.01,3.3,201.55,7253.56,MGR013,2023-09-23 08:00:00
TXN00004296,EMP0096,Finance,Controller,2023-09-23,11717.78,0.0,0.0,11717.78,MGR017,2023-09-23 08:00:00
TXN00004297,EMP0097,Sales,Regional Director,2023-09-23,15462.52,6.2,823.83,16286.34,MGR009,2023-09-23 13:00:00
TXN00004298,EMP0098,Sales,Regional Director,2023-09-23,12561.59,1.3,136.98,12698.56,MGR009,2023-09-23 09:00:00
TXN00004299,EMP0099,Finance,Finance Manager,2023-09-23,12220.41,0.0,0.0,12220.41,MGR017,2023-09-23 16:00:00
TXN00004300,EMP0100,Marketing,Marketing Specialist,2023-09-23,6612.31,1.6,88.74,6701.04,MGR019,2023-09-23 12:00:00
TXN00004301,EMP0101,Operations,Operations Manager,2023-09-23,10528.67,0.0,0.0,10528.67,MGR019,2023-09-23 12:00:00
TXN00004302,EMP0102,Operations,Operations Lead,2023-09-23,8989.25,0.0,0.0,8989.25,MGR019,2023-09-23 17:00:00
TXN00004303,EMP0103,Sales,Sales Manager,2023-09-23,10360.5,0.0,0.0,10360.5,MGR009,2023-09-23 16:00:00
TXN00004304,EMP0104,Engineering,Junior Dev,2023-09-23,4175.23,1.5,54.88,4230.12,MGR013,2023-09-23 17:00:00
TXN00004305,EMP0105,Engineering,Junior Dev,2023-09-23,3797.97,2.5,83.1,3881.07,MGR013,2023-09-23 10:00:00
TXN00004306,EMP0106,Finance,Senior Analyst,2023-09-23,7469.34,0.0,0.0,7469.34,MGR017,2023-09-23 14:00:00
TXN00004307,EMP0107,HR,HR Coord,2023-09-23,4211.49,0.2,8.24,4219.73,MGR014,2023-09-23 14:00:00
TXN00004308,EMP0108,Engineering,Junior Dev,2023-09-23,5017.19,0.0,0.0,5017.19,MGR013,2023-09-23 13:00:00
TXN00004309,EMP0109,Sales,Regional Director,2023-09-23,13192.84,3.3,378.43,13571.27,MGR009,2023-09-23 17:00:00
TXN00004310,EMP0110,HR,HR Coord,2023-09-23,4615.95,5.4,214.4,4830.35,MGR014,2023-09-23 09:00:00
TXN00004311,EMP0111,HR,HR Coord,2023-09-23,4364.79,0.4,15.75,4380.54,MGR014,2023-09-23 16:00:00
TXN00004312,EMP0112,Engineering,Engineering Manager,2023-09-23,8883.38,0.0,0.0,8883.38,MGR013,2023-09-23 12:00:00
TXN00004313,EMP0113,HR,HR Manager,2023-09-23,9372.03,0.0,0.0,9372.03,MGR014,2023-09-23 14:00:00
TXN00004314,EMP0114,Marketing,Marketing Specialist,2023-09-23,6390.94,8.0,442.29,6833.23,MGR019,2023-09-23 11:00:00
TXN00004315,EMP0115,Operations,Operations Manager,2023-09-23,11983.42,0.0,0.0,11983.42,MGR019,2023-09-23 16:00:00
TXN00004316,EMP0116,Sales,Sales Manager,2023-09-23,11442.95,0.0,0.0,11442.95,MGR009,2023-09-23 14:00:00
TXN00004317,EMP0117,Sales,Sales Manager,2023-09-23,10673.75,0.0,0.0,10673.75,MGR009,2023-09-23 13:00:00
TXN00004318,EMP0118,Marketing,Marketing Coord,2023-09-23,3852.51,5.2,171.83,4024.34,MGR019,2023-09-23 13:00:00
TXN00004319,EMP0119,Finance,Analyst,2023-09-23,4641.47,0.8,32.94,4674.41,MGR017,2023-09-23 15:00:00
TXN00004320,EMP0120,HR,HR Coord,2023-09-23,4188.6,0.0,0.0,4188.6,MGR014,2023-09-23 15:00:00
TXN00004321,EMP0121,Marketing,Marketing Coord,2023-09-23,5185.24,1.4,62.07,5247.31,MGR019,2023-09-23 17:00:00
TXN00004322,EMP0122,Engineering,Senior Dev,2023-09-23,7953.97,2.5,169.69,8123.66,MGR013,2023-09-23 08:00:00
TXN00004323,EMP0123,Marketing,Marketing Coord,2023-09-23,3855.55,0.0,0.0,3855.55,MGR019,2023-09-23 16:00:00
TXN00004324,EMP0124,HR,HR Manager,2023-09-23,11224.71,0.0,0.0,11224.71,MGR014,2023-09-23 10:00:00
TXN00004325,EMP0125,HR,HR Manager,2023-09-23,12873.62,0.0,0.0,12873.62,MGR014,2023-09-23 15:00:00
TXN00004326,EMP0126,Engineering,Tech Lead,2023-09-23,8476.43,0.0,0.0,8476.43,MGR013,2023-09-23 10:00:00
TXN00004327,EMP0127,Engineering,Senior Dev,2023-09-23,7780.49,0.9,60.67,7841.16,MGR013,2023-09-23 11:00:00
TXN00004328,EMP0128,Engineering,Junior Dev,2023-09-23,4229.37,0.4,13.95,4243.32,MGR013,2023-09-23 09:00:00
TXN00004329,EMP0129,Sales,Sales Manager,2023-09-23,12272.22,0.0,0.0,12272.22,MGR009,2023-09-23 16:00:00
TXN00004330,EMP0130,HR,HR Coord,2023-09-23,4070.73,0.0,0.0,4070.73,MGR014,2023-09-23 12:00:00
TXN00004331,EMP0131,Marketing,Marketing Coord,2023-09-23,4717.41,0.0,0.0,4717.41,MGR019,2023-09-23 11:00:00
TXN00004332,EMP0132,Operations,Operations Lead,2023-09-23,8194.28,0.0,0.0,8194.28,MGR019,2023-09-23 10:00:00
TXN00004333,EMP0133,Finance,Finance Manager,2023-09-23,12169.82,0.0,0.0,12169.82,MGR017,2023-09-23 10:00:00
TXN00004334,EMP0134,Engineering,Engineering Manager,2023-09-23,11431.86,0.0,0.0,11431.86,MGR013,2023-09-23 10:00:00
TXN00004335,EMP0135,Engineering,Junior Dev,2023-09-23,4439.85,2.7,103.03,4542.88,MGR013,2023-09-23 13:00:00
TXN00004336,EMP0136,Sales,Sales Manager,2023-09-23,12130.79,0.0,0.0,12130.79,MGR009,2023-09-23 17:00:00
TXN00004337,EMP0137,Operations,Operations Lead,2023-09-23,11085.71,0.1,13.76,11099.47,MGR019,2023-09-23 09:00:00
TXN00004338,EMP0138,Operations,Operations Lead,2023-09-23,9145.04,0.0,0.0,9145.04,MGR019,2023-09-23 11:00:00
TXN00004339,EMP0139,Engineering,Junior Dev,2023-09-23,5400.48,5.3,248.14,5648.62,MGR013,2023-09-23 14:00:00
TXN00004340,EMP0140,Operations,Operations Analyst,2023-09-23,5845.28,0.0,0.0,5845.28,MGR019,2023-09-23 13:00:00
TXN00004341,EMP0141,Engineering,Tech Lead,2023-09-23,9965.7,0.0,0.0,9965.7,MGR013,2023-09-23 09:00:00
TXN00004342,EMP0142,HR,HR Coord,2023-09-23,3825.33,0.0,0.0,3825.33,MGR014,2023-09-23 15:00:00
TXN00004343,EMP0143,Sales,Sales Rep,2023-09-23,4482.67,3.3,126.22,4608.9,MGR009,2023-09-23 15:00:00
TXN00004344,EMP0144,Marketing,Marketing Coord,2023-09-23,4099.11,3.0,105.98,4205.08,MGR019,2023-09-23 15:00:00
TXN00004345,EMP0145,Sales,Senior Sales,2023-09-23,6775.07,0.6,36.77,6811.84,MGR009,2023-09-23 11:00:00
TXN00004346,EMP0146,Engineering,Tech Lead,2023-09-23,7593.55,0.0,0.0,7593.55,MGR013,2023-09-23 17:00:00
TXN00004347,EMP0147,Finance,Senior Analyst,2023-09-23,7749.31,2.3,151.29,7900.6,MGR017,2023-09-23 10:00:00
TXN00004348,EMP0148,Sales,Senior Sales,2023-09-23,6368.3,0.0,0.0,6368.3,MGR009,2023-09-23 14:00:00
TXN00004349,EMP0149,Engineering,Senior Dev,2023-09-23,7545.98,0.0,0.0,7545.98,MGR013,2023-09-23 08:00:00
TXN00004350,EMP0150,Finance,Senior Analyst,2023-09-23,7169.19,0.4,22.4,7191.59,MGR017,2023-09-23 11:00:00
TXN00004351,EMP0151,Sales,Sales Rep,2023-09-23,3988.07,0.0,0.0,3988.07,MGR009,2023-09-23 08:00:00
TXN00004352,EMP0152,Engineering,Engineering Manager,2023-09-23,10752.42,0.0,0.0,10752.42,MGR013,2023-09-23 10:00:00
TXN00004353,EMP0153,Sales,Regional Director,2023-09-23,15937.52,0.0,0.0,15937.52,MGR009,2023-09-23 17:00:00
TXN00004354,EMP0154,Marketing,Marketing Coord,2023-09-23,4071.82,5.2,181.65,4253.46,MGR019,2023-09-23 17:00:00
TXN00004355,EMP0155,Engineering,Senior Dev,2023-09-23,7631.91,1.4,90.66,7722.57,MGR013,2023-09-23 10:00:00
TXN00004356,EMP0156,Marketing,Marketing Specialist,2023-09-23,5341.01,0.5,22.23,5363.23,MGR019,2023-09-23 10:00:00
TXN00004357,EMP0157,Marketing,Marketing Specialist,2023-09-23,5319.42,0.0,0.0,5319.42,MGR019,2023-09-23 16:00:00
TXN00004358,EMP0158,HR,HR Specialist,2023-09-23,6403.6,0.6,30.7,6434.29,MGR014,2023-09-23 08:00:00
TXN00004359,EMP0159,HR,HR Specialist,2023-09-23,5325.04,3.8,173.24,5498.28,MGR014,2023-09-23 17:00:00
TXN00004360,EMP0160,Engineering,Tech Lead,2023-09-23,8027.45,0.0,0.0,8027.45,MGR013,2023-09-23 10:00:00
TXN00004361,EMP0161,HR,HR Specialist,2023-09-23,5912.38,0.0,0.0,5912.38,MGR014,2023-09-23 08:00:00
TXN00004362,EMP0162,Engineering,Engineering Manager,2023-09-23,10741.56,0.0,0.0,10741.56,MGR013,2023-09-23 10:00:00
TXN00004363,EMP0163,Operations,Operations Lead,2023-09-23,10681.51,1.5,139.05,10820.56,MGR019,2023-09-23 12:00:00
TXN00004364,EMP0164,HR,HR Manager,2023-09-23,10759.08,0.0,0.0,10759.08,MGR014,2023-09-23 10:00:00
TXN00004365,EMP0165,Finance,Senior Analyst,2023-09-23,6822.06,3.4,199.13,7021.19,MGR017,2023-09-23 16:00:00
TXN00004366,EMP0166,Engineering,Engineering Manager,2023-09-23,10329.97,0.0,0.0,10329.97,MGR013,2023-09-23 14:00:00
TXN00004367,EMP0167,HR,HR Manager,2023-09-23,8443.36,0.0,0.0,8443.36,MGR014,2023-09-23 17:00:00
TXN00004368,EMP0168,Operations,Operations Manager,2023-09-23,8507.85,0.0,0.0,8507.85,MGR019,2023-09-23 17:00:00
TXN00004369,EMP0169,Sales,Sales Manager,2023-09-23,12001.08,0.0,0.0,12001.08,MGR009,2023-09-23 08:00:00
TXN00004370,EMP0170,Engineering,Tech Lead,2023-09-23,8739.09,0.0,0.0,8739.09,MGR013,2023-09-23 12:00:00
TXN00004371,EMP0171,Marketing,Marketing Manager,2023-09-23,10355.85,0.0,0.0,10355.85,MGR019,2023-09-23 09:00:00
TXN00004372,EMP0172,Operations,Operations Lead,2023-09-23,8203.79,13.9,985.62,9189.41,MGR019,2023-09-23 11:00:00
TXN00004373,EMP0173,Marketing,Marketing Manager,2023-09-23,10216.3,0.0,0.0,10216.3,MGR019,2023-09-23 15:00:00
TXN00004374,EMP0174,Marketing,Marketing Specialist,2023-09-23,5657.52,0.0,0.0,5657.52,MGR019,2023-09-23 17:00:00
TXN00004375,EMP0175,Marketing,Marketing Manager,2023-09-23,10147.26,0.0,0.0,10147.26,MGR019,2023-09-23 15:00:00
TXN00004376,EMP0176,Sales,Regional Director,2023-09-23,14435.8,2.6,325.32,14761.12,MGR009,2023-09-23 15:00:00
TXN00004377,EMP0177,Finance,Senior Analyst,2023-09-23,7282.5,0.0,0.0,7282.5,MGR017,2023-09-23 10:00:00
TXN00004378,EMP0178,HR,HR Specialist,2023-09-23,4991.01,3.3,143.75,5134.77,MGR014,2023-09-23 11:00:00
TXN00004379,EMP0179,HR,HR Coord,2023-09-23,3544.49,2.9,90.21,3634.7,MGR014,2023-09-23 14:00:00
TXN00004380,EMP0180,Marketing,Marketing Coord,2023-09-23,4740.4,0.7,29.2,4769.59,MGR019,2023-09-23 17:00:00
TXN00004381,EMP0181,HR,HR Manager,2023-09-23,10222.67,0.0,0.0,10222.67,MGR014,2023-09-23 10:00:00
TXN00004382,EMP0182,Marketing,Marketing Specialist,2023-09-23,5600.16,0.0,0.0,5600.16,MGR019,2023-09-23 17:00:00
TXN00004383,EMP0183,Finance,Senior Analyst,2023-09-23,8022.91,0.8,58.61,8081.53,MGR017,2023-09-23 10:00:00
TXN00004384,EMP0184,Finance,Senior Analyst,2023-09-23,8944.23,1.2,89.74,9033.96,MGR017,2023-09-23 17:00:00
TXN00004385,EMP0185,Engineering,Tech Lead,2023-09-23,8023.94,0.0,0.0,8023.94,MGR013,2023-09-23 16:00:00
TXN00004386,EMP0186,Operations,Operations Manager,2023-09-23,8678.83,0.0,0.0,8678.83,MGR019,2023-09-23 12:00:00
TXN00004387,EMP0187,Marketing,Marketing Coord,2023-09-23,3689.3,0.0,0.0,3689.3,MGR019,2023-09-23 10:00:00
TXN00004388,EMP0188,Operations,Operations Lead,2023-09-23,7854.94,5.9,402.45,8257.4,MGR019,2023-09-23 13:00:00
TXN00004389,EMP0189,Sales,Senior Sales,2023-09-23,7604.22,0.5,33.77,7637.99,MGR009,2023-09-23 15:00:00
TXN00004390,EMP0190,Engineering,Senior Dev,2023-09-23,7679.73,2.2,143.63,7823.36,MGR013,2023-09-23 17:00:00
TXN00004391,EMP0191,HR,HR Coord,2023-09-23,4161.736487576021,6.6,213.48,4375.216487576021,MGR014,2023-09-23 17:00:00
TXN00004392,EMP0192,Finance,Senior Analyst,2023-09-23,8043.48,6.9,483.3,8526.78,MGR017,2023-09-23 09:00:00
TXN00004393,EMP0193,Operations,Operations Lead,2023-09-23,10249.22,0.0,0.0,10249.22,MGR019,2023-09-23 11:00:00
TXN00004394,EMP0194,Finance,Senior Analyst,2023-09-23,6496.16,2.8,155.9,6652.06,MGR017,2023-09-23 14:00:00
TXN00004395,EMP0195,Operations,Operations Manager,2023-09-23,11904.32,0.0,0.0,11904.32,MGR019,2023-09-23 14:00:00
TXN00004396,EMP0196,Engineering,Engineering Manager,2023-09-23,12006.46,0.0,0.0,12006.46,MGR013,2023-09-23 10:00:00
TXN00004397,EMP0197,Sales,Regional Director,2023-09-23,13496.4,2.9,342.1,13838.49,MGR009,2023-09-23 09:00:00
TXN00004398,EMP0198,HR,HR Coord,2023-09-23,4323.24,0.1,2.71,4325.95,MGR014,2023-09-23 08:00:00
TXN00004399,EMP0199,Finance,Senior Analyst,2023-09-23,7877.94,1.2,82.73,7960.67,MGR017,2023-09-23 11:00:00
TXN00004400,EMP0200,Operations,Operations Manager,2023-09-23,11749.49,0.0,0.0,11749.49,MGR019,2023-09-23 16:00:00
TXN00004401,EMP0001,Operations,Operations Analyst,2023-10-23,5509.53,3.5,167.13,5676.66,MGR019,2023-10-23 16:00:00
TXN00004402,EMP0002,Operations,Operations Lead,2023-10-23,9841.05,0.7,57.06,9898.11,MGR019,2023-10-23 14:00:00
TXN00004403,EMP0003,Sales,Senior Sales,2023-10-23,6221.04,2.7,144.71,6365.75,MGR009,2023-10-23 10:00:00
TXN00004404,EMP0004,Operations,Operations Manager,2023-10-23,9555.93,0.0,0.0,9555.93,MGR019,2023-10-23 17:00:00
TXN00004405,EMP0005,Engineering,Engineering Manager,2023-10-23,11100.7,0.0,0.0,11100.7,MGR013,2023-10-23 09:00:00
TXN00004406,EMP0006,Engineering,Junior Dev,2023-10-23,4351.95,0.0,0.0,4351.95,MGR013,2023-10-23 10:00:00
TXN00004407,EMP0007,Sales,Sales Rep,2023-10-23,4859.16,0.0,0.0,4859.16,MGR009,2023-10-23 15:00:00
TXN00004408,EMP0008,Sales,Regional Director,2023-10-23,11731.85,0.0,0.0,11731.85,MGR009,2023-10-23 17:00:00
TXN00004409,EMP0009,Finance,Finance Manager,2023-10-23,9764.7,0.0,0.0,9764.7,MGR017,2023-10-23 17:00:00
TXN00004410,EMP0010,Sales,Regional Director,2023-10-23,12894.02,0.1,13.09,12907.12,MGR009,2023-10-23 08:00:00
TXN00004411,EMP0011,Marketing,Marketing Coord,2023-10-23,4135.09,4.5,161.52,4296.61,MGR019,2023-10-23 16:00:00
TXN00004412,EMP0012,Marketing,Marketing Coord,2023-10-23,3799.77,1.3,43.64,3843.41,MGR019,2023-10-23 16:00:00
TXN00004413,EMP0013,Finance,Analyst,2023-10-23,5381.41,3.1,143.83,5525.23,MGR017,2023-10-23 09:00:00
TXN00004414,EMP0014,Marketing,Marketing Manager,2023-10-23,9388.76,0.0,0.0,9388.76,MGR019,2023-10-23 09:00:00
TXN00004415,EMP0015,Engineering,Engineering Manager,2023-10-23,10337.47,0.0,0.0,10337.47,MGR013,2023-10-23 15:00:00
TXN00004416,EMP0016,Engineering,Engineering Manager,2023-10-23,10474.68,0.0,0.0,10474.68,MGR013,2023-10-23 10:00:00
TXN00004417,EMP0017,HR,HR Specialist,2023-10-23,5395.52,2.2,102.12,5497.64,MGR014,2023-10-23 17:00:00
TXN00004418,EMP0018,HR,HR Specialist,2023-10-23,6806.67,4.2,244.49,7051.16,MGR014,2023-10-23 16:00:00
TXN00004419,EMP0019,Sales,Sales Rep,2023-10-23,4156.24,0.0,0.0,4156.24,MGR009,2023-10-23 08:00:00
TXN00004420,EMP0020,Operations,Operations Analyst,2023-10-23,5491.77,0.2,7.83,5499.6,MGR019,2023-10-23 14:00:00
TXN00004421,EMP0021,Engineering,Senior Dev,2023-10-23,6337.25,0.0,0.0,6337.25,MGR013,2023-10-23 16:00:00
TXN00004422,EMP0022,Finance,Finance Manager,2023-10-23,9664.68,24.431868608788946,2043.3997376479933,11708.079737647993,MGR017,2023-10-23 14:00:00
TXN00004423,EMP0023,Operations,Operations Lead,2023-10-23,8677.93,0.3,22.15,8700.08,MGR019,2023-10-23 13:00:00
TXN00004424,EMP0024,Marketing,Marketing Specialist,2023-10-23,5327.61,0.0,0.0,5327.61,MGR019,2023-10-23 08:00:00
TXN00004425,EMP0025,Operations,Operations Lead,2023-10-23,8975.51,0.0,0.0,8975.51,MGR019,2023-10-23 16:00:00
TXN00004426,EMP0026,Operations,Operations Manager,2023-10-23,12600.78,0.0,0.0,12600.78,MGR019,2023-10-23 14:00:00
TXN00004427,EMP0027,HR,HR Manager,2023-10-23,13014.25,0.0,0.0,13014.25,MGR014,2023-10-23 11:00:00
TXN00004428,EMP0028,HR,HR Manager,2023-10-23,11875.28,0.0,0.0,11875.28,MGR014,2023-10-23 15:00:00
TXN00004429,EMP0029,Sales,Regional Director,2023-10-23,11348.67,2.7,264.84,11613.51,MGR009,2023-10-23 14:00:00
TXN00004430,EMP0030,Marketing,Marketing Manager,2023-10-23,8684.42,0.0,0.0,8684.42,MGR019,2023-10-23 13:00:00
TXN00004431,EMP0031,HR,HR Coord,2023-10-23,3891.72,1.6,54.07,3945.79,MGR014,2023-10-23 17:00:00
TXN00004432,EMP0032,Marketing,Marketing Coord,2023-10-23,4484.93,1.3,49.08,4534.01,MGR019,2023-10-23 17:00:00
TXN00004433,EMP0033,Engineering,Tech Lead,2023-10-23,8587.39,0.0,0.0,8587.39,MGR013,2023-10-23 09:00:00
TXN00004434,EMP0034,Marketing,Marketing Coord,2023-10-23,3850.71,17.1,570.71,4421.42,MGR019,2023-10-23 14:00:00
TXN00004435,EMP0035,HR,HR Manager,2023-10-23,9869.11,0.0,0.0,9869.11,MGR014,2023-10-23 10:00:00
TXN00004436,EMP0036,Sales,Regional Director,2023-10-23,14237.79,1.3,162.25,14400.04,MGR009,2023-10-23 12:00:00
TXN00004437,EMP0037,Operations,Operations Lead,2023-10-23,8275.66,0.1,6.78,8282.44,MGR019,2023-10-23 15:00:00
TXN00004438,EMP0038,Marketing,Marketing Coord,2023-10-23,4547.26,4.3,169.48,4716.74,MGR019,2023-10-23 11:00:00
TXN00004439,EMP0039,Operations,Operations Manager,2023-10-23,10954.57,0.0,0.0,10954.57,MGR019,2023-10-23 09:00:00
TXN00004440,EMP0040,Marketing,Marketing Manager,2023-10-23,9598.62,0.0,0.0,9598.62,MGR019,2023-10-23 12:00:00
TXN00004441,EMP0041,Finance,Controller,2023-10-23,13631.32,0.0,0.0,13631.32,MGR017,2023-10-23 17:00:00
TXN00004442,EMP0042,Sales,Senior Sales,2023-10-23,6548.4,26.79429087672169,1518.4015474943449,8066.801547494344,MGR009,2023-10-23 16:00:00
TXN00004443,EMP0043,Finance,Analyst,2023-10-23,4795.53,9.2,383.7,5179.24,MGR017,2023-10-23 14:00:00
TXN00004444,EMP0044,Engineering,Senior Dev,2023-10-23,7801.12,7.7,517.46,8318.58,MGR013,2023-10-23 12:00:00
TXN00004445,EMP0045,Sales,Regional Director,2023-10-23,15087.19,12.7,1658.9,16746.09,MGR009,2023-10-23 11:00:00
TXN00004446,EMP0046,Engineering,Engineering Manager,2023-10-23,9386.42,0.0,0.0,9386.42,MGR013,2023-10-23 08:00:00
TXN00004447,EMP0047,HR,HR Specialist,2023-10-23,6140.56,4.1,219.88,6360.44,MGR014,2023-10-23 08:00:00
TXN00004448,EMP0048,Marketing,Marketing Manager,2023-10-23,11348.61,0.0,0.0,11348.61,MGR019,2023-10-23 17:00:00
TXN00004449,EMP0049,Operations,Operations Manager,2023-10-23,10413.0,0.0,0.0,10413.0,MGR019,2023-10-23 16:00:00
TXN00004450,EMP0050,Operations,Operations Manager,2023-10-23,8475.73,0.0,0.0,8475.73,MGR019,2023-10-23 09:00:00
TXN00004451,EMP0051,Operations,Operations Lead,2023-10-23,8038.62,2.2,156.44,8195.06,MGR019,2023-10-23 16:00:00
TXN00004452,EMP0052,Marketing,Marketing Specialist,2023-10-23,5324.96,0.0,0.11,5325.07,MGR019,2023-10-23 08:00:00
TXN00004453,EMP0053,Finance,Analyst,2023-10-23,5776.99,0.0,0.0,5776.99,MGR017,2023-10-23 14:00:00
TXN00004454,EMP0054,Operations,Operations Lead,2023-10-23,9246.61,3.0,241.19,9487.8,MGR019,2023-10-23 11:00:00
TXN00004455,EMP0055,Sales,Sales Rep,2023-10-23,4055.4,0.0,0.0,4055.4,MGR009,2023-10-23 13:00:00
TXN00004456,EMP0056,Marketing,Marketing Manager,2023-10-23,9397.26,0.0,0.0,9397.26,MGR019,2023-10-23 14:00:00
TXN00004457,EMP0057,HR,HR Coord,2023-10-23,4940.74,2.8,118.74,5059.49,MGR014,2023-10-23 13:00:00
TXN00004458,EMP0058,Marketing,Marketing Coord,2023-10-23,4632.85,4.0,160.16,4793.01,MGR019,2023-10-23 09:00:00
TXN00004459,EMP0059,HR,HR Coord,2023-10-23,4391.67,1.9,70.97,4462.64,MGR014,2023-10-23 10:00:00
TXN00004460,EMP0060,Marketing,Marketing Specialist,2023-10-23,6353.27,0.6,30.99,6384.25,MGR019,2023-10-23 14:00:00
TXN00004461,EMP0061,Engineering,Tech Lead,2023-10-23,10811.75,0.0,0.0,10811.75,MGR013,2023-10-23 17:00:00
TXN00004462,EMP0062,Sales,Sales Rep,2023-10-23,4176.52,0.0,0.0,4176.52,MGR009,2023-10-23 12:00:00
TXN00004463,EMP0063,HR,HR Coord,2023-10-23,3739.19,3.3,105.41,3844.59,MGR014,2023-10-23 12:00:00
TXN00004464,EMP0064,Operations,Operations Lead,2023-10-23,10674.03,3.5,322.87,10996.9,MGR019,2023-10-23 16:00:00
TXN00004465,EMP0065,HR,HR Coord,2023-10-23,3485.37,1.7,50.13,3535.5,MGR014,2023-10-23 14:00:00
TXN00004466,EMP0066,Operations,Operations Lead,2023-10-23,8672.28,4.1,310.66,8982.94,MGR019,2023-10-23 17:00:00
TXN00004467,EMP0067,Sales,Sales Manager,2023-10-23,8948.71,0.0,0.0,8948.71,MGR009,2023-10-23 13:00:00
TXN00004468,EMP0068,HR,HR Specialist,2023-10-23,6299.01,0.0,0.0,6299.01,MGR014,2023-10-23 17:00:00
TXN00004469,EMP0069,HR,HR Manager,2023-10-23,10795.65,0.0,0.0,10795.65,MGR014,2023-10-23 12:00:00
TXN00004470,EMP0070,Sales,Sales Manager,2023-10-23,10977.25,0.0,0.0,10977.25,MGR009,2023-10-23 14:00:00
TXN00004471,EMP0071,Operations,Operations Manager,2023-10-23,11742.36,0.0,0.0,11742.36,MGR019,2023-10-23 11:00:00
TXN00004472,EMP0072,Finance,Controller,2023-10-23,11907.85,0.0,0.0,11907.85,MGR017,2023-10-23 14:00:00
TXN00004473,EMP0073,Sales,Senior Sales,2023-10-23,6441.24,2.9,163.89,6605.13,MGR009,2023-10-23 16:00:00
TXN00004474,EMP0074,Marketing,Marketing Coord,2023-10-23,4266.93,1.4,52.6,4319.53,MGR019,2023-10-23 16:00:00
TXN00004475,EMP0075,HR,HR Coord,2023-10-23,3464.27,3.8,114.17,3578.44,MGR014,2023-10-23 15:00:00
TXN00004476,EMP0076,Sales,Sales Rep,2023-10-23,4965.61,3.7,159.03,5124.64,MGR009,2023-10-23 10:00:00
TXN00004477,EMP0077,Operations,Operations Manager,2023-10-23,9171.93,0.0,0.0,9171.93,MGR019,2023-10-23 13:00:00
TXN00004478,EMP0078,Sales,Sales Rep,2023-10-23,5064.91,0.1,3.43,5068.34,MGR009,2023-10-23 16:00:00
TXN00004479,EMP0079,Marketing,Marketing Coord,2023-10-23,4532.56,4.9,191.35,4723.91,MGR019,2023-10-23 16:00:00
TXN00004480,EMP0080,Sales,Sales Manager,2023-10-23,9838.75,0.0,0.0,9838.75,MGR009,2023-10-23 15:00:00
TXN00004481,EMP0081,Finance,Senior Analyst,2023-10-23,6995.72,1.8,110.4,7106.13,MGR017,2023-10-23 12:00:00
TXN00004482,EMP0082,Sales,Regional Director,2023-10-23,14093.38,6.3,773.36,14866.74,MGR009,2023-10-23 12:00:00
TXN00004483,EMP0083,Finance,Controller,2023-10-23,11415.72,0.0,0.0,11415.72,MGR017,2023-10-23 17:00:00
TXN00004484,EMP0084,Engineering,Junior Dev,2023-10-23,4337.7,8.7,326.12,4663.82,MGR013,2023-10-23 13:00:00
TXN00004485,EMP0085,Finance,Finance Manager,2023-10-23,8923.43,0.0,0.0,8923.43,MGR017,2023-10-23 14:00:00
TXN00004486,EMP0086,Finance,Controller,2023-10-23,12270.85,0.0,0.0,12270.85,MGR017,2023-10-23 10:00:00
TXN00004487,EMP0087,Engineering,Junior Dev,2023-10-23,4674.43,0.0,0.0,4674.43,MGR013,2023-10-23 09:00:00
TXN00004488,EMP0088,Finance,Finance Manager,2023-10-23,10604.43,0.0,0.0,10604.43,MGR017,2023-10-23 11:00:00
TXN00004489,EMP0089,Sales,Senior Sales,2023-10-23,7486.15,0.7,48.12,7534.27,MGR009,2023-10-23 15:00:00
TXN00004490,EMP0090,HR,HR Specialist,2023-10-23,6199.09,3.2,170.0,6369.09,MGR014,2023-10-23 10:00:00
TXN00004491,EMP0091,Finance,Senior Analyst,2023-10-23,6591.18,0.0,0.0,6591.18,MGR017,2023-10-23 09:00:00
TXN00004492,EMP0092,Finance,Senior Analyst,2023-10-23,8736.74,8.3,626.54,9363.28,MGR017,2023-10-23 11:00:00
TXN00004493,EMP0093,Finance,Analyst,2023-10-23,4894.09,0.8,33.8,4927.89,MGR017,2023-10-23 16:00:00
TXN00004494,EMP0094,Operations,Operations Manager,2023-10-23,11594.89,0.0,0.0,11594.89,MGR019,2023-10-23 14:00:00
TXN00004495,EMP0095,Engineering,Senior Dev,2023-10-23,7052.01,12.9,786.15,7838.16,MGR013,2023-10-23 13:00:00
TXN00004496,EMP0096,Finance,Controller,2023-10-23,11717.78,0.0,0.0,11717.78,MGR017,2023-10-23 16:00:00
TXN00004497,EMP0097,Sales,Regional Director,2023-10-23,15462.52,0.4,49.18,15511.69,MGR009,2023-10-23 17:00:00
TXN00004498,EMP0098,Sales,Regional Director,2023-10-23,12561.59,3.8,414.51,12976.09,MGR009,2023-10-23 08:00:00
TXN00004499,EMP0099,Finance,Finance Manager,2023-10-23,12220.41,0.0,0.0,12220.41,MGR017,2023-10-23 10:00:00
TXN00004500,EMP0100,Marketing,Marketing Specialist,2023-10-23,6612.31,0.1,3.63,6615.93,MGR019,2023-10-23 14:00:00
TXN00004501,EMP0101,Operations,Operations Manager,2023-10-23,10528.67,0.0,0.0,10528.67,MGR019,2023-10-23 08:00:00
TXN00004502,EMP0102,Operations,Operations Lead,2023-10-23,8989.25,1.7,131.8,9121.05,MGR019,2023-10-23 09:00:00
TXN00004503,EMP0103,Sales,Sales Manager,2023-10-23,10360.5,0.0,0.0,10360.5,MGR009,2023-10-23 10:00:00
TXN00004504,EMP0104,Engineering,Junior Dev,2023-10-23,4175.23,8.5,305.94,4481.17,MGR013,2023-10-23 15:00:00
TXN00004505,EMP0105,Engineering,Junior Dev,2023-10-23,3797.97,0.0,0.0,3797.97,MGR013,2023-10-23 17:00:00
TXN00004506,EMP0106,Finance,Senior Analyst,2023-10-23,7469.34,1.3,84.86,7554.2,MGR017,2023-10-23 14:00:00
TXN00004507,EMP0107,HR,HR Coord,2023-10-23,4211.49,71.61926422435775,2610.2060921097727,6821.6960921097725,MGR014,2023-10-23 09:00:00
TXN00004508,EMP0108,Engineering,Junior Dev,2023-10-23,5017.19,0.0,0.0,5017.19,MGR013,2023-10-23 09:00:00
TXN00004509,EMP0109,Sales,Regional Director,2023-10-23,13192.84,5.8,665.5,13858.34,MGR009,2023-10-23 12:00:00
TXN00004510,EMP0110,HR,HR Coord,2023-10-23,4615.95,0.0,0.0,4615.95,MGR014,2023-10-23 11:00:00
TXN00004511,EMP0111,HR,HR Coord,2023-10-23,4364.79,2.5,93.21,4458.0,MGR014,2023-10-23 13:00:00
TXN00004512,EMP0112,Engineering,Engineering Manager,2023-10-23,8883.38,0.0,0.0,8883.38,MGR013,2023-10-23 09:00:00
TXN00004513,EMP0113,HR,HR Manager,2023-10-23,9372.03,0.0,0.0,9372.03,MGR014,2023-10-23 17:00:00
TXN00004514,EMP0114,Marketing,Marketing Specialist,2023-10-23,6390.94,0.0,0.0,6390.94,MGR019,2023-10-23 08:00:00
TXN00004515,EMP0115,Operations,Operations Manager,2023-10-23,11983.42,0.0,0.0,11983.42,MGR019,2023-10-23 14:00:00
TXN00004516,EMP0116,Sales,Sales Manager,2023-10-23,11442.95,0.0,0.0,11442.95,MGR009,2023-10-23 14:00:00
TXN00004517,EMP0117,Sales,Sales Manager,2023-10-23,10673.75,0.0,0.0,10673.75,MGR009,2023-10-23 17:00:00
TXN00004518,EMP0118,Marketing,Marketing Coord,2023-10-23,3852.51,1.7,57.9,3910.41,MGR019,2023-10-23 16:00:00
TXN00004519,EMP0119,Finance,Analyst,2023-10-23,4641.47,1.9,75.3,4716.77,MGR017,2023-10-23 12:00:00
TXN00004520,EMP0120,HR,HR Coord,2023-10-23,4188.6,0.0,0.0,4188.6,MGR014,2023-10-23 17:00:00
TXN00004521,EMP0121,Marketing,Marketing Coord,2023-10-23,5185.24,5.4,240.26,5425.5,MGR019,2023-10-23 08:00:00
TXN00004522,EMP0122,Engineering,Senior Dev,2023-10-23,7953.97,0.4,26.04,7980.0,MGR013,2023-10-23 10:00:00
TXN00004523,EMP0123,Marketing,Marketing Coord,2023-10-23,3855.55,1.1,36.16,3891.72,MGR019,2023-10-23 15:00:00
TXN00004524,EMP0124,HR,HR Manager,2023-10-23,11224.71,0.0,0.0,11224.71,MGR014,2023-10-23 15:00:00
TXN00004525,EMP0125,HR,HR Manager,2023-10-23,12873.62,0.0,0.0,12873.62,MGR014,2023-10-23 08:00:00
TXN00004526,EMP0126,Engineering,Tech Lead,2023-10-23,8476.43,0.0,0.0,8476.43,MGR013,2023-10-23 11:00:00
TXN00004527,EMP0127,Engineering,Senior Dev,2023-10-23,7780.49,1.6,106.76,7887.24,MGR013,2023-10-23 16:00:00
TXN00004528,EMP0128,Engineering,Junior Dev,2023-10-23,4229.37,0.4,16.1,4245.47,MGR013,2023-10-23 12:00:00
TXN00004529,EMP0129,Sales,Sales Manager,2023-10-23,12272.22,0.0,0.0,12272.22,MGR009,2023-10-23 11:00:00
TXN00004530,EMP0130,HR,HR Coord,2023-10-23,4070.73,0.0,0.98,4071.7,MGR014,2023-10-23 08:00:00
TXN00004531,EMP0131,Marketing,Marketing Coord,2023-10-23,4717.41,1.1,46.58,4763.99,MGR019,2023-10-23 17:00:00
TXN00004532,EMP0132,Operations,Operations Lead,2023-10-23,8194.28,0.0,0.0,8194.28,MGR019,2023-10-23 16:00:00
TXN00004533,EMP0133,Finance,Finance Manager,2023-10-23,12169.82,0.0,0.0,12169.82,MGR017,2023-10-23 16:00:00
TXN00004534,EMP0134,Engineering,Engineering Manager,2023-10-23,11431.86,0.0,0.0,11431.86,MGR013,2023-10-23 11:00:00
TXN00004535,EMP0135,Engineering,Junior Dev,2023-10-23,4439.85,0.0,0.0,4439.85,MGR013,2023-10-23 17:00:00
TXN00004536,EMP0136,Sales,Sales Manager,2023-10-23,12130.79,0.0,0.0,12130.79,MGR009,2023-10-23 10:00:00
TXN00004537,EMP0137,Operations,Operations Lead,2023-10-23,11085.71,0.0,0.0,11085.71,MGR019,2023-10-23 08:00:00
TXN00004538,EMP0138,Operations,Operations Lead,2023-10-23,9145.04,2.4,186.23,9331.26,MGR019,2023-10-23 13:00:00
TXN00004539,EMP0139,Engineering,Junior Dev,2023-10-23,5400.48,1.5,68.63,5469.1,MGR013,2023-10-23 11:00:00
TXN00004540,EMP0140,Operations,Operations Analyst,2023-10-23,5845.28,0.1,6.95,5852.23,MGR019,2023-10-23 08:00:00
TXN00004541,EMP0141,Engineering,Tech Lead,2023-10-23,9965.7,0.0,0.0,9965.7,MGR013,2023-10-23 10:00:00
TXN00004542,EMP0142,HR,HR Coord,2023-10-23,3825.33,1.8,60.69,3886.02,MGR014,2023-10-23 09:00:00
TXN00004543,EMP0143,Sales,Sales Rep,2023-10-23,4482.67,6.6,254.59,4737.26,MGR009,2023-10-23 12:00:00
TXN00004544,EMP0144,Marketing,Marketing Coord,2023-10-23,4099.11,5.2,184.06,4283.17,MGR019,2023-10-23 14:00:00
TXN00004545,EMP0145,Sales,Senior Sales,2023-10-23,6775.07,1.5,88.12,6863.2,MGR009,2023-10-23 13:00:00
TXN00004546,EMP0146,Engineering,Tech Lead,2023-10-23,7593.55,0.0,0.0,7593.55,MGR013,2023-10-23 14:00:00
TXN00004547,EMP0147,Finance,Senior Analyst,2023-10-23,7749.31,1.5,102.82,7852.13,MGR017,2023-10-23 14:00:00
TXN00004548,EMP0148,Sales,Senior Sales,2023-10-23,6368.3,2.1,115.78,6484.09,MGR009,2023-10-23 17:00:00
TXN00004549,EMP0149,Engineering,Senior Dev,2023-10-23,7545.98,0.0,0.0,7545.98,MGR013,2023-10-23 11:00:00
TXN00004550,EMP0150,Finance,Senior Analyst,2023-10-23,7169.19,2.0,125.55,7294.74,MGR017,2023-10-23 16:00:00
TXN00004551,EMP0151,Sales,Sales Rep,2023-10-23,3988.07,0.0,0.0,3988.07,MGR009,2023-10-23 08:00:00
TXN00004552,EMP0152,Engineering,Engineering Manager,2023-10-23,10752.42,0.0,0.0,10752.42,MGR013,2023-10-23 09:00:00
TXN00004553,EMP0153,Sales,Regional Director,2023-10-23,15937.52,0.9,123.3,16060.82,MGR009,2023-10-23 09:00:00
TXN00004554,EMP0154,Marketing,Marketing Coord,2023-10-23,4071.82,0.0,0.0,4071.82,MGR019,2023-10-23 16:00:00
TXN00004555,EMP0155,Engineering,Senior Dev,2023-10-23,7631.91,0.7,49.52,7681.44,MGR013,2023-10-23 12:00:00
TXN00004556,EMP0156,Marketing,Marketing Specialist,2023-10-23,5341.01,4.9,225.36,5566.36,MGR019,2023-10-23 16:00:00
TXN00004557,EMP0157,Marketing,Marketing Specialist,2023-10-23,5319.42,14.5,668.39,5987.82,MGR019,2023-10-23 17:00:00
TXN00004558,EMP0158,HR,HR Specialist,2023-10-23,6403.6,4.8,264.33,6667.92,MGR014,2023-10-23 13:00:00
TXN00004559,EMP0159,HR,HR Specialist,2023-10-23,5325.04,2.0,93.69,5418.73,MGR014,2023-10-23 13:00:00
TXN00004560,EMP0160,Engineering,Tech Lead,2023-10-23,8027.45,0.0,0.0,8027.45,MGR013,2023-10-23 12:00:00
TXN00004561,EMP0161,HR,HR Specialist,2023-10-23,5912.38,0.0,0.0,5912.38,MGR014,2023-10-23 11:00:00
TXN00004562,EMP0162,Engineering,Engineering Manager,2023-10-23,10741.56,0.0,0.0,10741.56,MGR013,2023-10-23 17:00:00
TXN00004563,EMP0163,Operations,Operations Lead,2023-10-23,10681.51,0.0,0.65,10682.16,MGR019,2023-10-23 11:00:00
TXN00004564,EMP0164,HR,HR Manager,2023-10-23,10759.08,0.0,0.0,10759.08,MGR014,2023-10-23 15:00:00
TXN00004565,EMP0165,Finance,Senior Analyst,2023-10-23,6822.06,0.4,21.39,13686.9,MGR017,2023-10-23 14:00:00
TXN00004566,EMP0166,Engineering,Engineering Manager,2023-10-23,10329.97,0.0,0.0,10329.97,MGR013,2023-10-23 17:00:00
TXN00004567,EMP0167,HR,HR Manager,2023-10-23,8443.36,0.0,0.0,8443.36,MGR014,2023-10-23 08:00:00
TXN00004568,EMP0168,Operations,Operations Manager,2023-10-23,8507.85,0.0,0.0,8507.85,MGR019,2023-10-23 12:00:00
TXN00004569,EMP0169,Sales,Sales Manager,2023-10-23,12001.08,0.0,0.0,12001.08,MGR009,2023-10-23 10:00:00
TXN00004570,EMP0170,Engineering,Tech Lead,2023-10-23,8739.09,0.0,0.0,8739.09,MGR013,2023-10-23 14:00:00
TXN00004571,EMP0171,Marketing,Marketing Manager,2023-10-23,10355.85,0.0,0.0,10355.85,MGR019,2023-10-23 16:00:00
TXN00004572,EMP0172,Operations,Operations Lead,2023-10-23,8203.79,0.0,0.0,8203.79,MGR019,2023-10-23 09:00:00
TXN00004573,EMP0173,Marketing,Marketing Manager,2023-10-23,10216.3,0.0,0.0,10216.3,MGR019,2023-10-23 16:00:00
TXN00004574,EMP0174,Marketing,Marketing Specialist,2023-10-23,5657.52,5.2,253.34,5910.86,MGR019,2023-10-23 09:00:00
TXN00004575,EMP0175,Marketing,Marketing Manager,2023-10-23,10147.26,0.0,0.0,10147.26,MGR019,2023-10-23 16:00:00
TXN00004576,EMP0176,Sales,Regional Director,2023-10-23,14435.8,1.2,154.14,14589.94,MGR009,2023-10-23 12:00:00
TXN00004577,EMP0177,Finance,Senior Analyst,2023-10-23,7282.5,0.4,24.58,7307.08,MGR017,2023-10-23 13:00:00
TXN00004578,EMP0178,HR,HR Specialist,2023-10-23,4991.01,2.6,114.04,5105.05,MGR014,2023-10-23 09:00:00
TXN00004579,EMP0179,HR,HR Coord,2023-10-23,3544.49,1.9,59.36,3603.85,MGR014,2023-10-23 16:00:00
TXN00004580,EMP0180,Marketing,Marketing Coord,2023-10-23,4740.4,3.1,126.08,4866.47,MGR019,2023-10-23 12:00:00
TXN00004581,EMP0181,HR,HR Manager,2023-10-23,10222.67,0.0,0.0,10222.67,MGR014,2023-10-23 16:00:00
TXN00004582,EMP0182,Marketing,Marketing Specialist,2023-10-23,5600.16,1.4,69.83,5669.99,MGR019,2023-10-23 17:00:00
TXN00004583,EMP0183,Finance,Senior Analyst,2023-10-23,8022.91,2.9,204.26,8227.18,MGR017,2023-10-23 12:00:00
TXN00004584,EMP0184,Finance,Senior Analyst,2023-10-23,8944.23,0.0,0.0,8944.23,MGR017,2023-10-23 15:00:00
TXN00004585,EMP0185,Engineering,Tech Lead,2023-10-23,8023.94,0.0,0.0,8023.94,MGR013,2023-10-23 14:00:00
TXN00004586,EMP0186,Operations,Operations Manager,2023-10-23,8678.83,0.0,0.0,8678.83,MGR019,2023-10-23 17:00:00
TXN00004587,EMP0187,Marketing,Marketing Coord,2023-10-23,4910.109138343295,9.0,287.34,5197.449138343295,MGR019,2023-10-23 15:00:00
TXN00004588,EMP0188,Operations,Operations Lead,2023-10-23,7854.94,2.8,188.4,8043.34,MGR019,2023-10-23 11:00:00
TXN00004589,EMP0189,Sales,Senior Sales,2023-10-23,7604.22,6.7,442.65,8046.86,MGR009,2023-10-23 13:00:00
TXN00004590,EMP0190,Engineering,Senior Dev,2023-10-23,7679.73,3.3,220.65,7900.38,MGR013,2023-10-23 15:00:00
TXN00004591,EMP0191,HR,HR Coord,2023-10-23,3730.25,0.0,0.0,3730.25,MGR014,2023-10-23 15:00:00
TXN00004592,EMP0192,Finance,Senior Analyst,2023-10-23,8043.48,0.1,8.22,8051.7,MGR017,2023-10-23 17:00:00
TXN00004593,EMP0193,Operations,Operations Lead,2023-10-23,10249.22,0.0,0.0,10249.22,MGR019,2023-10-23 08:00:00
TXN00004594,EMP0194,Finance,Senior Analyst,2023-10-23,6496.16,0.4,23.29,6519.45,MGR017,2023-10-23 15:00:00
TXN00004595,EMP0195,Operations,Operations Manager,2023-10-23,11904.32,0.0,0.0,11904.32,MGR019,2023-10-23 09:00:00
TXN00004596,EMP0196,Engineering,Engineering Manager,2023-10-23,12006.46,0.0,0.0,12006.46,MGR013,2023-10-23 12:00:00
TXN00004597,EMP0197,Sales,Regional Director,2023-10-23,13496.4,1.6,191.07,13687.46,MGR009,2023-10-23 09:00:00
TXN00004598,EMP0198,HR,HR Coord,2023-10-23,4323.24,0.0,0.0,4323.24,MGR014,2023-10-23 14:00:00
TXN00004599,EMP0199,Finance,Senior Analyst,2023-10-23,7877.94,0.0,0.0,7877.94,MGR017,2023-10-23 11:00:00
TXN00004600,EMP0200,Operations,Operations Manager,2023-10-23,11749.49,0.0,0.0,11749.49,MGR019,2023-10-23 11:00:00
TXN00004601,EMP0001,Operations,Operations Analyst,2023-11-22,5509.53,0.0,0.0,5509.53,MGR019,2023-11-22 13:00:00
TXN00004602,EMP0002,Operations,Operations Lead,2023-11-22,9841.05,0.5,42.65,9883.7,MGR019,2023-11-22 14:00:00
TXN00004603,EMP0003,Sales,Senior Sales,2023-11-22,6221.04,0.0,0.0,6221.04,MGR009,2023-11-22 13:00:00
TXN00004604,EMP0004,Operations,Operations Manager,2023-11-22,9555.93,0.0,0.0,9555.93,MGR019,2023-11-22 16:00:00
TXN00004605,EMP0005,Engineering,Engineering Manager,2023-11-22,11100.7,0.0,0.0,11100.7,MGR013,2023-11-22 16:00:00
TXN00004606,EMP0006,Engineering,Junior Dev,2023-11-22,4351.95,0.0,0.0,4351.95,MGR013,2023-11-22 08:00:00
TXN00004607,EMP0007,Sales,Sales Rep,2023-11-22,4859.16,0.7,29.9,4889.06,MGR009,2023-11-22 12:00:00
TXN00004608,EMP0008,Sales,Regional Director,2023-11-22,11731.85,0.7,75.57,11807.41,MGR009,2023-11-22 11:00:00
TXN00004609,EMP0009,Finance,Finance Manager,2023-11-22,9764.7,0.0,0.0,9764.7,MGR017,2023-11-22 12:00:00
TXN00004610,EMP0010,Sales,Regional Director,2023-11-22,12894.02,0.0,0.0,12894.02,MGR009,2023-11-22 09:00:00
TXN00004611,EMP0011,Marketing,Marketing Coord,2023-11-22,4135.09,4.7,168.67,4303.76,MGR019,2023-11-22 14:00:00
TXN00004612,EMP0012,Marketing,Marketing Coord,2023-11-22,3799.77,0.0,0.0,3799.77,MGR019,2023-11-22 13:00:00
TXN00004613,EMP0013,Finance,Analyst,2023-11-22,5381.41,0.8,36.23,5417.64,MGR017,2023-11-22 09:00:00
TXN00004614,EMP0014,Marketing,Marketing Manager,2023-11-22,9388.76,0.0,0.0,9388.76,MGR019,2023-11-22 16:00:00
TXN00004615,EMP0015,Engineering,Engineering Manager,2023-11-22,10337.47,0.0,0.0,10337.47,MGR013,2023-11-22 10:00:00
TXN00004616,EMP0016,Engineering,Engineering Manager,2023-11-22,10474.68,0.0,0.0,10474.68,MGR013,2023-11-22 15:00:00
TXN00004617,EMP0017,HR,HR Specialist,2023-11-22,5395.52,0.0,0.0,5395.52,MGR014,2023-11-22 13:00:00
TXN00004618,EMP0018,HR,HR Specialist,2023-11-22,6806.67,3.8,225.12,7031.78,MGR014,2023-11-22 13:00:00
TXN00004619,EMP0019,Sales,Sales Rep,2023-11-22,4156.24,0.3,10.86,4167.1,MGR009,2023-11-22 11:00:00
TXN00004620,EMP0020,Operations,Operations Analyst,2023-11-22,5491.77,0.0,0.0,5491.77,MGR019,2023-11-22 17:00:00
TXN00004621,EMP0021,Engineering,Senior Dev,2023-11-22,6337.25,1.4,74.39,6411.63,MGR013,2023-11-22 12:00:00
TXN00004622,EMP0022,Finance,Finance Manager,2023-11-22,9664.68,0.0,0.0,9664.68,MGR017,2023-11-22 10:00:00
TXN00004623,EMP0023,Operations,Operations Lead,2023-11-22,8677.93,3.5,266.42,8944.35,MGR019,2023-11-22 11:00:00
TXN00004624,EMP0024,Marketing,Marketing Specialist,2023-11-22,5327.61,5.5,252.96,5580.57,MGR019,2023-11-22 15:00:00
TXN00004625,EMP0025,Operations,Operations Lead,2023-11-22,8975.51,3.0,235.93,9211.44,MGR019,2023-11-22 11:00:00
TXN00004626,EMP0026,Operations,Operations Manager,2023-11-22,12600.78,0.0,0.0,12600.78,MGR019,2023-11-22 11:00:00
TXN00004627,EMP0027,HR,HR Manager,2023-11-22,13014.25,0.0,0.0,13014.25,MGR014,2023-11-22 11:00:00
TXN00004628,EMP0028,HR,HR Manager,2023-11-22,11875.28,0.0,0.0,11875.28,MGR014,2023-11-22 12:00:00
TXN00004629,EMP0029,Sales,Regional Director,2023-11-22,11348.67,6.7,661.49,12010.16,MGR009,2023-11-22 11:00:00
TXN00004630,EMP0030,Marketing,Marketing Manager,2023-11-22,8684.42,0.0,0.0,8684.42,MGR019,2023-11-22 11:00:00
TXN00004631,EMP0031,HR,HR Coord,2023-11-22,3891.72,0.0,0.0,3891.72,MGR014,2023-11-22 11:00:00
TXN00004632,EMP0032,Marketing,Marketing Coord,2023-11-22,4484.93,0.8,30.44,4515.37,MGR019,2023-11-22 11:00:00
TXN00004633,EMP0033,Engineering,Tech Lead,2023-11-22,8587.39,0.0,0.0,8587.39,MGR013,2023-11-22 17:00:00
TXN00004634,EMP0034,Marketing,Marketing Coord,2023-11-22,3850.71,5.2,174.94,4025.66,MGR019,2023-11-22 13:00:00
TXN00004635,EMP0035,HR,HR Manager,2023-11-22,9869.11,0.0,0.0,9869.11,MGR014,2023-11-22 10:00:00
TXN00004636,EMP0036,Sales,Regional Director,2023-11-22,14237.79,0.0,0.0,14237.79,MGR009,2023-11-22 09:00:00
TXN00004637,EMP0037,Operations,Operations Lead,2023-11-22,8275.66,3.1,220.82,8496.48,MGR019,2023-11-22 09:00:00
TXN00004638,EMP0038,Marketing,Marketing Coord,2023-11-22,4547.26,0.3,13.66,4560.92,MGR019,2023-11-22 09:00:00
TXN00004639,EMP0039,Operations,Operations Manager,2023-11-22,10954.57,0.0,0.0,10954.57,MGR019,2023-11-22 15:00:00
TXN00004640,EMP0040,Marketing,Marketing Manager,2023-11-22,9598.62,0.0,0.0,9598.62,MGR019,2023-11-22 17:00:00
TXN00004641,EMP0041,Finance,Controller,2023-11-22,13631.32,0.0,0.0,13631.32,MGR017,2023-11-22 08:00:00
TXN00004642,EMP0042,Sales,Senior Sales,2023-11-22,6548.4,0.0,0.0,6548.4,MGR009,2023-11-22 16:00:00
TXN00004643,EMP0043,Finance,Analyst,2023-11-22,4795.53,10.8,449.89,5245.42,MGR017,2023-11-22 08:00:00
TXN00004644,EMP0044,Engineering,Senior Dev,2023-11-22,7801.12,0.0,0.0,7801.12,MGR013,2023-11-22 15:00:00
TXN00004645,EMP0045,Sales,Regional Director,2023-11-22,15087.19,0.1,16.39,15103.58,MGR009,2023-11-22 13:00:00
TXN00004646,EMP0046,Engineering,Engineering Manager,2023-11-22,9386.42,0.0,0.0,9386.42,MGR013,2023-11-22 17:00:00
TXN00004647,EMP0047,HR,HR Specialist,2023-11-22,6140.56,0.3,16.93,6157.49,MGR014,2023-11-22 13:00:00
TXN00004648,EMP0048,Marketing,Marketing Manager,2023-11-22,11348.61,0.0,0.0,11348.61,MGR019,2023-11-22 15:00:00
TXN00004649,EMP0049,Operations,Operations Manager,2023-11-22,10413.0,0.0,0.0,10413.0,MGR019,2023-11-22 17:00:00
TXN00004650,EMP0050,Operations,Operations Manager,2023-11-22,8475.73,0.0,0.0,8475.73,MGR019,2023-11-22 12:00:00
TXN00004651,EMP0051,Operations,Operations Lead,2023-11-22,8038.62,9.7,673.16,8711.78,MGR019,2023-11-22 15:00:00
TXN00004652,EMP0052,Marketing,Marketing Specialist,2023-11-22,5324.96,4.8,223.45,5548.41,MGR019,2023-11-22 10:00:00
TXN00004653,EMP0053,Finance,Analyst,2023-11-22,5776.99,1.2,61.48,5838.47,MGR017,2023-11-22 16:00:00
TXN00004654,EMP0054,Operations,Operations Lead,2023-11-22,9246.61,2.0,157.28,9403.89,MGR019,2023-11-22 12:00:00
TXN00004655,EMP0055,Sales,Sales Rep,2023-11-22,4055.4,3.0,105.19,4160.58,MGR009,2023-11-22 14:00:00
TXN00004656,EMP0056,Marketing,Marketing Manager,2023-11-22,9397.26,0.0,0.0,9397.26,MGR019,2023-11-22 11:00:00
TXN00004657,EMP0057,HR,HR Coord,2023-11-22,4940.74,10.1,432.43,5373.17,MGR014,2023-11-22 17:00:00
TXN00004658,EMP0058,Marketing,Marketing Coord,2023-11-22,4632.85,2.0,78.91,4711.76,MGR019,2023-11-22 10:00:00
TXN00004659,EMP0059,HR,HR Coord,2023-11-22,4391.67,1.8,67.98,4459.65,MGR014,2023-11-22 08:00:00
TXN00004660,EMP0060,Marketing,Marketing Specialist,2023-11-22,6353.27,1.7,94.34,6447.61,MGR019,2023-11-22 16:00:00
TXN00004661,EMP0061,Engineering,Tech Lead,2023-11-22,10811.75,0.0,0.0,10811.75,MGR013,2023-11-22 14:00:00
TXN00004662,EMP0062,Sales,Sales Rep,2023-11-22,4176.52,4.0,143.07,4319.59,MGR009,2023-11-22 15:00:00
TXN00004663,EMP0063,HR,HR Coord,2023-11-22,3739.19,5.4,173.9,3913.09,MGR014,2023-11-22 16:00:00
TXN00004664,EMP0064,Operations,Operations Lead,2023-11-22,10674.03,2.8,260.6,10934.63,MGR019,2023-11-22 08:00:00
TXN00004665,EMP0065,HR,HR Coord,2023-11-22,3485.37,1.4,41.77,3527.14,MGR014,2023-11-22 16:00:00
TXN00004666,EMP0066,Operations,Operations Lead,2023-11-22,8672.28,1.1,84.78,8757.06,MGR019,2023-11-22 13:00:00
TXN00004667,EMP0067,Sales,Sales Manager,2023-11-22,8948.71,0.0,0.0,8948.71,MGR009,2023-11-22 14:00:00
TXN00004668,EMP0068,HR,HR Specialist,2023-11-22,6299.01,3.4,187.91,6486.93,MGR014,2023-11-22 10:00:00
TXN00004669,EMP0069,HR,HR Manager,2023-11-22,10795.65,0.0,0.0,10795.65,MGR014,2023-11-22 15:00:00
TXN00004670,EMP0070,Sales,Sales Manager,2023-11-22,10977.25,0.0,0.0,10977.25,MGR009,2023-11-22 09:00:00
TXN00004671,EMP0071,Operations,Operations Manager,2023-11-22,11742.36,0.0,0.0,11742.36,MGR019,2023-11-22 16:00:00
TXN00004672,EMP0072,Finance,Controller,2023-11-22,11907.85,0.0,0.0,11907.85,MGR017,2023-11-22 15:00:00
TXN00004673,EMP0073,Sales,Senior Sales,2023-11-22,6441.24,0.0,0.0,6441.24,MGR009,2023-11-22 13:00:00
TXN00004674,EMP0074,Marketing,Marketing Coord,2023-11-22,4266.93,2.6,97.66,4364.58,MGR019,2023-11-22 08:00:00
TXN00004675,EMP0075,HR,HR Coord,2023-11-22,3464.27,0.0,0.0,3464.27,MGR014,2023-11-22 08:00:00
TXN00004676,EMP0076,Sales,Sales Rep,2023-11-22,4965.61,7.1,303.89,5269.49,MGR009,2023-11-22 11:00:00
TXN00004677,EMP0077,Operations,Operations Manager,2023-11-22,9171.93,0.0,0.0,9171.93,MGR019,2023-11-22 14:00:00
TXN00004678,EMP0078,Sales,Sales Rep,2023-11-22,5064.91,39.30971314015868,1722.9821467562401,6787.8921467562395,MGR009,2023-11-22 17:00:00
TXN00004679,EMP0079,Marketing,Marketing Coord,2023-11-22,4532.56,0.0,0.0,4532.56,MGR019,2023-11-22 09:00:00
TXN00004680,EMP0080,Sales,Sales Manager,2023-11-22,9838.75,0.0,0.0,9838.75,MGR009,2023-11-22 13:00:00
TXN00004681,EMP0081,Finance,Senior Analyst,2023-11-22,6995.72,0.1,8.82,7004.54,MGR017,2023-11-22 13:00:00
TXN00004682,EMP0082,Sales,Regional Director,2023-11-22,14093.38,0.0,0.0,14093.38,MGR009,2023-11-22 17:00:00
TXN00004683,EMP0083,Finance,Controller,2023-11-22,11415.72,0.0,0.0,11415.72,MGR017,2023-11-22 12:00:00
TXN00004684,EMP0084,Engineering,Junior Dev,2023-11-22,4337.7,0.7,24.92,4362.63,MGR013,2023-11-22 10:00:00
TXN00004685,EMP0085,Finance,Finance Manager,2023-11-22,8923.43,0.0,0.0,8923.43,MGR017,2023-11-22 16:00:00
TXN00004686,EMP0086,Finance,Controller,2023-11-22,12270.85,0.0,0.0,12270.85,MGR017,2023-11-22 12:00:00
TXN00004687,EMP0087,Engineering,Junior Dev,2023-11-22,4674.43,0.0,0.0,4674.43,MGR013,2023-11-22 11:00:00
TXN00004688,EMP0088,Finance,Finance Manager,2023-11-22,10604.43,0.0,0.0,10604.43,MGR017,2023-11-22 12:00:00
TXN00004689,EMP0089,Sales,Senior Sales,2023-11-22,7486.15,0.0,0.0,7486.15,MGR009,2023-11-22 15:00:00
TXN00004690,EMP0090,HR,HR Specialist,2023-11-22,6199.09,1.6,84.44,6283.53,MGR014,2023-11-22 17:00:00
TXN00004691,EMP0091,Finance,Senior Analyst,2023-11-22,6591.18,3.9,224.75,6815.93,MGR017,2023-11-22 13:00:00
TXN00004692,EMP0092,Finance,Senior Analyst,2023-11-22,8736.74,0.6,42.73,8779.47,MGR017,2023-11-22 13:00:00
TXN00004693,EMP0093,Finance,Analyst,2023-11-22,4894.09,1.0,43.51,4937.6,MGR017,2023-11-22 10:00:00
TXN00004694,EMP0094,Operations,Operations Manager,2023-11-22,11594.89,0.0,0.0,11594.89,MGR019,2023-11-22 15:00:00
TXN00004695,EMP0095,Engineering,Senior Dev,2023-11-22,7052.01,1.0,60.98,7112.99,MGR013,2023-11-22 14:00:00
TXN00004696,EMP0096,Finance,Controller,2023-11-22,11717.78,0.0,0.0,11717.78,MGR017,2023-11-22 11:00:00
TXN00004697,EMP0097,Sales,Regional Director,2023-11-22,15462.52,0.4,54.49,15517.01,MGR009,2023-11-22 14:00:00
TXN00004698,EMP0098,Sales,Regional Director,2023-11-22,12561.59,0.0,0.0,12561.59,MGR009,2023-11-22 13:00:00
TXN00004699,EMP0099,Finance,Finance Manager,2023-11-22,12220.41,0.0,0.0,12220.41,MGR017,2023-11-22 13:00:00
TXN00004700,EMP0100,Marketing,Marketing Specialist,2023-11-22,6612.31,4.5,258.66,6870.96,MGR019,2023-11-22 14:00:00
TXN00004701,EMP0101,Operations,Operations Manager,2023-11-22,10528.67,0.0,0.0,10528.67,MGR019,2023-11-22 12:00:00
TXN00004702,EMP0102,Operations,Operations Lead,2023-11-22,8989.25,3.4,266.98,9256.23,MGR019,2023-11-22 15:00:00
TXN00004703,EMP0103,Sales,Sales Manager,2023-11-22,10360.5,0.0,0.0,10360.5,MGR009,2023-11-22 10:00:00
TXN00004704,EMP0104,Engineering,Junior Dev,2023-11-22,4175.23,0.0,0.0,4175.23,MGR013,2023-11-22 17:00:00
TXN00004705,EMP0105,Engineering,Junior Dev,2023-11-22,3797.97,1.0,33.48,3831.45,MGR013,2023-11-22 10:00:00
TXN00004706,EMP0106,Finance,Senior Analyst,2023-11-22,7469.34,3.6,235.76,7705.11,MGR017,2023-11-22 17:00:00
TXN00004707,EMP0107,HR,HR Coord,2023-11-22,4211.49,1.4,51.2,4262.7,MGR014,2023-11-22 11:00:00
TXN00004708,EMP0108,Engineering,Junior Dev,2023-11-22,5017.19,0.0,0.0,5017.19,MGR013,2023-11-22 09:00:00
TXN00004709,EMP0109,Sales,Regional Director,2023-11-22,13192.84,1.1,123.99,13316.83,MGR009,2023-11-22 12:00:00
TXN00004710,EMP0110,HR,HR Coord,2023-11-22,4615.95,0.0,0.0,4615.95,MGR014,2023-11-22 11:00:00
TXN00004711,EMP0111,HR,HR Coord,2023-11-22,4364.79,0.9,32.94,4397.73,MGR014,2023-11-22 16:00:00
TXN00004712,EMP0112,Engineering,Engineering Manager,2023-11-22,8883.38,0.0,0.0,8883.38,MGR013,2023-11-22 14:00:00
TXN00004713,EMP0113,HR,HR Manager,2023-11-22,9372.03,0.0,0.0,9372.03,MGR014,2023-11-22 14:00:00
TXN00004714,EMP0114,Marketing,Marketing Specialist,2023-11-22,6390.94,0.0,0.0,6390.94,MGR019,2023-11-22 11:00:00
TXN00004715,EMP0115,Operations,Operations Manager,2023-11-22,11983.42,0.0,0.0,11983.42,MGR019,2023-11-22 10:00:00
TXN00004716,EMP0116,Sales,Sales Manager,2023-11-22,11442.95,0.0,0.0,11442.95,MGR009,2023-11-22 10:00:00
TXN00004717,EMP0117,Sales,Sales Manager,2023-11-22,10673.75,0.0,0.0,10673.75,MGR009,2023-11-22 15:00:00
TXN00004718,EMP0118,Marketing,Marketing Coord,2023-11-22,3852.51,0.0,0.0,3852.51,MGR019,2023-11-22 08:00:00
TXN00004719,EMP0119,Finance,Analyst,2023-11-22,4641.47,1.6,65.77,4707.24,MGR017,2023-11-22 10:00:00
TXN00004720,EMP0120,HR,HR Coord,2023-11-22,4188.6,1.4,51.34,4239.94,MGR014,2023-11-22 14:00:00
TXN00004721,EMP0121,Marketing,Marketing Coord,2023-11-22,5185.24,0.2,7.23,5192.47,MGR019,2023-11-22 15:00:00
TXN00004722,EMP0122,Engineering,Senior Dev,2023-11-22,7953.97,1.7,118.34,8072.31,MGR013,2023-11-22 10:00:00
TXN00004723,EMP0123,Marketing,Marketing Coord,2023-11-22,3855.55,5.1,169.46,4025.02,MGR019,2023-11-22 16:00:00
TXN00004724,EMP0124,HR,HR Manager,2023-11-22,11224.71,0.0,0.0,11224.71,MGR014,2023-11-22 16:00:00
TXN00004725,EMP0125,HR,HR Manager,2023-11-22,12873.62,0.0,0.0,25747.24,MGR014,2023-11-22 13:00:00
TXN00004726,EMP0126,Engineering,Tech Lead,2023-11-22,8476.43,0.0,0.0,8476.43,MGR013,2023-11-22 15:00:00
TXN00004727,EMP0127,Engineering,Senior Dev,2023-11-22,7780.49,1.0,68.66,7849.14,MGR013,2023-11-22 12:00:00
TXN00004728,EMP0128,Engineering,Junior Dev,2023-11-22,4229.37,3.9,143.98,4373.35,MGR013,2023-11-22 12:00:00
TXN00004729,EMP0129,Sales,Sales Manager,2023-11-22,12272.22,0.0,0.0,12272.22,MGR009,2023-11-22 16:00:00
TXN00004730,EMP0130,HR,HR Coord,2023-11-22,4070.73,0.5,17.54,4088.27,MGR014,2023-11-22 17:00:00
TXN00004731,EMP0131,Marketing,Marketing Coord,2023-11-22,4717.41,16.4,670.31,5387.72,MGR019,2023-11-22 08:00:00
TXN00004732,EMP0132,Operations,Operations Lead,2023-11-22,8194.28,0.5,34.39,8228.67,MGR019,2023-11-22 14:00:00
TXN00004733,EMP0133,Finance,Finance Manager,2023-11-22,12169.82,0.0,0.0,12169.82,MGR017,2023-11-22 09:00:00
TXN00004734,EMP0134,Engineering,Engineering Manager,2023-11-22,11431.86,0.0,0.0,11431.86,MGR013,2023-11-22 10:00:00
TXN00004735,EMP0135,Engineering,Junior Dev,2023-11-22,4439.85,0.0,0.0,4439.85,MGR013,2023-11-22 08:00:00
TXN00004736,EMP0136,Sales,Sales Manager,2023-11-22,12130.79,0.0,0.0,12130.79,MGR009,2023-11-22 11:00:00
TXN00004737,EMP0137,Operations,Operations Lead,2023-11-22,11085.71,1.4,136.56,11222.27,MGR019,2023-11-22 12:00:00
TXN00004738,EMP0138,Operations,Operations Lead,2023-11-22,9145.04,3.4,268.53,9413.57,MGR019,2023-11-22 15:00:00
TXN00004739,EMP0139,Engineering,Junior Dev,2023-11-22,5400.48,2.6,120.7,5521.17,MGR013,2023-11-22 09:00:00
TXN00004740,EMP0140,Operations,Operations Analyst,2023-11-22,5845.28,0.6,32.22,5877.5,MGR019,2023-11-22 15:00:00
TXN00004741,EMP0141,Engineering,Tech Lead,2023-11-22,9965.7,0.0,0.0,9965.7,MGR013,2023-11-22 13:00:00
TXN00004742,EMP0142,HR,HR Coord,2023-11-22,3825.33,8.3,274.48,4099.81,MGR014,2023-11-22 12:00:00
TXN00004743,EMP0143,Sales,Sales Rep,2023-11-22,4482.67,3.3,126.95,4609.63,MGR009,2023-11-22 13:00:00
TXN00004744,EMP0144,Marketing,Marketing Coord,2023-11-22,4099.11,0.4,14.46,4113.57,MGR019,2023-11-22 13:00:00
TXN00004745,EMP0145,Sales,Senior Sales,2023-11-22,6775.07,1.1,64.1,6839.17,MGR009,2023-11-22 16:00:00
TXN00004746,EMP0146,Engineering,Tech Lead,2023-11-22,7593.55,0.0,0.0,7593.55,MGR013,2023-11-22 16:00:00
TXN00004747,EMP0147,Finance,Senior Analyst,2023-11-22,7749.31,0.6,38.46,7787.77,MGR017,2023-11-22 12:00:00
TXN00004748,EMP0148,Sales,Senior Sales,2023-11-22,6368.3,0.0,0.0,6368.3,MGR009,2023-11-22 13:00:00
TXN00004749,EMP0149,Engineering,Senior Dev,2023-11-22,7545.98,2.4,159.86,7705.84,MGR013,2023-11-22 08:00:00
TXN00004750,EMP0150,Finance,Senior Analyst,2023-11-22,7169.19,2.1,131.47,7300.66,MGR017,2023-11-22 14:00:00
TXN00004751,EMP0151,Sales,Sales Rep,2023-11-22,3988.07,1.1,38.93,4026.99,MGR009,2023-11-22 09:00:00
TXN00004752,EMP0152,Engineering,Engineering Manager,2023-11-22,10752.42,0.0,0.0,10752.42,MGR013,2023-11-22 13:00:00
TXN00004753,EMP0153,Sales,Regional Director,2023-11-22,15937.52,0.0,0.0,15937.52,MGR009,2023-11-22 17:00:00
TXN00004754,EMP0154,Marketing,Marketing Coord,2023-11-22,4071.82,0.3,10.86,4082.67,MGR019,2023-11-22 11:00:00
TXN00004755,EMP0155,Engineering,Senior Dev,2023-11-22,7631.91,0.0,0.0,7631.91,MGR013,2023-11-22 17:00:00
TXN00004756,EMP0156,Marketing,Marketing Specialist,2023-11-22,5341.01,2.4,111.13,5452.14,MGR019,2023-11-22 17:00:00
TXN00004757,EMP0157,Marketing,Marketing Specialist,2023-11-22,5319.42,0.4,18.57,5337.99,MGR019,2023-11-22 16:00:00
TXN00004758,EMP0158,HR,HR Specialist,2023-11-22,6403.6,2.2,123.81,6527.41,MGR014,2023-11-22 10:00:00
TXN00004759,EMP0159,HR,HR Specialist,2023-11-22,5325.04,1.8,83.12,5408.16,MGR014,2023-11-22 12:00:00
TXN00004760,EMP0160,Engineering,Tech Lead,2023-11-22,8027.45,0.0,0.0,8027.45,MGR013,2023-11-22 13:00:00
TXN00004761,EMP0161,HR,HR Specialist,2023-11-22,5912.38,0.0,0.0,5912.38,MGR014,2023-11-22 13:00:00
TXN00004762,EMP0162,Engineering,Engineering Manager,2023-11-22,10741.56,0.0,0.0,10741.56,MGR013,2023-11-22 16:00:00
TXN00004763,EMP0163,Operations,Operations Lead,2023-11-22,10681.51,3.6,336.41,11017.92,MGR019,2023-11-22 15:00:00
TXN00004764,EMP0164,HR,HR Manager,2023-11-22,10759.08,0.0,0.0,10759.08,MGR014,2023-11-22 15:00:00
TXN00004765,EMP0165,Finance,Senior Analyst,2023-11-22,6822.06,0.5,29.34,6851.4,MGR017,2023-11-22 09:00:00
TXN00004766,EMP0166,Engineering,Engineering Manager,2023-11-22,10329.97,0.0,0.0,10329.97,MGR013,2023-11-22 14:00:00
TXN00004767,EMP0167,HR,HR Manager,2023-11-22,8443.36,0.0,0.0,8443.36,MGR014,2023-11-22 17:00:00
TXN00004768,EMP0168,Operations,Operations Manager,2023-11-22,8507.85,0.0,0.0,8507.85,MGR019,2023-11-22 12:00:00
TXN00004769,EMP0169,Sales,Sales Manager,2023-11-22,12001.08,0.0,0.0,12001.08,MGR009,2023-11-22 15:00:00
TXN00004770,EMP0170,Engineering,Tech Lead,2023-11-22,8739.09,0.0,0.0,8739.09,MGR013,2023-11-22 10:00:00
TXN00004771,EMP0171,Marketing,Marketing Manager,2023-11-22,10355.85,0.0,0.0,10355.85,MGR019,2023-11-22 10:00:00
TXN00004772,EMP0172,Operations,Operations Lead,2023-11-22,8203.79,0.0,0.0,8203.79,MGR019,2023-11-22 13:00:00
TXN00004773,EMP0173,Marketing,Marketing Manager,2023-11-22,10216.3,0.0,0.0,10216.3,MGR019,2023-11-22 14:00:00
TXN00004774,EMP0174,Marketing,Marketing Specialist,2023-11-22,5657.52,0.0,0.0,5657.52,MGR019,2023-11-22 17:00:00
TXN00004775,EMP0175,Marketing,Marketing Manager,2023-11-22,10147.26,74.54510995084628,6546.016838075404,16693.276838075406,MGR019,2023-11-22 17:00:00
TXN00004776,EMP0176,Sales,Regional Director,2023-11-22,14435.8,5.9,736.46,15172.26,MGR009,2023-11-22 14:00:00
TXN00004777,EMP0177,Finance,Senior Analyst,2023-11-22,7282.5,11.9,749.62,8032.12,MGR017,2023-11-22 09:00:00
TXN00004778,EMP0178,HR,HR Specialist,2023-11-22,4991.01,4.7,204.42,5195.43,MGR014,2023-11-22 09:00:00
TXN00004779,EMP0179,HR,HR Coord,2023-11-22,3544.49,0.6,18.65,3563.14,MGR014,2023-11-22 10:00:00
TXN00004780,EMP0180,Marketing,Marketing Coord,2023-11-22,4740.4,0.0,0.0,4740.4,MGR019,2023-11-22 13:00:00
TXN00004781,EMP0181,HR,HR Manager,2023-11-22,10222.67,0.0,0.0,10222.67,MGR014,2023-11-22 11:00:00
TXN00004782,EMP0182,Marketing,Marketing Specialist,2023-11-22,5600.16,3.2,155.62,5755.78,MGR019,2023-11-22 13:00:00
TXN00004783,EMP0183,Finance,Senior Analyst,2023-11-22,8022.91,2.8,196.92,8219.84,MGR017,2023-11-22 13:00:00
TXN00004784,EMP0184,Finance,Senior Analyst,2023-11-22,8944.23,1.3,97.36,9041.58,MGR017,2023-11-22 12:00:00
TXN00004785,EMP0185,Engineering,Tech Lead,2023-11-22,8023.94,0.0,0.0,8023.94,MGR013,2023-11-22 12:00:00
TXN00004786,EMP0186,Operations,Operations Manager,2023-11-22,8678.83,0.0,0.0,8678.83,MGR019,2023-11-22 17:00:00
TXN00004787,EMP0187,Marketing,Marketing Coord,2023-11-22,3689.3,2.2,70.43,3759.73,MGR019,2023-11-22 14:00:00
TXN00004788,EMP0188,Operations,Operations Lead,2023-11-22,7854.94,0.0,0.0,7854.94,MGR019,2023-11-22 12:00:00
TXN00004789,EMP0189,Sales,Senior Sales,2023-11-22,7604.22,1.6,108.37,7712.59,MGR009,2023-11-22 15:00:00
TXN00004790,EMP0190,Engineering,Senior Dev,2023-11-22,7679.73,0.1,5.34,7685.07,MGR013,2023-11-22 13:00:00
TXN00004791,EMP0191,HR,HR Coord,2023-11-22,3730.25,11.2,361.28,4091.52,MGR014,2023-11-22 17:00:00
TXN00004792,EMP0192,Finance,Senior Analyst,2023-11-22,8043.48,0.0,0.0,8043.48,MGR017,2023-11-22 16:00:00
TXN00004793,EMP0193,Operations,Operations Lead,2023-11-22,10249.22,2.7,235.81,10485.03,MGR019,2023-11-22 15:00:00
TXN00004794,EMP0194,Finance,Senior Analyst,2023-11-22,6496.16,0.0,0.0,6496.16,MGR017,2023-11-22 14:00:00
TXN00004795,EMP0195,Operations,Operations Manager,2023-11-22,11904.32,0.0,0.0,11904.32,MGR019,2023-11-22 10:00:00
TXN00004796,EMP0196,Engineering,Engineering Manager,2023-11-22,12006.46,0.0,0.0,12006.46,MGR013,2023-11-22 10:00:00
TXN00004797,EMP0197,Sales,Regional Director,2023-11-22,13496.4,0.0,0.0,13496.4,MGR009,2023-11-22 08:00:00
TXN00004798,EMP0198,HR,HR Coord,2023-11-22,4323.24,0.2,8.26,4331.49,MGR014,2023-11-22 10:00:00
TXN00004799,EMP0199,Finance,Senior Analyst,2023-11-22,7877.94,4.4,301.76,8179.71,MGR017,2023-11-22 11:00:00
TXN00004800,EMP0200,Operations,Operations Manager,2023-11-22,11749.49,0.0,0.0,11749.49,MGR019,2023-11-22 12:00:00
